PuzzleId,FEN,Moves,Rating,RatingDeviation,Popularity,NbPlays,Themes,GameUrl,OpeningTags
0TVRn,3r1rk1/5Npp/1Q3p2/4p3/5n2/P4P2/1Pq2P1P/3RR1K1 w - - 3 26,d1d8 c2g6 f7g5 g6g5 g1f1 g5g2,1878,74,95,11874,fork long mate mateIn3 middlegame,https://lichess.org/RdKFO1H2#51,
02NlV,2krr3/ppq3pb/2p4p/4p2P/4N1P1/1P2Q3/P1P2P2/1K1R3R b - - 2 24,d8d4 d1d4 e5d4 e4d6 c7d6 e3e8,1469,75,81,289,crushing discoveredAttack long middlegame queensideAttack,https://lichess.org/uTyxamBO/black#48,
0EBtm,r5k1/6bp/p1p3p1/3p1pqn/1P6/2NP2Pb/2P2P1P/R1B1Q1K1 b - - 1 19,g7c3 e1e6 g8h8 c1g5,1424,75,90,2608,advantage kingsideAttack middlegame short,https://lichess.org/WuMpqVzb/black#38,Sicilian_Defense Sicilian_Defense_Bowdler_Attack
04WhM,8/5p2/3p3p/8/4p1P1/2k1P3/r1P1KP2/2R5 w - - 1 39,f2f3 a2c2 c1c2 c3c2,932,78,98,431,advantage endgame rookEndgame short,https://lichess.org/IRNhmEMZ#77,
03Cdz,r1b1rnk1/pp1n1p1p/4p1pP/3pP3/3Q1P2/2N3q1/PPPKB1P1/R6R b - - 2 18,b7b6 e2f3 c8a6 h1h3 g3h3 g2h3,2237,77,94,647,advantage long middlegame trappedPiece,https://lichess.org/TTUYdZJy/black#36,French_Defense French_Defense_Knight_Variation
0F84a,r2k3r/pppbn1pp/5p2/1Nb1p3/2B1P3/8/PPP2PPP/R1BR2K1 b - - 7 11,a7a6 c4e6 c5d6 b5d6,1638,76,94,15513,advantage middlegame pin short,https://lichess.org/TEg4pDng/black#22,Scotch_Game Scotch_Game_Other_variations
04jgc,1r4k1/p3bppp/2rpb3/q1nnp3/2N1P3/P3BP2/1PB1Q1PP/1R1R2K1 b - - 0 21,a5c7 e4d5 e6d5 d1d5,1420,75,95,31936,advantage fork middlegame short,https://lichess.org/8DW0ffqs/black#42,
0XsaW,3r1n1r/p7/3pB3/1k4Rp/1N1pP3/8/PPP3PP/6K1 b - - 2 29,b5b4 a2a3 b4a4 e6b3,1362,74,95,13273,endgame mate mateIn2 short,https://lichess.org/o5CfVJKE/black#58,
08wTC,5k2/pR3pp1/3N3p/3n4/8/5P1P/P5PK/4r3 b - - 0 33,e1e2 b7b8 f8e7 b8e8 e7d6 e8e2,2069,79,90,743,crushing endgame long skewer,https://lichess.org/wcpbqFOj/black#66,
07WtY,6k1/6pp/p7/1pb5/2pp4/P6P/1PP2PPK/RB2r3 b - - 2 24,c4c3 b1a2 g8f8 a1e1,1340,75,95,27630,advantage discoveredAttack endgame short,https://lichess.org/ZdIa2rNq/black#48,
08Gpb,2rq3k/p3b1pp/1p1p1r2/2pQ4/4PB2/2P3P1/P1P4P/3R1RK1 w - - 3 21,f4g5 f6f1 d1f1 e7g5,676,92,86,748,advantage discoveredAttack kingsideAttack middlegame short,https://lichess.org/qDFAiIqJ#41,
0Av17,5nk1/pp4r1/4p1BQ/3p2nP/3P2p1/1KN1P2q/PP3R2/8 b - - 10 33,h3e3 f2f8 g8f8 h6h8 f8e7 h8g7,1495,76,100,436,attraction crushing deflection exposedKing long master middlegame sacrifice,https://lichess.org/0QWqw6KZ/black#66,
0R6Go,rn3rk1/pp4p1/2pp1q1p/4p3/4p2b/2NP4/PPPBN3/R1QK2R1 w - - 4 17,c3e4 f6f1 d2e1 h4e1 g1f1 f8f1,1952,76,80,183,advantage long opening,https://lichess.org/TChN6Txa#33,Kings_Pawn_Game Kings_Pawn_Game_Leonardis_Variation
062su,8/8/4k3/2p3R1/3bBp2/4rP1P/2P1K1P1/8 w - - 3 39,e2d2 d4c3 d2c1 e3e1,976,77,99,2594,endgame mate mateIn2 short,https://lichess.org/BfEBtcBG#77,
08WoA,1n1q1rk1/Q1b2p1p/2p1p3/2Pp4/1P2n1p1/4PN2/P3BPPP/1RR3K1 w - - 0 18,f3d4 c7h2 g1h2 d8h4 h2g1 h4f2,1957,75,92,2892,attraction crushing kingsideAttack long master middlegame sacrifice,https://lichess.org/3n6uPkxc#35,Queens_Pawn_Game Queens_Pawn_Game_Zukertort_Variation
08MRH,r5k1/ppq4p/3b2pB/n2P1p2/2p1r3/2Q2N2/PP3PPP/R4RK1 w - - 0 20,f3g5 d6h2 g1h1 e4h4 g2g3 h2g3,2127,85,90,1134,advantage discoveredAttack kingsideAttack long middlegame,https://lichess.org/Rz6S98Ks#39,
0K9xB,2r2rk1/p4ppp/1p3n2/2qpR1Bb/3N1P2/1B6/PP4PP/R2Q2K1 w - - 1 21,d1c2 c5d4 c2f2 d4f2 g1f2 f6g4,1415,75,95,6318,attraction crushing hangingPiece kingsideAttack long middlegame,https://lichess.org/awYAL2sx#41,
0Btl1,5r1k/2P3bp/pN4p1/8/Q1P1p3/5rPq/2R2P2/1R4K1 w - - 0 34,c7c8q f3g3 f2g3 g7d4 c2f2 d4f2,2088,74,95,9726,long mate mateIn3 middlegame sacrifice,https://lichess.org/ZjsKXCw9#67,
09Ljh,2rqr1k1/p4ppp/2b5/4pQb1/6P1/2N5/PPPP1PP1/R1B2RK1 w - - 5 17,d2d3 g5c1 a1c1 g7g6 f5c8 d8c8,2122,75,87,134,advantage long middlegame trappedPiece,https://lichess.org/uMH8oj06#33,Italian_Game Italian_Game_Two_Knights_Defense
0D7tY,1r2r1k1/2Q3pp/p7/1p1R4/4R3/7P/Pq3PP1/6K1 w - - 0 29,d5f5 b2b1 g1h2 b1e4,1284,77,95,13379,crushing endgame fork short,https://lichess.org/qW62xiNf#57,
0Oqw6,rn1qk2r/ppp2pp1/3p1bbp/8/3NP1PP/2NB1P2/PPP5/R2QK2R b KQkq - 1 11,f6d4 d3b5 c7c6 d1d4 d8f6 d4f6,1779,76,88,927,advantage discoveredAttack long opening,https://lichess.org/WoOBo4kL/black#22,Philidor_Defense Philidor_Defense_Exchange_Variation
0ZK1A,2rqk2r/pQ1b1pbp/2n1pp2/1B1N4/3P4/4P3/PP3PPP/R3K1NR w KQk - 0 12,b5c6 d7c6 b7e7 d8e7 d5e7 e8e7,1300,76,80,609,advantage long opening,https://lichess.org/ORESaVub#23,Slav_Defense Slav_Defense_Exchange_Variation
01A3W,4r3/pp5p/5k2/2p1r3/3p4/PP1P4/3KR2P/5R2 b - - 1 31,f6e6 e2e5 e6e5 f1e1 e5d6 e1e8,1010,83,89,731,attraction crushing endgame exposedKing long rookEndgame skewer,https://lichess.org/vvUxsteN/black#62,
0DhAD,r2qr1k1/ppp2ppp/5n2/4nQ2/8/2N4P/PPB2PP1/3R1RK1 b - - 1 19,d8e7 c3d5 e7d6 d5f6 d6f6 f5h7,1571,75,95,973,advantage kingsideAttack long middlegame,https://lichess.org/Tu8Ym1KZ/black#38,
0Plxl,2r2rk1/1pq2p1p/p3p1p1/2npP3/5P2/2N1P2R/PPQ3PP/2R3K1 b - - 1 19,c5e4 c3e4 d5e4 c2c7 c8c7 c1c7,1255,75,88,275,advantage discoveredAttack long middlegame,https://lichess.org/LeYjAJB8/black#38,
0Gkxw,2k2b1r/p4Rp1/2pq4/8/3rn3/4N3/PP2Q1P1/R1B3K1 w - - 1 20,e2a6 c8d8 a6a5 d8e8,1134,77,98,2490,advantage middlegame short,https://lichess.org/dtCdNWi2#39,
0Cb7u,6rk/5p2/4p3/3p1q2/3P1p1p/2P2PrP/4RQP1/6RK w - - 2 42,e2e5 g3h3 g2h3 f5h3 f2h2 h3f3 g1g2 h4h3 e5h5 f3h5 g2g8 h8g8,1919,74,92,2195,crushing deflection endgame sacrifice veryLong,https://lichess.org/4GsPFdAW#83,
0BFOF,6k1/6P1/4PPK1/1q6/4N3/8/8/8 b - - 4 88,b5e8 f6f7 e8f7 e6f7,830,76,100,105,advancedPawn endgame fork mate mateIn2 short,https://lichess.org/7zWACAyZ/black#176,
0BRsf,8/1k3pb1/3p4/Pb1p3p/1N1P1P2/4B1P1/6K1/8 w - - 0 48,b4d5 b5c6 g2h3 c6d5,1154,79,93,1538,crushing endgame pin short,https://lichess.org/xpLg4iyh#95,
0O2qR,r3r1k1/pp1n1ppp/2p5/q7/1b1PB1bB/5N2/PPP2PPP/R2Q1RK1 w - - 1 13,e4h7 g8h7 f3g5 a5g5 h4g5 g4d1,2050,75,85,194,advantage hangingPiece long middlegame,https://lichess.org/iZXYt0Gr#25,Scandinavian_Defense Scandinavian_Defense_Boehnke_Gambit
08mzT,7r/3P1p2/pp6/4k3/PP2P3/6Kp/7R/8 b - - 0 41,e5e4 h2e2 e4d3 e2e8,1979,74,94,10920,crushing endgame rookEndgame short,https://lichess.org/bd3XExHy/black#82,
03NmB,2r3rk/Qp1q3p/5n2/3pnp2/4pN2/PNP4P/1P3PP1/3R1RK1 w - - 5 24,a7d4 e5f3 g1h1 f3d4,882,85,93,248,crushing master middlegame pin short,https://lichess.org/iXQvBdqA#47,
0Cu1y,8/5k2/7R/1p6/p2RKPP1/P2P4/1Pr5/4r3 w - - 8 41,e4f5 c2c5 d4d5 c5d5,895,75,99,747,endgame mate mateIn2 rookEndgame short,https://lichess.org/WHiQ7QPF#81,
0Mvhm,r1bq1rk1/pp3ppp/3p4/3Pp2n/3bP1P1/2NB1P2/PP5P/R1BQ1K1R b - - 0 12,c8g4 f3g4 d8f6 f1g2 h5f4 c1f4,1904,78,92,4865,advantage hangingPiece long middlegame,https://lichess.org/iSA4Uweq/black#24,Sicilian_Defense Sicilian_Defense_Alapin_Variation
0PQNg,2r5/pp1k1ppp/4pn2/3p4/3P4/5B1P/PBr2PP1/1R3RK1 w - - 3 21,f1c1 c2b2 b1b2 c8c1,1410,74,99,920,advantage capturingDefender deflection discoveredAttack middlegame short,https://lichess.org/WGS1Vgbe#41,
04Rjh,r1bq1rk1/p2nbppp/8/2p1B3/3pN3/5N2/PPP2PPP/R2QR1K1 w - - 2 14,e4d6 d7e5 d6c8 e5f3 d1f3 a8c8,1729,75,96,666,advantage long opening,https://lichess.org/tapzkgkU#27,Sicilian_Defense Sicilian_Defense_Nyezhmetdinov-Rossolimo_Attack
09ebs,2r2r2/3q1pkp/3p2p1/pp1Pp1Q1/2P3P1/1P3PNP/P1b5/R4RK1 b - - 1 22,b5c4 g3h5 g7g8 h5f6,1285,75,95,28635,crushing middlegame pin short,https://lichess.org/7pNWvHlg/black#44,
06RYV,3r2k1/p4p1p/4p1p1/4P1R1/3KB2P/2P3R1/r7/8 w - - 6 33,d4c4 a2a4 c4b3 a4e4,969,79,93,121,crushing endgame short skewer,https://lichess.org/jouHRyYm#65,
046Rc,r4rk1/ppp2ppp/3p4/3q4/1P1b1P1n/3BB1RP/P4P1K/R2Q4 b - - 1 21,d4a1 d3h7 g8h7 d1d5,1382,76,95,26136,advantage discoveredAttack kingsideAttack middlegame short,https://lichess.org/2237ZlNf/black#42,
0DvDI,2r1r1k1/pp3pp1/1q5p/8/1n6/1P4PP/PQ3PB1/1R1R2K1 w - - 4 24,a2a3 c8c2 b2d4 e8e1 g1h2 b6d4 d1d4 e1b1,1718,78,100,109,advantage middlegame veryLong,https://lichess.org/liCAM89P#47,
0I79d,r4kr1/1bpB3p/4pq2/8/1b6/2N2NP1/1BP1QP1P/2KR3R w - - 1 18,c3e4 a8a1 b2a1 f6a1,1579,75,96,11998,mate mateIn2 middlegame queensideAttack sacrifice short xRayAttack,https://lichess.org/EeaBRJ51#35,Kings_Pawn Kings_Pawn_Other_variations
07HUa,r4rk1/1b2qpp1/p3p3/1p2N2p/1P1PNn2/P3nB1P/3Q2P1/2R2RK1 b - - 5 30,e3f1 d2f4 b7e4 f3e4,1543,75,94,5078,advantage hangingPiece middlegame short,https://lichess.org/UCXuiyX7/black#60,
04dLQ,r4r1k/6pp/8/8/1p2Q3/P2PB3/1Pq2PPP/RN4K1 w - - 0 22,e4b4 c2d1 b4e1 d1e1,980,81,96,3917,mate mateIn2 middlegame short,https://lichess.org/mcDDxWde#43,
0JfJY,r4r2/1b1p3Q/pp3kB1/8/5q2/P1P3PP/P4P2/3R2K1 b - - 0 24,f4f3 d1d6 f6e5 h7e7,1195,76,94,12530,mate mateIn2 middlegame short,https://lichess.org/MTpYHy0V/black#48,
0ZadC,8/3k4/6n1/4PK2/1p1N4/1P5p/8/8 w - - 0 56,d4f3 g6h4 f3h4 h3h2,1487,76,95,20868,advancedPawn crushing endgame knightEndgame sacrifice short,https://lichess.org/ar1pkZ0b#111,
0ARwj,r7/p3pp1N/1pn3k1/2p2b1R/4r3/1P3KP1/P1P1B3/R7 b - - 6 24,e4e2 h5g5 g6h7 a1h1 e2h2 h1h2 f5h3 h2h3,2109,76,94,9190,exposedKing mate mateIn4 middlegame sacrifice veryLong,https://lichess.org/nD0Qw21Z/black#48,
054x7,r2n4/pbp1N2k/1p2p2p/8/4P3/3B2R1/PPP5/1K6 b - - 7 27,h7h8 g3g8 h8h7 e4e5 b7e4 d3e4,1067,75,97,4070,discoveredAttack endgame exposedKing long mate mateIn3,https://lichess.org/lc6bnBNr/black#54,
00ZPK,5r2/R2R1pk1/P7/5pp1/8/1KP5/5r2/8 b - - 0 44,g5g4 d7f7 f8f7 a7f7 g7f7 a6a7,899,98,94,1101,advancedPawn advantage endgame long master rookEndgame sacrifice,https://lichess.org/Y6yYxIcG/black#88,
0PCG2,5rk1/pp3ppp/1qp5/8/2PrP3/P1Q2P2/1P4PP/3R2K1 w - - 0 30,c3d4 f8d8 d4b6 d8d1 g1f2 a7b6,1810,75,94,1899,crushing endgame intermezzo long sacrifice skewer,https://lichess.org/emgAnslO#59,
0HnDV,r2q1rk1/ppp3p1/2n1p2p/3p1p1b/2PPn3/1P2PN1P/P3BPP1/R2QBRK1 w - - 0 14,f3d2 e4c3 e2h5 c3d1,1658,75,89,801,advantage opening short,https://lichess.org/CuJrtCNc#27,Queens_Gambit_Declined Queens_Gambit_Declined_Baltic_Defense
07Dtq,2k3r1/pp3p2/1p1p3p/4P3/1P2P3/P4q2/3Q1PrP/2RR1K2 b - - 2 25,c8b8 d2d6 b8a8 d6d8 g8d8 d1d8,978,87,94,2734,backRankMate endgame long mate mateIn3 sacrifice,https://lichess.org/AwgWW6In/black#50,
05VnQ,8/8/pp1p1k1p/2pP2p1/2P1K1P1/1P5P/P7/8 w - - 0 45,e4e3 f6e5 a2a3 b6b5 e3d3 b5c4,2390,79,93,5777,crushing endgame long pawnEndgame zugzwang,https://lichess.org/g1bw2R9j#89,
0CqZj,4Q1k1/6pp/p3p1B1/1p1b4/2pN2q1/6P1/P4r1P/4R1K1 b - - 1 30,f2f8 g6f7 g8h8 e8f8,1165,78,94,11041,deflection mate mateIn2 middlegame short,https://lichess.org/CctYkzxh/black#60,
0GBv8,2rr2k1/5p1p/2pq2p1/1p6/p2B2P1/Pb3PNP/1P1Q3K/2R1R3 b - - 0 29,d6d4 e1e8 d8e8 d2d4,1176,76,97,5009,crushing deflection middlegame short,https://lichess.org/zYZKp01v/black#58,
0LqbZ,7r/r2kpQ1p/q2p2n1/2n2RP1/1pNN4/1P6/P1P1P3/1K1R4 w - - 6 32,e2e4 a6a2 b1c1 a2a1 c1d2 a1d4,1961,77,92,321,advantage interference long middlegame queensideAttack,https://lichess.org/Kkme74ax#63,
0NDvC,2b2rk1/Rq1n1pp1/2pPpn1p/1pB1N3/8/1PP5/2P1QPPP/6K1 b - - 2 20,b7b8 e5c6 c8b7 c6b8,1806,74,97,331,advantage middlegame short trappedPiece,https://lichess.org/nV0wqdYB/black#40,
09xde,r2q1k1r/pbp2pb1/1p1p4/4nP1p/5B2/2NB3P/PPP2P1K/R2QR3 w - - 2 17,f4e5 g7e5 e1e5 d6e5,868,80,100,269,advantage middlegame short,https://lichess.org/WvMN2wY9#33,Philidor_Defense Philidor_Defense_Exchange_Variation
0GYZd,r2q2k1/pppb1pbp/4p1p1/3nPn2/8/P4N1Q/1PPN1PPP/2KR1B1R w - - 7 15,g2g4 d5f4 g4f5 f4h3,1416,75,87,1502,advantage middlegame short trappedPiece,https://lichess.org/tFSO8VDE#29,French_Defense French_Defense_Other_variations
0D22W,r1bqk2r/1pp2pp1/p1np1n1p/2bNp3/2B1P3/3P4/PPPN1PPP/R1BQ1RK1 b kq - 1 8,c8g4 d5f6 d8f6 d1g4,1128,75,83,1914,advantage opening short,https://lichess.org/QSWLtxL8/black#16,Three_Knights_Opening Three_Knights_Opening_Other_variations
08yCD,Q7/5R2/8/8/5p2/7p/5kp1/7K w - - 0 46,h1h2 g2g1q h2h3 g1g3,976,75,98,1062,advancedPawn endgame mate mateIn2 promotion short,https://lichess.org/Edwq2gZQ#91,
06fev,7k/ppp3p1/5pQp/8/8/1P6/PB1q1PPP/4rRK1 w - - 4 27,b2f6 e1f1 g1f1 d2d1,949,77,98,4927,attraction endgame mate mateIn2 short,https://lichess.org/thIHBaIX#53,
0R6Ua,4rrk1/3q2pp/2n2p2/2Pp1P2/BP2bQn1/2P5/PB5P/3R1RK1 b - - 1 33,g4e5 f4e4 d5e4 d1d7 e5d7 a4c6,1612,75,90,232,advantage capturingDefender long middlegame,https://lichess.org/D7Lopxds/black#66,
09b5I,r4r2/bpk2pp1/2p4p/p1N5/P1Qp2q1/2P5/1P3PP1/3RR1K1 b - - 7 22,a8d8 e1e7 c7c8 d1e1 a7c5 c4c5,2795,104,92,1300,clearance crushing long middlegame quietMove,https://lichess.org/sqQu94Ye/black#44,
0JP13,r2qkb1r/pp3ppp/4p3/3p3b/2Pn2n1/1PNB1N1P/P4P2/R1BQK2R w KQkq - 0 11,h3g4 h5g4 d3e2 d4e2,1942,76,87,611,advantage opening short,https://lichess.org/NiU0P46o#21,Queens_Pawn_Game Queens_Pawn_Game_Anti-Torre
03Vlf,1kr5/1p1q1pp1/p2bb2p/8/3N4/3QP3/PP1B1PPP/3R2K1 w - - 0 24,d4e6 d6h2 g1h2 d7d3,1289,76,92,1431,advantage discoveredAttack kingsideAttack middlegame short,https://lichess.org/V39aF5sj#47,
07ATC,1k3rn1/ppp2qb1/4p1p1/3nP1B1/3PN1p1/P5N1/1PPQ2P1/2KR4 w - - 8 24,d1f1 f7f1 g3f1 f8f1 d2d1 f1d1,860,103,92,420,advantage long master middlegame queensideAttack,https://lichess.org/LjhFlk7h#47,
0YPCM,1r2k2r/Q3p1bp/3qp1p1/3n4/8/2N5/PPP3PP/R1BR3K w k - 3 18,c1f4 d6f4 c3d5 e6d5,1452,82,83,139,advantage hangingPiece middlegame short,https://lichess.org/UwyDyTwX#35,Blackmar-Diemer_Gambit Blackmar-Diemer_Gambit_Fritz_Attack
0LEQK,1r3bk1/R4p1p/p3p1p1/2P1P3/2P2PP1/P7/4N2P/6K1 w - - 1 28,c5c6 f8c5 g1g2 c5a7,1314,73,95,29882,crushing endgame fork short,https://lichess.org/d69elkjy#55,
0Y5SI,2k4r/1p3Qp1/2p3p1/q3b1Pn/P1P5/1B5P/1P3P2/2KR4 b - - 0 28,h8d8 f7e6 c8b8 d1d8 a5d8 e6e5,1541,75,91,226,advantage deflection long middlegame queensideAttack,https://lichess.org/pCFTvPHD/black#56,
0PEzD,r1b2rk1/pp2ppbp/2Rp1np1/3N4/q7/1N2B1P1/PP2PPBP/3Q1RK1 b - - 0 13,b7c6 d5e7 g8h8 g2c6,1588,75,95,12108,crushing discoveredAttack master middlegame short,https://lichess.org/vru6EINn/black#26,Kings_Indian_Defense Kings_Indian_Defense_Fianchetto_Variation
03f4f,r1b2rk1/p3ppbp/2pp2P1/8/2B1n3/2N5/PqPB2PP/R2Q1R1K b - - 0 13,e4c3 c4f7 f8f7 g6f7,2504,91,81,360,advancedPawn advantage kingsideAttack opening short,https://lichess.org/LWdqoK3e/black#26,Sicilian_Defense Sicilian_Defense_Other_variations
0APM3,r3k1r1/1q1p4/p3p3/1pb4p/2nN1pP1/P6Q/1PP1N1P1/R3R1K1 b q - 1 21,g8g4 h3h5 e8d8 h5g4,1026,76,98,2849,advantage fork master middlegame short,https://lichess.org/0sTGMLyB/black#42,
00iQH,2r2r2/p4p1k/4q2N/3pn1p1/4p1RQ/2P1P2P/PP4P1/5RK1 w - - 1 27,h6f7 g5h4 f7g5 h7h6 g5e6 f8f1 g1f1 e5g4,2103,76,94,331,advantage kingsideAttack middlegame veryLong,https://lichess.org/aa99iASm#53,
0Cnkb,1r3r1k/4RPp1/4N3/3p4/2p3p1/6P1/5P1P/3n2K1 b - - 4 36,c4c3 e6f8 b8f8 e7e8 h8h7 e8f8,1258,74,99,767,advantage attraction endgame long pin,https://lichess.org/jUeBC7R8/black#72,
08u5M,r4rk1/3nqppp/p3p3/2pN3b/1P6/P4N1P/2P2PP1/R2QR1K1 b - - 0 18,e7d6 d5f6 d7f6 d1d6,1130,76,96,1090,advantage discoveredAttack middlegame short,https://lichess.org/vnoohJrI/black#36,Zukertort_Opening Zukertort_Opening_Lemberger_Gambit
0JogA,r7/pppb4/3p2k1/4p3/3PPp2/2P4r/P1PKB3/6RR b - - 1 26,g6h6 h1h3 d7h3 g1h1,1030,85,87,393,advantage clearance endgame pin short,https://lichess.org/i3VszZAd/black#52,
0UDsf,1R6/2p1q1kp/3p1r2/1p1P4/1Q6/1P4P1/P4P2/6K1 w - - 5 38,b8b5 e7e2 b4d4 e2b5,1748,71,94,11435,advantage endgame short,https://lichess.org/hZ0YZ0Ji#75,
0A1Jy,r1bqr1k1/ppp1nppp/2n5/b2p2N1/2BPP3/B4Q2/P4PPP/RN3RK1 b - - 1 11,d5c4 f3f7 g8h8 f7h5 h7h6 g5f7,1771,74,93,1150,advantage kingsideAttack long opening,https://lichess.org/ySkprrqc/black#22,Italian_Game Italian_Game_Evans_Gambit
07dFi,k3r3/pp1N4/5pr1/P2pp2p/1PqP2BP/2P3Q1/6K1/R1B5 w - - 0 27,d7b6 a7b6 c1g5 h5g4 a5b6 a8b8,2360,82,86,288,advantage defensiveMove long middlegame,https://lichess.org/Z22EHuvt#53,
0B2wJ,r3k2r/pp1bq3/1bn2n1p/5pp1/5Q2/2NP1N2/PP1BBPPP/2R2RK1 w kq - 0 18,f4c4 c6a5 c3d5 a5c4 d5e7 c4d2,2130,77,90,1309,advantage long middlegame trappedPiece,https://lichess.org/T9Ad5yaA#35,Sicilian_Defense Sicilian_Defense_Staunton-Cochrane_Variation
0Sbpl,rnbqk1nr/pp3pbp/3p2p1/3Np3/2BpP3/5Q2/PPP2PPP/R1B1K1NR b KQkq - 3 8,g8f6 c1g5 b8d7 c4b5 e8g8 b5d7 f6d5 g5d8,1942,76,93,1487,advantage opening veryLong,https://lichess.org/Sm3dFqV9/black#16,Sicilian_Defense Sicilian_Defense_Closed
09IR3,r1b1k1nr/pppp1ppp/8/4P3/8/2Q5/P1P1KPPP/RNq2B1R b kq - 3 11,g8h6 b1d2 c1a1 c3a1,1640,73,96,25288,advantage middlegame quietMove short trappedPiece,https://lichess.org/XnoQlz24/black#22,Scotch_Game Scotch_Game_Other_variations
021YZ,1r4r1/p1kq1p2/3pb3/p2Bp2p/2P3np/P1QPP1P1/5P2/1R2R1K1 b - - 4 23,e6d5 c4d5 c7d8 b1b8,1167,76,91,749,crushing discoveredAttack middlegame short,https://lichess.org/wa6BKyGB/black#46,
01nj2,2r2r2/6k1/p3p1bp/4P1b1/1p1P4/2P1N1B1/PP1K2P1/4R2R w - - 0 34,h1f1 b4c3 b2c3 g5e3 e1e3 f8f1,2050,77,92,7589,advantage long middlegame,https://lichess.org/ySWi8zV7#67,
0WROt,r6r/ppp3p1/1k2B2p/2bPp3/1qP5/8/PPQ3PP/R1K4R b - - 2 23,c5d4 a2a3 b4b2 c2b2 d4b2 c1b2,1519,75,86,128,advantage exposedKing long middlegame,https://lichess.org/PRhFexXX/black#46,
09WMe,r2q1rk1/pb3ppp/1pp2n2/8/8/2NB3R/PPP2PPP/R2Q2K1 b - - 4 15,d8c7 d3h7 f6h7 d1h5 f7f6 h5h7,1397,74,93,3918,crushing kingsideAttack long middlegame sacrifice,https://lichess.org/Le2rrbKb/black#30,Scotch_Game Scotch_Game_Classical_Variation
0Brt6,rnb1kb1r/ppp2ppp/5n2/3p4/3Pq3/3BN3/PPP2PPP/RNBQK2R b KQkq - 1 7,e4d4 d3b5 c7c6 d1d4,1027,76,90,126,crushing discoveredAttack opening short,https://lichess.org/KepNoevY/black#14,Russian_Game Russian_Game_Other_variations
0I76Y,6k1/1b2P1p1/pqn4p/1p1B4/1P4nP/P1P3N1/3r2P1/3RK2R b K - 0 27,g8h7 d5e4 g7g6 e4g6 h7g6 e7e8q,2183,82,91,451,advancedPawn attraction crushing long middlegame promotion,https://lichess.org/2WB8wpzB/black#54,
08HTe,8/pp2NQpk/7p/4q3/8/1P5P/P3nPPK/8 w - - 7 40,h2h1 e5a1 h1h2 a1g1,1289,75,95,18582,endgame mate mateIn2 short,https://lichess.org/5XDsrxMQ#79,
0KfsO,6k1/5pp1/7p/1P6/4p3/4Q1P1/q1r1PP1P/1R4K1 w - - 1 32,e3b3 c2c1 b1c1 a2b3,1445,77,95,16174,advantage deflection endgame short,https://lichess.org/9cxpNFRf#63,
0EYYy,1r2r1k1/p4p1p/3p2p1/2pPq3/2P5/1P4KP/P5B1/1R1Q1R2 w - - 1 31,g3f2 e5e3,1139,79,92,7847,dovetailMate mate mateIn1 middlegame oneMove,https://lichess.org/sbt2pOZq#61,
00l68,3k2Q1/q7/3pB1p1/2pP1p2/2P2P2/rp2PK1P/8/8 b - - 2 37,d8c7 g8c8 c7b6 c8c6 b6a5 c6b5,1327,76,96,12228,endgame long mate mateIn3,https://lichess.org/jJLdwY9R/black#74,
09h5f,1r4k1/p2n3p/5n2/5Np1/4p3/4P1P1/P3q1BP/Q4RK1 w - - 1 26,f5e7 g8f7 e7c6 b8b2 a1b2 e2b2,1768,75,96,745,advantage defensiveMove long middlegame,https://lichess.org/9quWNetV#51,
0KYnK,3qr1k1/6p1/1p2r2p/p3np2/3p4/P2P3P/1PPQR1PN/4R1K1 w - - 0 27,d2f4 e5d3 c2d3 e6e2,1904,75,92,1741,crushing discoveredAttack middlegame short,https://lichess.org/jduhVz0V#53,
0POHf,2kr3r/ppp1qpp1/2n5/4N2p/Q2Pp1b1/6P1/PP2PPBP/R4RK1 b - - 1 13,d8d4 e5c6 d4a4 c6e7,1213,75,88,227,advantage middlegame queensideAttack short,https://lichess.org/VyTMFXhz/black#26,Queens_Pawn_Game Queens_Pawn_Game_Symmetrical_Variation
0ABMv,r5k1/pb3ppp/1qp1p3/2b5/4PB2/2P3P1/P1Q2PBP/3R2K1 b - - 0 17,a8d8 d1b1 c5f2 g1h1,2061,76,92,2908,advantage defensiveMove middlegame short,https://lichess.org/uKjkHqLS/black#34,Queens_Pawn_Game Queens_Pawn_Game_Krause_Variation
0FtUX,7k/p4Rpp/8/2p5/8/2PPP1b1/PP2K1Pq/5R2 b - - 0 28,h2g2 f1f2 g2f2 f7f2 g3f2 e2f2,2043,76,93,8074,advantage defensiveMove endgame long,https://lichess.org/Y62Io1uT/black#56,
0VwT4,4brk1/7p/p2Qp1p1/3p4/3q4/7R/PPP1B1PP/6K1 w - - 1 29,g1h1 d4d1 e2d1 f8f1,1368,74,96,32611,backRankMate endgame mate mateIn2 sacrifice short,https://lichess.org/P5Re24FT#57,
0EAtF,2q2rk1/r4pbp/p3b1p1/1pP1p3/1P1nN2P/P3QB2/4NPP1/1R3RK1 b - - 0 24,c8c6 e4f6 g7f6 f3c6,957,84,94,2994,crushing discoveredAttack middlegame short,https://lichess.org/6TxTNxhX/black#48,
0ECqW,6rk/pp3pq1/8/4rB1P/6P1/8/PP3P2/2Q2RK1 w - - 13 37,c1c3 e5f5 c3g7 g8g7,1160,76,93,1678,crushing endgame master masterVsMaster pin short,https://lichess.org/QbrI4gEG#73,
0BALK,r1b1kb1r/1p3ppp/p1n2n2/q2Np1B1/4P3/5N2/PP1Q1PPP/R3KB1R b KQkq - 3 10,f6e4 d2a5 c6a5 d5c7,1468,73,95,31251,advantage middlegame short,https://lichess.org/CJEI679m/black#20,Philidor_Defense Philidor_Defense_Other_variations
04Vtq,r2qk2r/pp2b1pp/2pp4/5b2/5Pn1/1BN5/PPP3PP/R1BQR1K1 w kq - 1 14,h2h3 d8b6 c1e3 g4e3,1242,76,100,253,advantage opening short,https://lichess.org/GUJEJoUF#27,Italian_Game Italian_Game_Paris_Defense
0HyUo,rnbq1rk1/ppp2ppp/4p3/3p4/4nP1b/1PNBPN2/PBPP2PP/R2QK2R w KQ - 6 8,f3h4 d8h4 g2g3 e4g3 h2g3 h4h1,1152,78,88,1354,advantage long opening,https://lichess.org/bKSPGmGX#15,Bird_Opening Bird_Opening_Other_variations
09MFh,5qk1/2Q3p1/1p2p2p/p3N3/3Pn3/PP2P3/1B3PPP/6K1 w - - 7 31,c7b6 f8f2 g1h1 f2e1,857,90,95,2651,backRankMate endgame fork mate mateIn2 short,https://lichess.org/gxgzeRYu#61,
0T5S0,6k1/8/5n1P/4p3/5p2/5Kp1/2B3P1/8 b - - 5 56,f6d5 c2b3 g8h7 b3d5,1760,74,93,8889,crushing endgame pin short,https://lichess.org/eWFHIfH6/black#112,
00eB8,4rb2/2p1q2k/p1Pp2p1/1p1Q3p/7P/2P2R2/PP4P1/1K6 b - - 1 34,f8h6 f3f7 h6g7 f7e7,968,83,96,2760,advantage endgame fork short,https://lichess.org/KYL3UuaC/black#68,
0Quu4,2rq1r2/pp1nppkp/3p2p1/3P1b2/4n1P1/2N4P/PPPQ1P2/2KR1BNR w - - 1 13,c3e4 f5e4 d2d4 d7f6,1384,75,88,3614,advantage middlegame short,https://lichess.org/JnT8ruaC#25,Indian_Defense Indian_Defense_Pawn_Push_Variation
0aTKH,8/1bkn4/1p6/1Pp4Q/P2nP1N1/5P1P/1q4P1/R5K1 w - - 1 41,a1f1 d4e2 g1h2 e2f4 f1f2 b2f2 g4f2 f4h5,1559,74,89,472,advantage middlegame veryLong,https://lichess.org/opHH9BLD#81,
0WKp5,3rr1k1/1b3ppp/1Bpp4/p7/P4P2/5qPP/1PPQ4/3RR1K1 w - - 1 25,b6d8 f3g3 d2g2 e8e1 d1e1 g3e1,1555,79,64,109,advantage deflection exposedKing kingsideAttack long master masterVsMaster middlegame,https://lichess.org/ZdFRINAA#49,
0WBta,3r2k1/pp4p1/6p1/8/4p1q1/1P6/PB5Q/5R1K w - - 0 35,h2g2 g4g2 h1g2 d8d2 g2g3 d2b2,1742,75,94,9513,attraction crushing endgame exposedKing fork long,https://lichess.org/70vYwgK2#69,
0Wzup,4k3/1p6/p2PP3/2K4p/5N2/P7/1P6/6r1 b - - 2 44,h5h4 d6d7 e8d8 c5d6,1274,78,94,19703,advancedPawn advantage defensiveMove endgame short,https://lichess.org/FW5S48g1/black#88,
0240A,3b4/3P1k2/2pB4/1p1b2p1/2pK2B1/2P5/P4P2/8 w - - 2 47,d4e5 d8f6 e5f5 d5e6 f5e4 e6g4,1264,75,98,1596,bishopEndgame crushing deflection endgame long skewer,https://lichess.org/nkan6wAb#93,
01xXd,8/5p2/p3pkp1/1p1b4/1P1R2PP/P3KP2/8/8 w - - 1 48,e3f4 e6e5 f4e3 e5d4,924,76,100,202,crushing endgame fork short,https://lichess.org/0l2y8XD9#95,
01vzt,1k5r/ppp4p/2p5/4bQp1/4P3/3r2P1/Pq1BKPBP/2RR4 b - - 1 22,d3d2 d1d2 b2c1 f5e5,1165,76,93,1149,advantage middlegame short,https://lichess.org/Jg5sO2rV/black#44,
0KNfl,r4rk1/1bp3pp/p2p4/1p2p3/3n2Pq/2PB4/PP1BRPP1/RN1Q2K1 w - - 1 17,d3e4 d4e2 d1e2 b7e4 e2e4 h4f2,1671,75,85,370,advantage kingsideAttack long middlegame,https://lichess.org/zDN8Rh4n#33,Ruy_Lopez Ruy_Lopez_Steinitz_Defense
06HGq,2rq1rk1/1p2ppbp/p2pbnp1/8/P2BPP2/2N5/1PPQB1PP/R4RK1 b - - 0 13,e6g4 d4f6 d8b6 g1h1,1940,75,92,2434,advantage defensiveMove middlegame short,https://lichess.org/UgeL0H00/black#26,Sicilian_Defense Sicilian_Defense_Other_variations
0S4pQ,3r2k1/3PB1pp/1q2p3/8/2p1Q3/7P/5PP1/6K1 b - - 2 34,d8d7 e4a8 g8f7 a8f8 f7g6 f8e8 g6h6 e8d7 b6b1 g1h2,1369,75,97,25697,advantage endgame fork master veryLong,https://lichess.org/4iGOGjLR/black#68,
0E6ma,3q1rk1/1p3pp1/p1p1p2p/P1Pp2bP/1P1P4/1R2P1Q1/5P2/4KBR1 w - - 2 24,f2f4 g5h4 e1d2 h4g3,849,84,80,471,advantage middlegame pin short,https://lichess.org/ETl85ppI#47,
0YQva,1r3rk1/1p3ppp/p3pn2/8/2Pq4/2NB1R2/5QPP/R5K1 b - - 1 18,d4c3 d3h7 f6h7 f3c3,1209,78,94,5950,crushing discoveredAttack middlegame short,https://lichess.org/GN7bdlYP/black#36,Reti_Opening Reti_Opening_Reversed_Blumenfeld_Gambit
0BTSu,rn2kb1r/1b3ppp/p1p1pn2/qp2N3/3P4/1P2PN2/PB3PPP/R2QKB1R w KQkq - 4 10,d1d2 f8b4 a2a3 b4d2,1279,75,95,22862,crushing opening pin short,https://lichess.org/Ucaw4DSt#19,Semi-Slav_Defense Semi-Slav_Defense_Quiet_Variation
0Q7Sn,2r1k2r/5p2/3Qpp1p/8/2q5/8/5PPP/R2R2K1 b k - 0 24,c4c5 d6c5 c8c5 a1a8 e8e7 a8h8,1924,75,95,12707,crushing endgame long skewer,https://lichess.org/speq56im/black#48,
0CXBA,2bn4/r1p1kpQ1/pp2q3/8/2P1Bp2/PP2P1P1/1B5R/2K5 w - - 1 25,b2f6 e6f6 g7f6 e7f6,613,93,95,421,advantage middlegame short,https://lichess.org/g2shtO80#49,
0Jbwi,r2br1k1/qb1p1p1p/p2Pp1pB/n1p1P3/P1N2P2/2PB3Q/6PP/R4RK1 w - - 1 20,c4d2 c5c4 g1h1 c4d3 f4f5 e6f5,1241,75,95,13043,crushing discoveredAttack long middlegame,https://lichess.org/9sHWMGjz#39,
0Vb0m,rn4k1/5ppp/2p1bn2/pp1pN3/3P4/qBB5/P1PQ1PPP/1R4K1 b - - 1 21,a5a4 c3b4 f6e4 d2e1 a4b3 b4a3,1614,74,81,586,advantage long middlegame trappedPiece,https://lichess.org/RNYsXbP0/black#42,
0Ewhe,5k1r/p3ppbp/5np1/qb2B3/3p1Q2/1B6/PPP2PPP/R3K2R w KQ - 2 18,f4d2 a5d2 e1d2 f6e4 d2e1 g7e5,1323,79,83,770,attraction crushing discoveredAttack long middlegame,https://lichess.org/lAeda8g0#35,Sicilian_Defense Sicilian_Defense_Accelerated_Dragon
04hRG,2r3k1/2r2p2/p3pp1p/1p1p4/2n5/P1R4P/1P3KP1/1B1NR3 b - - 3 28,c4b2 c3g3 g8f8 d1b2,2248,78,91,4811,advantage intermezzo master middlegame short,https://lichess.org/Kr3UTOMC/black#56,
0IjIT,rn2r1k1/ppp2ppp/8/6q1/3NPn2/2B1QP2/PPP3PP/R4RK1 w - - 4 15,g2g3 f4h3 g1g2 g5e3,1084,75,85,193,advantage discoveredAttack kingsideAttack middlegame short,https://lichess.org/zAAlLPwy#29,Elephant_Gambit Elephant_Gambit_Paulsen_Countergambit
0DgYW,r2qr1k1/ppp1bppp/1nnp4/5P2/6P1/1BP5/P4P1P/RNBQR1K1 b - - 4 15,e7g5 e1e8 d8e8 c1g5,1531,76,96,30548,advantage kingsideAttack opening short,https://lichess.org/1xS4pFt5/black#30,Italian_Game Italian_Game_Evans_Gambit
0Ak5t,3kr2r/pp1n2pp/q1p1R3/8/1nNP1p1N/3Q4/PPP2PPP/4R1K1 w - - 3 24,d3f5 a6c4 e6e8 h8e8 f5g5 d7f6 e1e8 d8e8,1702,75,97,4328,advantage hangingPiece middlegame veryLong,https://lichess.org/HFiwaHvp#47,
0I9Y5,2R5/2p2p2/3p1p2/5P2/2P1bkP1/6pP/4K3/8 w - - 0 48,c8c7 e4d3 e2d3 g3g2,2123,74,95,5060,advancedPawn crushing endgame sacrifice short,https://lichess.org/khiqheoq#95,
0CCI0,r2r2k1/1b2qppp/pp1pn3/4p3/2P4P/4QBB1/PP3PP1/2RR2K1 b - - 1 25,e6d4 d1d4 b7f3 g2f3,1549,73,94,18578,advantage middlegame short,https://lichess.org/9d9FpXs7/black#50,
0IhNx,rn3r2/pp3k1N/3P2p1/2p5/2Bn2b1/2N5/PP4PP/4R1K1 b - - 0 25,f7g7 e1e7 g7h6 h7f8,1063,76,96,700,advantage master middlegame short,https://lichess.org/HXLzlhDB/black#50,
0Hlre,r1b3k1/pp2q2p/2pb2p1/7Q/3Pp3/2P1B2P/PPB3P1/5RK1 w - - 0 20,e3g5 g6h5 g5e7 d6e7 c2b3 g8h8,1825,75,86,205,advantage defensiveMove long middlegame,https://lichess.org/JNtCucLl#39,
0ETP2,r4rk1/pRp3pp/3p1q2/4bN2/6Q1/7P/P1P2PP1/4R1K1 w - - 1 21,b7c7 f6f5 g4f5 f8f5,1163,78,93,10574,advantage middlegame short,https://lichess.org/mlPiyW7r#41,
05ovL,r3r1k1/1bp2p2/1p4pp/p3n3/Pb2NP1q/1P1P4/2P1Q1BP/B2R1RK1 b - - 0 22,e5g4 e2g4 h4g4 e4f6 g8f8 f6g4 b7g2 g1g2,1635,73,96,26326,attraction crushing fork master middlegame sacrifice veryLong,https://lichess.org/R7shnBIu/black#44,
0VH9x,2rqkbnr/4pppp/p2p4/1p1Pn3/4P3/1B3P2/PP3P1P/RNBQK2R w KQk - 1 11,a2a4 c8c1 d1c1 e5d3 e1e2 d3c1,1881,80,91,151060,attraction crushing fork long opening pin sacrifice,https://lichess.org/g8AZGvqo#21,Sicilian_Defense Sicilian_Defense_Delayed_Alapin
0MtMa,r2q1rk1/4ppb1/2p3pp/np3b2/3PQB2/1NP2N2/PP4PP/R3R1K1 w - - 1 22,e4e7 d8e7 e1e7 a5b3,1840,73,95,13634,advantage middlegame short,https://lichess.org/mDEp8nbA#43,
0P3JU,r1k4r/pp4Rp/3R4/4n3/8/8/P5PP/7K b - - 0 31,h8d8 d6d8 c8d8 g7g8 d8e7 g8a8,1225,76,93,336,advantage attraction endgame long skewer,https://lichess.org/rghfU8f0/black#62,
0AWEW,1rB4k/pPp3p1/5p1p/8/8/4qP2/PP5P/4RR1K b - - 1 25,e3b6 e1e8 h8h7 c8f5 g7g6 e8b8,1682,80,96,22156,crushing discoveredAttack endgame long,https://lichess.org/Qay05IlV/black#50,
0BDZH,2r2r1k/p5pp/qpn5/3N4/P2P4/2P4P/2Q1RPP1/R5K1 w - - 3 32,a1e1 c6d4 c2d1 d4e2,1401,74,93,19871,advantage kingsideAttack middlegame short,https://lichess.org/U5uNTSRh#63,
0WO7U,8/8/pp6/4k2p/1P4pP/P2K2P1/8/8 w - - 2 46,a3a4 e5d5 d3e3 d5c4,1384,77,95,26246,crushing endgame pawnEndgame short zugzwang,https://lichess.org/LX3vZJf7#91,
0EJSn,r2q1rk1/pp2bppp/5n2/3Ppb2/8/2N1B1P1/PPP2PBP/R2Q1RK1 w - - 1 13,d1f3 f5g4 d5d6 g4f3 d6e7 d8e7,1687,75,91,2398,advantage long middlegame trappedPiece,https://lichess.org/B5EBQsl4#25,Sicilian_Defense Sicilian_Defense_Open
0NUbR,2kr3r/5R2/p1b1p2p/1p4p1/8/1N6/PPP3PP/4R1K1 w - - 0 26,e1e6 c6d5 f7f6 d5e6,1696,72,96,13488,advantage endgame master short,https://lichess.org/yY4nudMQ#51,
0IIdf,1r4k1/4rppp/p2R1b2/3B4/Pp1qP3/1Q6/1P1B1PPP/6K1 b - - 0 26,d4d2 d5f7 e7f7 d6d2,1177,81,92,373,advantage discoveredAttack middlegame short,https://lichess.org/G4UA66x4/black#52,
0ChLC,8/p2r1pk1/4bq2/2p1N2p/4Q1p1/2P5/PP3PP1/4R1K1 b - - 1 31,e6d5 e5d7 d5e4 d7f6,1191,77,96,7533,crushing endgame hangingPiece short,https://lichess.org/1fAgGbWN/black#62,
000o3,8/2p1k3/6p1/1p1P1p2/1P3P2/3K2Pp/7P/8 b - - 1 43,e7d6 d3d4 g6g5 f4g5,891,78,100,140,crushing endgame pawnEndgame short zugzwang,https://lichess.org/BAY91mF3/black#86,
0162G,2r1kb1r/1p3ppp/p7/3ppP2/8/1P1PBP2/P4RPP/R5K1 w k - 1 21,a1c1 c8c1 e3c1 f8c5,778,103,93,1236,crushing endgame pin short,https://lichess.org/cwvenor8#41,
0N358,2k5/p7/1p3B2/1P3pp1/1Pn1p3/8/3r1PP1/4R1K1 b - - 3 34,g5g4 e1c1 c8d7 c1c4,1380,75,95,19920,advantage endgame master pin short,https://lichess.org/J2mXu6Ow/black#68,
06YjZ,r2q1rk1/ppp2pbp/6p1/3pn3/8/1P2PN1P/P1P2PP1/R1BQ1RK1 w - - 0 12,c1b2 e5f3 d1f3 g7b2,1001,79,83,126,advantage discoveredAttack middlegame short,https://lichess.org/HCdRtnd4#23,Queens_Pawn_Game Queens_Pawn_Game_Other_variations
0ECuM,4rnk1/pb5p/1p1q2p1/2P1bp2/1P6/P2B4/3Q2PP/2R1R2K b - - 0 26,b6c5 d3c4 f8e6 d2d6,1338,75,89,391,advantage discoveredAttack middlegame short,https://lichess.org/B0cUA37R/black#52,
00oOp,5rk1/p3ppbp/bq3np1/3p4/3P4/1BN2Q2/PrPB1PPP/R3K2R w KQ - 4 15,c3d5 f6d5 f3d5 g7d4,2227,90,90,691,crushing discoveredAttack middlegame short,https://lichess.org/hkM4TRId#29,Caro-Kann_Defense Caro-Kann_Defense_Other_variations
0DDYR,2r1r1k1/5pbp/p1bp1pp1/1p1Nq3/2P1P3/1P3Q1P/P4PP1/1B1RR1K1 w - - 0 23,c4b5 c6d5 e4d5 e5e1 d1e1 e8e1,1188,75,91,1133,advantage kingsideAttack long master middlegame,https://lichess.org/XfirGCtM#45,
07KlL,b2q2k1/3r1pb1/B3p2p/4P3/R2P2Qp/1r5P/5PP1/2R3K1 b - - 2 33,a8d5 c1c8 b3b1 g1h2 d8c8 a6c8,1189,75,100,255,advantage defensiveMove long middlegame pin,https://lichess.org/Hd2vooLs/black#66,
09nae,r1bq1rk1/6pn/p3p2p/1p1pPp2/2pP1QPb/2P1P3/PPBN2KP/R1B2R2 b - - 1 18,f5g4 c2h7 g8h7 f4f8 d8f8 f1f8,1468,75,93,2832,advantage kingsideAttack long middlegame,https://lichess.org/FtOBWTa2/black#36,Queens_Pawn_Game Queens_Pawn_Game_Colle_System
01MQ3,2r5/1Rb1k3/p3p2p/B5p1/2r1p3/6PP/3R1P2/6K1 b - - 0 37,c8b8 b7c7 c4c7 a5c7,852,89,96,3587,advantage endgame short,https://lichess.org/p97EKhqM/black#74,
0QNfR,r4kr1/1b5p/pp2Q1p1/8/1bB5/2N5/P1Pq1PPP/5RK1 b - - 1 23,g8g7 e6f6 f8e8 f6g7,1377,74,96,9910,crushing deflection middlegame short,https://lichess.org/dqMgGENS/black#46,
0SXpb,5kr1/1pp5/p2p4/8/3nN3/P1N4R/1P4PP/6K1 w - - 1 26,h3h4 d4f3 g1f2 f3h4,1209,75,93,4572,advantage endgame pin short,https://lichess.org/ZYDfyDXo#51,
03ykE,6k1/pp3p1p/2q3p1/8/2PR4/1P1Q2PP/P4PK1/4r3 w - - 3 26,d3f3 e1g1 g2g1 c6f3,972,79,83,618,advantage deflection endgame short,https://lichess.org/x0sbgjOj#51,
006fF,r1b4r/pp1k2pp/2nb2q1/1B1p2B1/3p3Q/8/PPP2PPP/3RR1K1 b - - 5 17,h7h6 h4g4 d7c7 g5d8 h8d8 g4g6,1784,75,95,4938,advantage discoveredAttack exposedKing long middlegame,https://lichess.org/mAf9SSin/black#34,Italian_Game Italian_Game_Two_Knights_Defense
07Szi,1r6/4qp1p/pQBbkn2/P1P5/2p5/4P2P/5PP1/1R2K2R w K - 1 24,c6d5 f6d5 c5d6 b8b6,1831,74,88,131,advantage hangingPiece middlegame short,https://lichess.org/12JBxMzf#47,
0Ejik,5k2/5p2/pq1b4/1p6/3QB3/P4Nr1/1PP2R2/5RK1 w - - 0 41,g1h2 g3f3 d4d6 b6d6,1042,79,92,1088,crushing discoveredAttack master middlegame short,https://lichess.org/UFYL5gpj#81,
03jES,6r1/4k3/R3P3/p2p1R2/P2Pn2r/6P1/6K1/8 b - - 0 47,h4g4 f5f7 e7e8 a6a8,1183,76,99,5321,endgame mate mateIn2 short,https://lichess.org/ghm7AsWA/black#94,
06rtm,3r1rk1/1bq2p1n/p3p1pP/1p2P3/3R1P1P/2N1P3/PPQ1B3/4K1R1 w - - 0 22,g1g6 f7g6 d4d8 f8d8,1189,77,93,770,advantage middlegame short,https://lichess.org/cLRbC8eW#43,
04JzE,k2r3r/pp4p1/8/Q3PP2/3p1B1q/8/PP4R1/R5K1 w - - 1 33,a5d2 h4h1 g1f2 h1a1,917,94,95,1233,advantage middlegame short skewer,https://lichess.org/0GIh0n3R#65,
0IqVJ,r4rk1/1p3pp1/2b4p/4B3/p2Q4/1P1B1P2/P1Pq2PP/5RK1 b - - 1 22,a4b3 d3h7 g8h7 d4d2,1608,75,95,25906,advantage discoveredAttack middlegame short,https://lichess.org/i64T9zEa/black#44,
0DHuH,1n3rk1/5rpp/2p1p3/8/4QP2/PPq2N2/2P3PP/3R1K1R w - - 1 22,f3g5 f7f4 e4f4 f8f4,915,77,96,1808,crushing fork middlegame short,https://lichess.org/UCdLInbW#43,
0TLj6,2r2k1r/1p2bPp1/5q2/3p4/7p/P5B1/6PP/R2QR2K w - - 0 26,e1f1 h4g3 f1f6 h8h2 h1g1 e7c5 g1f1 h2h1 f1e2 h1d1 a1d1 g7f6,1749,74,95,9412,crushing discoveredAttack middlegame pin sacrifice skewer veryLong,https://lichess.org/rDKDpcBI#51,
0TpuH,4r2k/6p1/1p5p/p7/P2Rn3/1BP4P/6PK/8 w - - 7 45,d4d3 e4c5 d3d6 c5b3,1285,76,95,17301,advantage endgame fork short,https://lichess.org/v3zM81Pn#89,
0EyXN,2rqr1k1/Qp3pp1/5np1/P3n3/2P1p3/1N5P/1P2BPP1/R4RK1 w - - 2 25,a7b7 c8b8 b7a7 b8b3,1621,74,97,16884,advantage middlegame short skewer,https://lichess.org/GIPuU8R4#49,
09gv5,r5k1/pp6/2p5/2R2p1p/1P1P2q1/P4rP1/4QP1P/R4K2 w - - 4 35,f1g2 f3g3 h2g3 g4e2,1274,77,94,23940,crushing discoveredAttack endgame short,https://lichess.org/OeN3iXfW#69,
0Boqh,r2q1rk1/1p3pp1/p2Pp2p/2n1N3/b1P5/2PB1Q2/P2R1PPP/4K2R b K - 10 18,d8d6 d3h7 g8h7 d2d6,1165,76,84,479,advantage discoveredAttack middlegame short,https://lichess.org/fjT0bdNK/black#36,Rat_Defense Rat_Defense_Small_Center_Defense
0DIRr,3r3k/pb2b1pp/4pp2/2p5/2P1pPN1/1P1qP3/PB3QPP/4R1K1 w - - 2 25,f2e2 d3e2 e1e2 d8d1 g1f2 h7h5,2057,75,95,5254,advantage clearance kingsideAttack long middlegame,https://lichess.org/GSlIu3pZ#49,
00iQD,8/8/8/3K2kp/8/2P1P3/8/8 w - - 0 50,c3c4 h5h4 d5e4 g5g4 c4c5 h4h3 e4e5 h3h2 c5c6 h2h1q,1740,74,94,12709,advancedPawn crushing endgame pawnEndgame promotion quietMove veryLong,https://lichess.org/dDMWuoiZ#99,
087CE,r4rk1/1pp1qpp1/p2p1n1p/2b5/2PN4/4B1P1/PP1QPPKP/R4R2 w - - 2 15,d4f5 e7e4 f2f3 e4f5,1128,79,94,4574,crushing fork middlegame short,https://lichess.org/Xa9Oomle#29,English_Opening English_Opening_Kings_English_Variation
0I6jj,r1bq2r1/ppp1kpNp/3p1n1B/8/4P1n1/2PB4/P1P2PPP/R2Q1RK1 w - - 12 16,g7f5 c8f5 e4f5 g4h6,1380,74,96,2782,advantage opening short,https://lichess.org/0iiKUZui#31,Scotch_Game Scotch_Game_Schmidt_Variation
066PI,2r2rk1/p2b1ppp/4pb2/q7/1p6/1QN3P1/PP2PPBP/R2R2K1 w - - 0 19,c3e4 d7a4 e4f6 g7f6 b3f3 a4d1,1452,75,93,13081,advantage long master middlegame skewer,https://lichess.org/S6CVD3vw#37,Catalan_Opening Catalan_Opening_Open_Defense
0DMtZ,2k3r1/2q1bp2/p3p2p/B1p4p/2P1bP2/6rP/1Q3RPN/1R4K1 b - - 0 28,g3g2 f2g2 g8g2 b2g2 e4g2 a5c7 g2e4 b1e1,1966,76,92,921,advantage middlegame veryLong,https://lichess.org/F8M9p0qT/black#56,
00Af3,8/8/2B2p1p/P4Pp1/3p1kP1/1b1Pb2P/8/4K3 b - - 0 50,f4g3 a5a6 b3c4 a6a7,1113,75,96,5491,advancedPawn bishopEndgame crushing endgame short,https://lichess.org/JBQDYKyD/black#100,
0LH33,r3r3/2p2kb1/pp1p2pp/3Pn3/5R2/1Q2B2q/PPP2P1P/2K3R1 b - - 1 21,g7f6 f4f6 f7f6 e3g5 h6g5 b3h3,1261,75,93,2078,advantage attraction discoveredAttack long middlegame sacrifice,https://lichess.org/ON3C3JNt/black#42,
0T0hV,1rb1kb1r/pp1pqp2/5p2/3QnP1p/8/1BP2N2/P5PP/4RK1R b k - 6 19,b7b6 f3e5 f6e5 e1e5,1345,74,92,3662,advantage middlegame pin short,https://lichess.org/P1HVquwm/black#38,Indian_Defense Indian_Defense_Other_variations
04sdS,r3k2r/pb1p1ppp/2nBp3/1BP5/1P6/q3PK2/3Q1PPP/3R4 b kq - 3 21,c6b4 c5c6 d7c6 d6b4 a3b4 d2b4,1807,75,93,308,advantage defensiveMove discoveredAttack long middlegame,https://lichess.org/k8LB5vaT/black#42,
09oid,rnb1k1nr/ppp1bppp/3q4/1N6/3P4/5N2/PPp1QPPP/R1B1R1K1 b kq - 2 10,d6d7 f3e5 d7d8 e2c4,2387,78,92,4591,advantage opening short,https://lichess.org/MUmll7ae/black#20,Elephant_Gambit Elephant_Gambit_Other_variations
07rR1,2kr1r2/ppp3pp/2n2n2/5b2/1q3B2/1BPp1P2/PP2N1PP/R2QR1K1 b - - 0 15,d3e2 d1d8 f8d8 c3b4,1899,75,91,1944,advantage middlegame queensideAttack short,https://lichess.org/K57zJbku/black#30,Blackmar-Diemer_Gambit Blackmar-Diemer_Gambit_Other_variations
02hgn,R4r1k/5rq1/1p1p3p/1P4NQ/2PppP2/3n4/6PP/R6K b - - 7 36,f7f4 g5e6 f8a8 a1a8,2208,77,92,4184,crushing fork master middlegame short,https://lichess.org/w9U19TPQ/black#72,
0Vf9L,1r2Q3/8/2p2p2/1qPp1kp1/3P1P1p/4P2P/6P1/2B2RK1 w - - 1 43,f4g5 b5f1 g1f1 b8e8,1979,77,93,12367,advantage endgame short,https://lichess.org/ywXYeCjK#85,
0Ifaz,1r1q1rk1/2p1ppbp/6b1/p5N1/3PN3/P1P2Q2/2B2PP1/2KR4 b - - 2 20,d8d5 e4f6 e7f6 f3d5,1040,82,78,259,advantage discoveredAttack master middlegame short,https://lichess.org/CQwb6cTq/black#40,
03bmP,2kr3r/pbpp1p2/1p2pq2/2b1N1pp/Q1P5/2P3B1/PP1N1PPP/R3R1K1 w - - 0 17,a4a7 h5h4 d2e4 f6f5 e4c5 b6c5 e5g6 f7g6,2683,100,85,112,advantage middlegame veryLong,https://lichess.org/u7bwVx4w#33,Owen_Defense Owen_Defense_Other_variations
06rrU,4rr2/ppp2qpk/3p3p/4pn2/3b4/P1NP1R1P/1PPB2PK/4RQ2 w - - 0 23,f3f5 f7f5 f1f5 f8f5,648,106,72,184,advantage middlegame short,https://lichess.org/2bZVceOE#45,
0D9zG,R7/P3k1r1/3p1qn1/3P3Q/4Pp2/4bPp1/4B1K1/8 b - - 0 45,g6h4 g2h3 h4g6 a8e8 e7e8 a7a8q,1777,75,96,3283,advancedPawn attraction crushing defensiveMove long master masterVsMaster middlegame promotion,https://lichess.org/2HI3sfXn/black#90,
0DrMF,r7/1b1nkp2/3pp3/p5p1/Q7/4PPB1/P2q2P1/1R3BK1 b - - 3 23,d2e3 g3f2 e3f4 a4f4,1924,75,86,206,advantage defensiveMove middlegame short,https://lichess.org/GkFRatGg/black#46,
03jLN,3r4/1pR1pk1p/p5p1/3bQ3/P3B3/1P5P/5PPK/4q3 b - - 7 29,e1e4 c7e7 f7g8 e5g7,1179,75,95,9742,endgame mate mateIn2 short,https://lichess.org/FosRGMOa/black#58,
04F5H,r2nqr1k/1pp4p/p4b2/2NB2p1/1P1Pp3/P3Pp1P/1Q3P1P/2R2RK1 w - - 2 24,d5b7 d8b7 c5b7 e8c8 g1h1 c8b7,2189,84,88,1175,advantage clearance long middlegame,https://lichess.org/2lps8HHD#47,
06ASh,r4rk1/ppp1Q1p1/2b1p2p/4Pn2/3pN3/P2B2Pq/1P3P1P/R4RK1 b - - 1 19,h3g4 e7e6 g8h8 f2f3 g4h5 g3g4 h5h4 g4f5,2234,76,92,4369,crushing fork middlegame veryLong,https://lichess.org/zVMk4oap/black#38,French_Defense French_Defense_Advance_Variation
0KDnT,8/6R1/3k2P1/8/3KB2r/3P4/7p/8 w - - 1 43,g7h7 h2h1q h7h4 h1h4,1631,77,95,19632,advancedPawn crushing endgame pin promotion short,https://lichess.org/8bexPlo5#85,
0Ul2K,5rk1/1p3r1p/3p2n1/1B1Pp1B1/P3q2P/4Npp1/1P6/2RQ2KR w - - 0 38,b5d3 f3f2 g1f1 e4h1,1384,74,100,346,advancedPawn crushing deflection discoveredAttack kingsideAttack master middlegame short,https://lichess.org/5DgZ5JlB#75,
0HOU3,4r1k1/2p1qpp1/3p2bp/prpR4/3bP3/1P4BP/P1QN1PP1/4R2K b - - 4 25,f7f6 d5d4 c5d4 c2c4 d6d5 c4b5,2142,75,93,9729,advantage fork long middlegame sacrifice,https://lichess.org/JoGvX2lw/black#50,
0ASEE,5rk1/ppRb2pp/4p2r/3p4/8/P3QnNq/1P3PP1/1B3R1K w - - 0 24,g2h3 h6h3 h1g2 h3h2,985,87,96,4586,kingsideAttack mate mateIn2 middlegame short,https://lichess.org/raf0YSOe#47,
0NfkH,6r1/2kq4/p1p2p2/4p2p/4Pn1N/1Q5P/PP3P1K/2R5 w - - 2 33,b3g8 d7h3 h2g1 f4e2,1459,75,94,15486,endgame fork mate mateIn2 short,https://lichess.org/2jyy0Bt9#65,
0UWLr,r3kb1r/p1p1qp1p/1p3p2/4p1B1/2BnP3/1Q6/PPP2PPP/R3K2R w KQkq - 0 12,c4b5 c7c6 b5c6 d4c6,1372,74,92,447,advantage defensiveMove middlegame short,https://lichess.org/b9RsUCHx#23,Philidor_Defense Philidor_Defense_Other_variations
0VWLx,r4rk1/pp3pbp/3q2p1/4p3/1nQ5/5N2/PP3PPP/3R1RK1 b - - 0 22,a8c8 c4c8 f8c8 d1d6,1492,73,94,16519,advantage middlegame short,https://lichess.org/aL89PQm2/black#44,
0MtG8,rn1q1rk1/pp3pp1/2p1p3/4P2p/5B2/2n3Q1/PPP2PPP/3R1RK1 w - - 0 15,d1d8 c3e2 g1h1 e2g3 h2g3 f8d8,1154,74,98,5608,crushing fork long middlegame,https://lichess.org/4Jrx7btd#29,Scandinavian_Defense Scandinavian_Defense_Mieses-Kotroc_Variation
0PCA3,8/p4pk1/6p1/3Bp3/6n1/8/PQb1Kp2/8 w - - 0 36,b2c2 f2f1q e2f1 g4e3 f1e2 e3c2,1344,76,96,19158,advancedPawn attraction crushing endgame exposedKing fork long promotion,https://lichess.org/D5BwSqie#71,
0AYB4,rn3rk1/pp3ppp/2p5/8/2B1q1b1/PP2PNP1/1B1b3P/R2Q1RK1 w - - 0 14,f3d2 e4e3 g1h1 g4d1,1453,76,98,2552,advantage kingsideAttack opening short,https://lichess.org/yXDsjDSq#27,Nimzo-Larsen_Attack Nimzo-Larsen_Attack_Modern_Variation
04uxm,2k5/5p2/Q1P2p2/4p3/7p/P6P/6PK/3r1r2 b - - 4 37,c8c7 a6b7 c7d6 b7d7 d6c5 d7d1 f1d1 c6c7 d1d6 c7c8q,1748,76,93,9584,advancedPawn crushing endgame exposedKing promotion queenRookEndgame sacrifice veryLong,https://lichess.org/HzZ5XjzK/black#74,
0KDlV,r4r2/pp3pk1/6p1/3Bbbq1/4PNp1/1Q4P1/PP3P2/2RR2K1 b - - 0 22,f5d7 d5f7 f8f7 d1d7,2056,77,90,337,crushing discoveredAttack master middlegame short,https://lichess.org/2wCfQY8G/black#44,
02TQx,6k1/5pp1/7p/2N5/2R1N3/5nPK/5P1P/6r1 w - - 9 39,h3g4 f3e5 g4f4 e5c4,1078,75,96,2558,advantage endgame fork master short,https://lichess.org/VAu9yiEn#77,
0VbMO,r4rk1/2qnbppp/p3pn2/1ppP2B1/8/P1NP1NP1/1PPQ1PKP/R4R2 b - - 0 13,f6d5 c3d5 e6d5 g5e7,1509,75,86,1245,advantage capturingDefender middlegame short,https://lichess.org/idoIemsc/black#26,Sicilian_Defense Sicilian_Defense_Canal_Attack
04h4k,rn2nrk1/pp2q1bp/2pp2p1/5bP1/2P1BP2/2NP4/PP1BQ3/R3K1NR b KQ - 4 15,g7c3 e4d5 c6d5 e2e7,1782,75,96,12306,crushing discoveredAttack kingsideAttack middlegame short,https://lichess.org/kYtAU2Gb/black#30,Grob_Opening Grob_Opening_Other_variations
0WP7Q,r1br2k1/1p1qbppp/p1n1pn2/2p5/P1NP4/2P2N2/1P2BPPP/R1BQ1RK1 b - - 3 12,c5d4 c4b6 d7e8 b6a8,1694,74,97,11820,advantage fork opening short,https://lichess.org/IL4axXnO/black#24,Sicilian_Defense Sicilian_Defense_Alapin_Variation
0EfIs,2k5/pp6/3pP1rp/2p1n3/7B/8/PP3PP1/4R1K1 w - - 1 33,f2f4 e5f3 g1h1 f3e1,868,81,95,582,advantage endgame pin short,https://lichess.org/Xd9Ng0BT#65,
0I43C,5rk1/1q3pp1/p3pn1p/1p4r1/3N3Q/1P2P3/P4PPP/2RR2K1 w - - 0 22,d4f3 b7f3 h4g5 f3d1 c1d1 h6g5,1581,74,94,14805,crushing kingsideAttack long middlegame pin,https://lichess.org/FoomRTHe#43,
00Au2,r5r1/pp2kp2/2p5/3pQ3/3P4/2NB4/PPP2q2/1K6 b - - 1 28,e7d7 d3f5 f2f5 e5f5,961,75,100,217,advantage endgame short,https://lichess.org/kAtvQDbU/black#56,
0KpCk,rQ4k1/P3rpp1/3p3p/4p3/4Pn1N/5N1P/2q2PP1/1R4K1 b - - 2 28,c2c8 b8c8 a8c8 b1b8 e7a7 b8c8,1224,76,94,3550,advantage attraction clearance long middlegame,https://lichess.org/4hEFAiJN/black#56,
01ktp,8/5p2/Q4k1p/1p5q/3pp3/2r5/6R1/6K1 b - - 1 41,f6e5 a6b5 e5d6 b5h5,1091,76,100,133,crushing endgame short skewer,https://lichess.org/FJOb5Tht/black#82,
0YQbc,2r1r1k1/1b1n1p1p/pq1p2p1/N1pP4/4P3/1PQB1P1P/6P1/R4RK1 w - - 1 27,a5b7 c5c4 g1h2 c4d3 c3d3 b6b7,1537,75,89,632,advantage discoveredAttack long middlegame,https://lichess.org/zc5EexuP#53,
0SHnK,8/4k1p1/1q1p3p/R2Pp2P/1P2P3/2p1P1p1/2K5/5Q2 w - - 2 59,f1b5 b6b5 a5b5 g3g2,1339,75,95,20698,advancedPawn crushing endgame short,https://lichess.org/Bc5WTyEg#117,
00dqP,r1b2rk1/5p1p/p3pP2/1p1p4/5q1n/1P5P/P1P1QPB1/1K1R2R1 b - - 2 21,f4f6 g2d5 h4g6 d5a8,1956,74,95,4885,advantage discoveredAttack middlegame short,https://lichess.org/6NRhzen2/black#42,
0PW0w,rn3rk1/pp2q1pp/2pb1n2/4P3/3p2b1/6P1/PPPNQPBP/R1B1R1K1 w - - 1 13,e5d6 e7e2 e1e2 g4e2,1500,77,93,537,advantage opening short,https://lichess.org/ELaK9Tud#25,Caro-Kann_Defense Caro-Kann_Defense_Breyer_Variation
0BQny,r6r/1ppk3p/p2p1npb/3Np3/4P3/5P2/PPP3PP/R1B1K2R b KQ - 3 15,h6c1 d5f6 d7e6 f6d5 c1b2 a1b1,2050,75,81,153,advantage hangingPiece long middlegame,https://lichess.org/yjagPGt2/black#30,Scotch_Game Scotch_Game_Other_variations
0XJCc,4r1k1/p5pp/3b4/3Nnp2/5B1q/5P2/PP2QP1P/R5K1 w - - 4 23,a1e1 e5f3 e2f3 e8e1,1393,75,93,2574,advantage deflection discoveredAttack master middlegame short skewer,https://lichess.org/GGSyBsYp#45,
09Yhe,r3b2r/p3kp2/1pq1pP2/3p1p2/1RpP1P2/P1P1Q3/2P4P/4BRK1 b - - 0 26,e7f6 e3e5 f6e7 e5h8,1334,75,89,926,advantage middlegame short skewer,https://lichess.org/QJyZ9x1m/black#52,
0JabB,1kr5/1p2qp1p/pQ1b1p2/P2P4/8/6P1/5PBP/1R4K1 w - - 3 30,b6a6 c8c1 b1c1 b7a6,1628,74,96,12471,crushing endgame master short,https://lichess.org/AJojEy56#59,
067iK,r1b1k2r/ppppnppp/2n2q2/2b5/Q2NP3/2P1B3/PP3PPP/RN2KB1R b KQkq - 2 7,d7d5 d4c6 c5e3 c6e7 c8d7 a4c2 e3f2 c2f2,2336,82,89,780,advantage discoveredAttack opening quietMove veryLong,https://lichess.org/IBURLpIj/black#14,Scotch_Game Scotch_Game_Classical_Variation
06DMB,4r1k1/R1p3pp/2p5/4q3/4Np2/P3pP2/1PP2r2/2K3Q1 b - - 3 32,e5d5 e4f6 g8f8 f6d5,982,91,94,567,advantage endgame pin short,https://lichess.org/dLco3omB/black#64,
0T2RL,6k1/2r2p2/pp4p1/2P2b1p/1P5P/5BP1/6PK/2R5 b - - 0 33,a6a5 c5b6 c7c1 b6b7 a5b4 b7b8q,1595,75,83,137,advancedPawn advantage endgame long master promotion sacrifice,https://lichess.org/CbPYCGGH/black#66,
0D1vE,r2qr1k1/ppp3pp/2n1bp2/8/2n4B/P1PB1N2/1P3PPP/R2Q1RK1 w - - 4 15,b2b3 c4b2 d3h7 g8h7 d1c2 b2d3 f1d1 e6f5,1751,74,96,10555,advantage defensiveMove opening veryLong,https://lichess.org/520aQOkD#29,Scandinavian_Defense Scandinavian_Defense_Icelandic-Palme_Gambit
0PJMt,r1b2rk1/7p/1qn1pbp1/p2p4/Pp1P4/1P1QPN2/2B3PP/2RN1RK1 w - - 0 25,d1f2 c8a6 d3d2 a6f1,1545,74,91,1698,advantage middlegame short skewer,https://lichess.org/nA7gZyHa#49,
0IgLj,6k1/p3ppbp/1p4p1/1q6/8/2P1B2P/PP3PP1/3Q2K1 b - - 0 22,b5b2 d1d8 g7f8 e3h6 b2c1 h6c1,1997,75,95,6544,crushing endgame long pin,https://lichess.org/PfqVvFDA/black#44,
04tyQ,3qk1nr/p2rbpp1/1p2p2p/2p1P2Q/2Pn4/1PN1B1PN/P4P1P/3R1RK1 w k - 6 18,c3b5 g7g6 h5g4 h6h5 g4e4 d4e2 g1g2 d7d1 f1d1 d8d1,2065,74,95,14117,advantage discoveredAttack middlegame veryLong,https://lichess.org/4yrQPds9#35,French_Defense French_Defense_Other_variations
0QMuA,2Q5/4kpp1/6p1/1p2p3/n3P2P/5PP1/Pq1KB3/8 w - - 1 35,d2e3 b2d4,1328,75,94,13591,endgame master mate mateIn1 oneMove,https://lichess.org/qGEz43Ee#69,
0MHB9,3r2k1/7p/5p1p/2rq4/3p1P2/P2Q2P1/1P1R3K/3R4 w - - 9 41,d3d4 d5h5 h2g1 d8d4,1181,76,93,3669,crushing discoveredAttack endgame short,https://lichess.org/51bFAQuV#81,
0F6O7,8/5kpp/2p5/1p6/1P3q2/r2p2RP/1r3PK1/3RQ3 b - - 3 34,a3a2 g3f3 f4f3 g2f3,1239,77,94,3570,advantage endgame pin short,https://lichess.org/LjICip0G/black#68,
01iaw,8/p2r1k1p/8/8/4P3/3p2P1/PP3K1P/3B4 b - - 3 32,f7e6 d1g4 e6e5 g4d7,928,91,96,1945,crushing endgame master short skewer,https://lichess.org/fJz63hMQ/black#64,
0X7YP,2kr1bnr/1ppbqppp/p1np4/1B2P3/Q7/B4N2/P2N1PPP/R4RK1 b - - 0 13,a6b5 a4a8 c6b8 e5d6 e7d6 a3d6,1307,75,85,660,advantage long middlegame queensideAttack,https://lichess.org/aL81g8N9/black#26,Danish_Gambit_Accepted Danish_Gambit_Accepted_Other_variations
026RF,2rq2k1/4r2p/1p4p1/p2PnpQ1/PPPp4/3B3P/5PP1/R4RK1 w - - 1 27,f1e1 e5f3 g2f3 e7e1 a1e1 d8g5,1295,74,94,235,advantage discoveredAttack kingsideAttack long middlegame,https://lichess.org/L0FTXf8g#53,
0JEOa,r5k1/1p3ppp/p1p4r/3n4/P2Pq3/B3P1P1/4QP1P/1RR3K1 w - - 12 27,b1b7 d5f4 e2f1 f4h3 f1h3 h6h3,1781,74,93,661,advantage kingsideAttack long middlegame,https://lichess.org/A8TkHRsj#53,
09ADK,3r4/1b5k/1p2q2p/p1p3pP/3bN3/R4P2/PPK1QBP1/8 b - - 0 33,d4f2 e4g5 h6g5 e2e6,1176,76,88,2743,crushing discoveredAttack middlegame short,https://lichess.org/KLu59os6/black#66,
0H8PW,2kr1bnr/2q2pp1/2p3p1/ppn5/4N3/5N1P/PPP2PP1/R1B1QRK1 b - - 1 15,d8e8 e4d6 f8d6 e1e8,1130,77,74,551,advantage discoveredAttack master opening queensideAttack short,https://lichess.org/f1y0F2SS/black#30,Caro-Kann_Defense Caro-Kann_Defense_Classical_Variation
0Ak3V,3b2k1/3q3p/7Q/5N2/3Pp1K1/4P3/6PP/8 w - - 10 43,h6d6 h7h5 g4f4 d8c7,1770,75,96,11412,crushing endgame pin short,https://lichess.org/xHh5NI7V#85,
0Qa7b,r4rk1/pp1b1p1p/3q2p1/3N4/6n1/3B1N2/PPQ2pPP/2RR1K2 w - - 2 18,d3e4 d7b5 e4d3 d6d5,1910,75,94,13911,advantage deflection interference middlegame short,https://lichess.org/cUJZEygd#35,Queens_Gambit_Declined Queens_Gambit_Declined_Vienna_Variation
0Ttoc,3b2k1/5ppp/4p3/3q1n2/1Q6/P3P3/5PPP/1R4K1 b - - 1 28,g7g5 e3e4 d5d3 e4f5,1347,77,96,29785,advantage endgame fork short,https://lichess.org/hupJjBBy/black#56,
05M2H,1R6/5pk1/3P4/1P1K1B1p/4Pp2/2r2n2/4R3/1r6 w - - 9 63,d6d7 b1d1 e2d2 d1d2,1286,76,95,12805,endgame master mate mateIn2 short,https://lichess.org/KHn9m7rZ#125,
0Yq2d,1b2r2k/5qpp/8/6p1/3Q2P1/1P3P1P/P5B1/3R3K w - - 3 32,d4d7 e8e1 d1e1 f7d7,1538,77,96,9521,advantage deflection endgame short,https://lichess.org/EZHHzHOP#63,
0BM26,r7/p4k1p/5q2/2Q1p3/3p4/8/PP3PrP/4RRK1 w - - 0 24,g1g2 a8g8 g2h1 f6f3,1312,74,96,16622,endgame mate mateIn2 short,https://lichess.org/zWuuCbDh#47,
0AF4V,2q2r1k/8/5Pp1/2p1p1Pp/N1QbP3/3R2K1/P1P5/3R4 w - h6 0 37,c2c3 c8g4 g3h2 g4e2 h2h1 e2e4,2515,84,78,103,advantage exposedKing long middlegame,https://lichess.org/W8WvCCcQ#73,
0B136,r3r1k1/pp1n1ppp/2pb1n2/3p1q2/3P4/P4B1P/1PPBNPP1/R2Q1RK1 b - - 3 14,f6e4 f3g4 f5g6 g4d7 e8e7 d7g4,1770,74,89,1177,advantage defensiveMove long middlegame skewer,https://lichess.org/fEMLDW2k/black#28,French_Defense French_Defense_Exchange_Variation
0B5oD,r3r2k/6p1/p6p/3Q4/4P3/3q4/6PP/2R2R1K b - - 2 30,d3e4 f1f8 e8f8 d5e4,1339,78,95,18106,advantage deflection endgame short,https://lichess.org/HEVO0TEc/black#60,
0Jyd0,5bk1/2R4p/3p1p2/2pNpPp1/6r1/5K2/r4B2/8 b - - 1 37,g4a4 d5f6 g8h8 c7h7,1074,75,96,6131,arabianMate endgame mate mateIn2 short,https://lichess.org/q9xiggSo/black#74,
00Tdk,r6r/4kppp/2pNpnq1/p1P1n3/8/B3P3/PP2QPPP/3R1RK1 w - - 7 20,e2d2 e5f3 g1h1 f3d2,977,91,94,1749,crushing middlegame pin short,https://lichess.org/UgDWX5rx#39,
0OUwY,7r/ppq2pk1/2p2pP1/3p4/3P2B1/2P2N2/PPQ2b2/4R1K1 w - - 0 25,g1f2 h8h2 f3h2 c7h2 f2f1 h2c2,1388,74,93,356,advantage endgame exposedKing long sacrifice skewer,https://lichess.org/DSX9XmhS#49,
0OUq9,1Q6/5rpk/R6p/5p2/P7/7P/5qPK/8 b - - 0 30,f5f4 b8b1 h7g8 a6a8 f7f8 b1b3,1342,75,95,21317,crushing endgame long,https://lichess.org/ZJ3nEvp7/black#60,
09nQI,6k1/8/4p2p/2b1P3/1p6/5qNp/PR1Q3B/6K1 w - - 3 36,d2f2 f3g2,1991,76,95,17799,endgame mate mateIn1 oneMove pin,https://lichess.org/DsZLWBKA#71,
0RVKO,4rr1k/pR4Rp/3p4/3q1b2/3p3P/6Q1/P5P1/7K b - - 2 26,e8e3 g7h7 f5h7 g3g7,1321,73,96,12005,clearance mate mateIn2 middlegame sacrifice short,https://lichess.org/WL7qsi43/black#52,
07br9,4r1k1/pq3rp1/2bN1P1p/8/8/1P1P2QP/P1P3P1/5R1K b - - 2 33,c6g2 g3g2 b7g2 h1g2 e8e2 g2f3 f7f6 f3e2,2007,77,90,226,advantage middlegame veryLong,https://lichess.org/f1WR4Wmm/black#66,
0F2wJ,1r1r2k1/p3q2p/b3p1p1/5p2/8/1Pb5/P1PB1PPP/1R1QRNK1 w - - 4 20,d1f3 c3d2 f1d2 d8d2,1039,81,94,2718,advantage middlegame short,https://lichess.org/DWW2rShi#39,
0ExWO,6k1/5ppp/1pN3n1/1P1P4/2N2bQ1/1P4PP/5q2/7K b - - 6 38,f4g3 g4c8 g6f8 c6e7 g8h8 c8f8,986,76,98,1087,deflection endgame long mate mateIn3,https://lichess.org/jSkv6enS/black#76,
0Aox8,4Rbk1/pp1n2pq/2p5/8/2P3Q1/1P6/P4P2/6K1 b - - 0 29,d7f6 g4e6 g8h8 e8f8,926,82,96,2587,crushing deflection endgame short,https://lichess.org/V3pN4tck/black#58,
0JPru,r1bk1r2/ppq1b1p1/3pB2p/n2Qp3/4P3/5N2/PP3PPP/R1B2RK1 w - - 6 15,f3e5 c8e6 d5e6 d6e5,1314,77,91,181,advantage opening short,https://lichess.org/z4x2WE7G#29,Sicilian_Defense Sicilian_Defense_Smith-Morra_Gambit_Accepted
0Uau9,1r3rk1/2Q2N2/R4P1p/1pp3p1/8/1P1q2PP/5P2/6K1 b - - 0 34,d3h7 f7h6 h7h6 f6f7 g8h7 a6h6,1315,76,70,264,advancedPawn advantage discoveredAttack endgame exposedKing long sacrifice,https://lichess.org/P51Hgh4a/black#68,
0FiHV,r1b1k2r/p1q1npbp/2p1p1p1/2p5/4NP2/3P1N2/PPP3PP/R1BQK2R w KQkq - 3 11,e4c5 c7a5 c2c3 a5c5,1191,75,96,5365,advantage fork opening short,https://lichess.org/vhmWmfVw#21,Sicilian_Defense Sicilian_Defense_Grand_Prix_Attack
0Vxvu,2r3k1/q4p1p/p5p1/3P1n2/8/7P/BQ3PP1/3R2K1 w - - 0 28,b2f6 c8c2 d1f1 c2a2,1772,76,95,13016,advantage endgame short,https://lichess.org/9eWFGbCe#55,
0DEnH,2r3k1/5p1p/p2Qp1p1/1p1b4/8/P1P5/1n1q1PPP/2R2RK1 b - - 0 28,c8c3 d6b8 g8g7 b8e5 f7f6 e5c3 d2c3 c1c3,1838,74,92,2241,advantage middlegame veryLong,https://lichess.org/Pp7sfmVT/black#56,
0TCqE,r3nrk1/1pqbbpp1/p2pp2p/4n3/3N1P2/BPN5/P1PQ2PP/2KR1B1R w - - 1 15,f4e5 e7g5 d2g5 h6g5,1240,75,96,11011,crushing opening pin short,https://lichess.org/MuRnvfJb#29,Sicilian_Defense Sicilian_Defense_Old_Sicilian
0N8Nd,2r3r1/4k1b1/p2n1p2/1p1P1P2/5P1p/P7/1PB1Q2P/7K b - - 2 34,e7d7 e2e6 d7c7 e6e7 c7b8 e7d6,1129,79,92,3352,advantage deflection endgame exposedKing long,https://lichess.org/ktTn4Lma/black#68,
0U0s0,r1b2rk1/ppp2pp1/7p/1B1Nq3/1n6/5P1N/PPP3PP/R2Q1K1R w - - 1 14,f3f4 e5d5 d1d5 b4d5,1502,74,89,1234,advantage opening short,https://lichess.org/jgirkAJa#27,Indian_Defense Indian_Defense_Other_variations
06LQW,r4Bk1/pp3p2/7p/3N2p1/2BpPbbq/2P5/PPQ2KP1/R3R3 w - - 1 27,f2g1 h4h2 g1f1 h2h1 f1f2 f4g3 f2g3 h1h4,2336,77,92,4708,attraction kingsideAttack mate mateIn4 middlegame sacrifice veryLong,https://lichess.org/shauT8zr#53,
0FYyb,3q4/6kp/p2P2p1/1p2n2n/3Q4/P5r1/BPr2N1K/R4R2 b - - 2 29,d8d6 d4d6 e5g4 h2h1 g4f2 f1f2,1280,74,92,1296,advantage hangingPiece long middlegame,https://lichess.org/BeLHdfhx/black#58,
07CBm,1n1q1rk1/r4ppp/p2p4/1p1Qp1b1/4P3/1N6/PPP2PPP/1K1R1B1R w - - 1 15,d5d6 a7d7 d6d7 b8d7,1512,73,95,29009,advantage middlegame short,https://lichess.org/mbHxzfgQ#29,Sicilian_Defense Sicilian_Defense_Other_variations
0aKrY,r1b2rk1/pppn4/4q2b/1Q2ppp1/8/2N1P3/PPP1BPP1/2KR3R b - - 1 16,c7c6 e2c4 c6b5 c4e6 g8g7 e6d7,1404,74,95,10566,advantage exposedKing long middlegame pin,https://lichess.org/Lz5fKGXe/black#32,Indian_Defense Indian_Defense_Other_variations
0XT0z,rb2k2r/p2b1ppp/1p1Np3/2Qp4/5P2/2P3Pq/PP1N3P/2KR3R b kq - 1 19,e8e7 d6f5 e7d8 c5e7,1535,76,87,140,advantage doubleCheck middlegame short,https://lichess.org/DQWCW3vL/black#38,Alekhine_Defense Alekhine_Defense_Normal_Variation
00uDH,2r5/3k1p2/5Pp1/PP1pP1P1/1K1B3P/5p2/8/8 w - - 1 45,d4c5 c8c5 b4c5 f3f2,1226,75,91,2800,advancedPawn crushing endgame sacrifice short,https://lichess.org/9Hn6Sv3F#89,
0KJqo,6k1/ppp2ppp/1r3q1P/3p4/5P2/P3rBQ1/1PP3P1/2KRR3 w - - 4 22,c2c3 e3c3 c1b1 c3c1 b1c1 f6b2,2083,78,93,9413,attraction discoveredAttack long mate mateIn3 middlegame queensideAttack sacrifice,https://lichess.org/c9mCxbYp#43,
0HsHn,8/6P1/1ppk4/p2p3P/6Q1/2P5/P1P1r1K1/4r3 w - - 1 37,g2h3 e1h1 h3g3 h1g1 g3f3 g1g4 f3g4 e2g2,1819,74,95,9338,attraction crushing endgame exposedKing queenRookEndgame skewer veryLong,https://lichess.org/axufJZrg#73,
0AfWu,r3qr1k/b2N1p2/p1pp3p/6p1/1PP2R2/PQ2P1P1/6KP/4R3 w - - 4 28,d7f8 g5f4 b3c3 h8g8 e3f4 e8f8,1671,76,93,158,advantage long middlegame trappedPiece,https://lichess.org/ZPOEVOs7#55,
0BM2T,4rr1k/1p2q2n/p1p3Q1/8/PP6/3B3R/K1P5/8 b - - 4 41,f8f6 h3h7 e7h7 g6h7,1534,76,97,16394,fork mate mateIn2 middlegame short,https://lichess.org/RDRK7C5G/black#82,
03CME,8/2q5/k7/1p3KP1/8/1Q6/8/8 b - - 2 73,c7d7 b3e6 d7e6 f5e6 b5b4 g5g6 b4b3 g6g7 b3b2 g7g8q,882,77,100,461,advancedPawn crushing endgame promotion queenEndgame veryLong,https://lichess.org/Lsap0TcS/black#146,
0Z7F5,4r1k1/1n1r3p/8/p1pn1N2/R4PP1/6BP/4pK2/4R3 w - - 0 39,e1e2 e8e2 f2e2 d5c3,1226,76,95,15412,attraction crushing master middlegame short,https://lichess.org/BY0p3yOa#77,
0Xlab,4r1k1/pp3ppp/8/6P1/3p1P2/1PP1p2P/2Kn2Q1/B7 w - - 0 29,c3d4 e3e2 g2f2 e2e1q f2e1 e8e1,1549,75,96,11922,advancedPawn crushing endgame long promotion,https://lichess.org/14AfvaSD#57,
0896M,r2q1rk1/ppp3pp/3Pp3/3p4/3Pn3/2PB4/PP1N3P/R1B1QnK1 w - - 0 15,d3f1 d8g5 f1g2 f8f2 e1f2 e4f2,1594,77,87,1405,advantage kingsideAttack long middlegame,https://lichess.org/wA6P8h3f#29,Queens_Pawn_Game Queens_Pawn_Game_Other_variations
01q3y,rnb2r2/ppp2B1k/3p3p/2b4Q/4P3/3P4/PP1NKPPP/q7 b - - 0 14,a1b2 h5g6 h7h8 g6h6,1199,73,97,6943,deflection mate mateIn2 middlegame short,https://lichess.org/8Ciw3tYm/black#28,Bishops_Opening Bishops_Opening_Boi_Variation
0P2iH,r1b1k1nr/pp3ppp/1q2p3/b2pP3/3P4/2PB1N2/5PPP/RN1QK2R b KQkq - 2 11,g8e7 d1a4 e7c6 d3b5,1222,75,92,1465,advantage opening short,https://lichess.org/teHC5EBf/black#22,French_Defense French_Defense_Wing_Gambit
04QLZ,8/8/4k3/K4p2/4P2p/6pP/P5P1/8 b - - 0 43,f5e4 a5b4 e6d5 b4c3,1162,77,96,6546,crushing defensiveMove endgame pawnEndgame short,https://lichess.org/nFhmTDsJ/black#86,
0Tll3,3rk3/p2r4/1p6/4n3/1Q3p2/1KPq4/PP1N4/5R1R b - - 1 32,d3d2 h1h8 e8f7 f1f4 f7g7 h8d8,1770,75,85,160,advantage exposedKing long middlegame,https://lichess.org/0CDTPWUj/black#64,
0HSvH,r1bq1rk1/p1pp1ppp/2p5/8/2B1n3/2B5/PPP2PPP/R2Q1RK1 w - - 0 12,c3g7 g8g7 d1g4 e4g5 f2f4 d7d5,1865,75,93,9486,advantage hangingPiece long middlegame,https://lichess.org/VbGTdhbh#23,Scotch_Game Scotch_Game_Classical_Variation
0VTdp,r7/ppp2kpQ/2n2r1p/3p3B/1b1Pq3/4B1PP/PP3P2/R2K3R b - - 2 19,f7f8 h7h8 f8e7 h8g7 f6f7 g7f7,1789,74,91,2154,crushing deflection long middlegame,https://lichess.org/n6QFwFGM/black#38,Dutch_Defense Dutch_Defense_Classical_Variation
0WOpn,r3r1k1/1b3ppp/ppnqpn2/1BppN3/2PP4/4P1P1/PP1N1PP1/R2Q1RK1 w - - 0 14,d4c5 d6e5 b5c6 b7c6,1205,77,85,397,advantage hangingPiece middlegame short,https://lichess.org/VGkig4Og#27,Horwitz_Defense Horwitz_Defense_Other_variations
0CTwf,r2q1brk/p4p1p/2p1bp2/2pp3Q/7N/1PN5/P1PP1PPP/4RRK1 w - - 10 15,f2f4 e6g4 h5f7 g8g7,1687,74,95,9254,advantage master middlegame short,https://lichess.org/2bjiQAas#29,Sicilian_Defense Sicilian_Defense_Snyder_Variation
00kSx,r1bq3k/pppnp2r/5nQb/3p4/8/3B1N2/PPPP1PPP/RNB1K2R w KQ - 2 11,f3g5 d7e5 g6h6 h7h6,1944,75,82,122,advantage opening short trappedPiece,https://lichess.org/cOCnU5Ub#21,Duras_Gambit Duras_Gambit_Other_variations
0TSVX,2r2nk1/1b4pp/1p3p2/p3pP1P/3pP3/3B2Q1/Pq1N1RPK/8 b - - 1 28,b2a3 d3c4 c8c4 g3a3,1886,75,93,1168,crushing discoveredAttack master middlegame short,https://lichess.org/2JST6hh4/black#56,
0Bc8V,6k1/pp4pn/2pp3p/8/1P6/1r5q/4Q3/2RK1R2 b - - 1 30,b3b4 e2e8 h7f8 f1f8 g8h7 f8h8,1851,76,96,10465,endgame long mate mateIn3,https://lichess.org/1sYzwP4a/black#60,
0JBXn,2rq1rk1/pp2ppbp/6p1/3Pn3/4P3/4BP2/P2QBP1P/1R2K2R w K - 3 15,b1b7 e5f3 e2f3 g7c3 e1g1 c3d2,1511,75,96,27355,advantage clearance long master middlegame pin sacrifice,https://lichess.org/lzzY2298#29,Grunfeld_Defense Grunfeld_Defense_Exchange_Variation
02OoP,1q4k1/5pp1/R3p2p/p7/P3Q3/6PP/5P1K/2r5 b - - 0 33,c1c5 a6a8 b8a8 e4a8,995,88,95,698,crushing endgame pin short,https://lichess.org/UhFLcYU6/black#66,
0LbMP,r2qk1nr/1pp2pp1/p1n5/4p2B/P2pP2b/BP4N1/2PP1PP1/R2QK2R b KQkq - 0 12,h4g3 h5f7 e8f7 h1h8,1313,74,93,2120,advantage attackingF2F7 discoveredAttack middlegame short,https://lichess.org/FNFPoH6n/black#24,Van_Geet_Opening Van_Geet_Opening_Other_variations
024nn,2k5/1bp3pp/1p2p3/2n1b3/2P5/Q4rqP/PP1rB1P1/4RRBK w - - 0 25,e2f3 g3g2 f3g2 b7g2,2340,78,93,6983,kingsideAttack mate mateIn2 middlegame sacrifice short xRayAttack,https://lichess.org/r4Pi15FR#49,
03uA2,2R3Q1/r2kqp2/p3p3/1p4r1/8/4PB2/PP3PP1/2R3K1 w - - 8 37,c8c5 g5g8 c1d1 e7d6 d1d6 d7d6,2113,76,83,105,advantage hangingPiece long middlegame,https://lichess.org/xitNsBmW#73,
0D1Z6,R7/6p1/P4pkp/8/6P1/7P/r4bP1/4R2K w - - 5 44,e1e7 f2g3 a8e8 a2a1 e7e1 g3e1,1993,76,95,13704,advantage endgame long quietMove,https://lichess.org/41FYdeSn#87,
006of,r2qr2k/1pp2pp1/1b4np/pP2P3/P4n2/BQN2N1P/5PP1/R3R1K1 w - - 3 20,b3f7 d8d3 c3e2 f4e2 e1e2 d3e2,2591,103,89,902,advantage kingsideAttack long middlegame,https://lichess.org/MIdWd89x#39,
08ls2,8/8/5k2/5P1r/6K1/8/2R5/8 b - - 4 54,h5f5 c2c6 f6e5 c6c5 e5d4 c5f5,1059,89,93,634,crushing deflection endgame exposedKing long rookEndgame skewer,https://lichess.org/R77ixxtE/black#108,
00z3O,r2qr1k1/pp3pp1/2p2n1p/3bR3/3P4/3Q1N1P/PPB2PP1/4R1K1 b - - 11 23,d5f3 e5e8 d8e8 e1e8,1076,78,90,1372,advantage kingsideAttack middlegame short,https://lichess.org/TpSbqrpL/black#46,
0GWXo,8/8/pp6/5k2/P1PK2p1/8/5P2/8 b - - 0 37,f5f4 a4a5 b6a5 c4c5 f4f3 c5c6 f3f2 c6c7 g4g3 c7c8q,1692,75,97,1546,advancedPawn crushing endgame pawnEndgame promotion quietMove sacrifice veryLong,https://lichess.org/fyPs6uTl/black#74,
0MbI6,r1br2k1/1p3pp1/pb5p/1N2q3/8/NPP2Q1P/1P3PP1/R4R1K w - - 0 21,a3c4 e5b5 c4b6 b5b6,1365,77,89,1523,advantage hangingPiece middlegame short,https://lichess.org/6YJY0GPS#41,
0Oi58,r1bq1rk1/pp3ppp/4pn2/1B1p4/1bPP4/1P6/PB1N1PPP/R2Q1RK1 w - - 3 13,c4c5 d8a5 b5d3 b4d2,1745,75,94,1767,advantage opening short,https://lichess.org/bmKyD5wy#25,Nimzo-Larsen_Attack Nimzo-Larsen_Attack_Classical_Variation
03cYQ,6rk/2p2q2/1p4rp/2PR1b1p/P6Q/1P2p1PP/5P1N/3R2K1 w - - 0 36,h2f3 f5g4 h3g4 f7f3 d5h5 f3d1,2781,102,91,988,advantage discoveredAttack kingsideAttack long middlegame,https://lichess.org/qotgwkFR#71,
03TxG,6k1/8/3B1pp1/3P4/2Pp2pP/p2K4/r2N1P2/8 w - - 0 41,c4c5 a2d2 d3d2 a3a2 c5c6 a2a1q,883,86,93,439,advancedPawn crushing endgame long promotion sacrifice,https://lichess.org/8gukwIS8#81,
0REsw,r4rk1/1p1n2p1/p3pn1p/3N4/Pb1P4/1P5P/2qBBPP1/2R2RK1 w - - 0 18,c1c2 f6d5 d2b4 d5b4,1738,78,92,4145,advantage hangingPiece middlegame short,https://lichess.org/iWXurOY6#35,Sicilian_Defense Sicilian_Defense_Closed
0C82b,7r/2R4P/8/8/6P1/2p5/1k1p4/3K4 w - - 2 54,g4g5 h8h7 c7h7 c3c2 d1d2 c2c1q,1612,74,94,2866,advancedPawn crushing endgame exposedKing long promotion rookEndgame sacrifice,https://lichess.org/IXczdogX#107,
0GmhA,4r3/4P1pk/1p4bp/p1p2p2/5K2/1BP5/PP4r1/4RRB1 w - - 1 35,b3a4 g2g4 f4f3 g4a4,1238,75,96,10554,advantage middlegame short skewer,https://lichess.org/dAk1An7r#69,
0MwUh,2kr1bnr/pp1n1ppp/2p5/4P3/3QB2q/8/PPP2PPP/R1B2RK1 b - - 3 11,d7b6 e4f5 c8b8 d4h4,1407,77,96,33237,crushing discoveredAttack opening short,https://lichess.org/7r0s4cP2/black#22,Caro-Kann_Defense Caro-Kann_Defense_Classical_Variation
0XiEh,r4rk1/1pp1bppp/p1npqn2/3N2N1/2Q1PB2/7P/PP3PP1/3R1RK1 b - - 5 14,e6c8 c4c6 f6d5 c6d5,1580,72,94,14010,advantage master middlegame short,https://lichess.org/3WkjmWZY/black#28,Danish_Gambit Danish_Gambit_Other_variations
0Im0P,8/4N1pk/2p4p/4P3/1P2P3/1KR4P/r7/r7 w - - 3 34,e7c6 a2a3 b3c4 a3c3 c4c3 a1c1 c3d4 c1c6,1153,81,93,4028,attraction crushing endgame skewer veryLong,https://lichess.org/Rw47xBjK#67,
0JfMO,r4rk1/2pq1ppn/3p4/1p1N2R1/4P3/1B1P1P1P/1PPQ3K/8 b - - 0 21,h7g5 d2g5 d7e6 d5e7 e6e7 g5e7,1547,74,93,729,advantage kingsideAttack long middlegame,https://lichess.org/Bz9BpGjE/black#42,
0YcWW,r1b3k1/1pp5/p2p1p1q/4n3/4P2N/3P2NP/P1P2RPK/Q7 w - - 6 21,d3d4 e5g4 h3g4 h6h4 h2g1 h4g3,1531,75,96,16633,advantage deflection long middlegame,https://lichess.org/taeQvqSH#41,
0559u,8/8/3k1p2/2p3b1/4p3/4P1K1/8/4R3 w - - 0 46,g3f2 g5h4 f2f1 h4e1,894,76,100,459,crushing endgame short skewer,https://lichess.org/AtT53L6D#91,
0AyuM,r1bqk2r/ppp2ppp/2n5/2bpp3/6n1/3P1NP1/PPPNPPBP/R1BQ1RK1 w kq - 6 7,f3e1 c5f2 f1f2 g4e3 d2b3 e3d1,1929,74,95,11929,crushing kingsideAttack long opening sacrifice trappedPiece,https://lichess.org/hj7zzrAC#13,Zukertort_Opening Zukertort_Opening_Old_Indian_Attack
053Mo,8/p1k2ppp/1p1n4/2PP1P2/BK3B1P/P7/4rP2/8 b - - 0 44,b6c5 b4c5 e2e4 f4d6,773,96,77,112,crushing endgame pin short,https://lichess.org/0lc3bx1t/black#88,
069DC,r5k1/1p3ppp/2n1p3/8/pQ3Bq1/4P1PP/PP3PB1/R2r2KR w - - 1 20,a1d1 g4d1 g1h2 d1h1 h2h1 c6b4,1698,76,94,9553,advantage kingsideAttack long middlegame,https://lichess.org/xcxN3kfc#39,
05TSx,r4r1k/pppb2pp/8/8/3P4/4K2P/PP2B1P1/R4R2 w - - 4 24,g2g4 a8e8 e3d3 d7b5 d3c3 b5e2,1485,74,95,2455,advantage deflection endgame long skewer,https://lichess.org/DBZHfLyh#47,
01Nco,8/3R2p1/2p2pkp/1bB5/pP1K2P1/P4P2/4r2P/8 w - - 7 39,h2h4 e2d2 d4c3 d2d7,783,89,80,281,crushing endgame short skewer,https://lichess.org/6NJSBbsI#77,
0E0Eh,3r2k1/p4pp1/1pq1pP2/4P1N1/2b5/6QR/PB2nP1P/4R1K1 w - - 5 31,e1e2 d8d1 e2e1 d1e1,1141,76,97,12860,kingsideAttack mate mateIn2 middlegame short,https://lichess.org/SKdXqLc6#61,
03Qdr,r6r/1p1kbpp1/6p1/p1pp4/6P1/P2P3P/1PP2PK1/R1B1R3 b - - 3 19,h8h4 e1e7 d7e7 c1g5 e7d7 g5h4,1165,79,95,5968,attraction crushing endgame exposedKing fork long sacrifice,https://lichess.org/0saEK0Bh/black#38,Scandinavian_Defense Scandinavian_Defense_Other_variations
06NK7,r6r/1p1nk2b/p1p2p2/7q/3PP1p1/1P6/P1Q1NPPB/R4RK1 w - - 2 23,e2g3 h5h2 g1h2 h7e4 h2g1 e4c2,1642,76,95,22450,advantage discoveredAttack kingsideAttack long middlegame sacrifice,https://lichess.org/Fsy7QZwJ#45,
08OFg,r2q2k1/2p3p1/p1Qbr2p/1p6/3P4/2P1B2P/P4PP1/1R3RK1 w - - 1 20,c3c4 d6h2 g1h2 e6c6,1165,78,93,1013,advantage discoveredAttack master middlegame short,https://lichess.org/a7NoYBed#39,
0YgCD,5r1k/6pp/4Q3/3p1p2/6n1/4P1P1/Pq3PBP/2R3K1 w - - 1 23,c1c8 b2f2 g1h1 f2e1 g2f1 e1f1,1461,74,96,22998,endgame long mate mateIn3,https://lichess.org/6v7JLe20#45,
0AJj3,2r3k1/1Rp3pp/5p2/1Q6/2nP4/2P1qPB1/6PP/6K1 w - - 1 28,g3f2 e3c1 f2e1 c1e1,968,77,98,2375,endgame mate mateIn2 short,https://lichess.org/GJHIE2kU#55,
02Cmy,8/p6p/6pk/8/3n4/3PN3/3qrPPP/2R2QK1 b - - 6 26,e2e3 c1d1 d4e2 g1h1 e3d3 d1d2,2194,77,94,9205,advantage endgame long,https://lichess.org/icdzzqbP/black#52,
0Jaze,r2q1rk1/ppp2ppp/2n1p3/2b4b/4PP2/5NPP/PPP2nB1/RNB1QR1K w - - 1 12,f1f2 c5f2 e1f2 d8d1 f2e1 h5f3 e1d1 f3d1,1674,74,97,9820,advantage deflection exposedKing fork opening veryLong,https://lichess.org/5WGfSA3C#23,Bird_Opening Bird_Opening_Other_variations
0NxuX,2r5/1q4pk/6p1/2n1N1Pn/p1Q2P1P/Pp6/1PPR4/2K4R w - - 1 32,h1d1 b3c2 d2c2 c5b3 c1b1 c8c4,1716,76,82,376,advancedPawn advantage discoveredAttack long master middlegame queensideAttack,https://lichess.org/MuBlKspG#63,
07uNx,3Q4/5pkp/4P1p1/8/7P/6P1/rr3n2/5RK1 w - - 0 34,e6f7 f2h3 g1h1 b2h2,948,79,96,4451,endgame mate mateIn2 short vukovicMate,https://lichess.org/93vBHQOE#67,
02dUE,2k1r2r/ppq2p2/2pb4/2p2P1p/4P2P/1PQ1RpP1/P1P2P2/R1B3K1 w - - 0 23,e3f3 d6e5 c3e1 e5a1,1623,73,94,27753,advantage middlegame short skewer,https://lichess.org/5ClxWaaz#45,
0Kcsx,2q2rk1/p4p1p/1pr5/3pb1B1/8/PP2P2P/2n1QPP1/1NRR2K1 w - - 0 26,d1d5 c2d4 d5d4 c6c1,1774,75,95,5559,crushing discoveredAttack master middlegame short,https://lichess.org/C0Quikmn#51,
0Akl3,6k1/4r1pp/2p5/3pN1pP/3P2Q1/4P1PK/2q5/8 b - - 3 44,c2e4 g4c8 e7e8 c8e8,896,83,96,2328,endgame mate mateIn2 short,https://lichess.org/1Sq4rI6K/black#88,
02xva,8/p2NR1pk/7p/8/6r1/4pK2/2n4P/8 b - - 7 45,g4g6 d7f8 h7g8 f8g6,963,79,95,2835,advantage endgame fork short,https://lichess.org/6xOZ1IyH/black#90,
0Pqcd,5rk1/pp3pp1/1qp1pR1p/8/3r2P1/2P4Q/PPB4P/R5K1 w - - 0 23,f6f2 d4d2 h3f3 d2c2,1623,76,96,11760,crushing middlegame pin short,https://lichess.org/alHM6fov#45,
0RpKy,rnbqkbnr/ppp3pp/3p1p2/4P3/2B5/5N2/PB3PPP/RN1QK2R b KQkq - 0 7,d6e5 c4f7 e8f7 d1d8,1580,75,97,11865,advantage deflection opening short,https://lichess.org/Zo3ejjDO/black#14,Philidor_Defense Philidor_Defense_Bird_Gambit
0Ec3E,8/8/6pk/PQ4qp/2KP4/8/8/8 b - - 8 59,g5b5 c4b5 h5h4 a5a6 h4h3 a6a7,881,78,97,1430,advancedPawn crushing endgame long,https://lichess.org/HEFfV0Ji/black#118,
0Os8v,8/7k/8/1p2K3/2p5/1pP5/1P6/8 b - - 0 51,b5b4 e5d4 b4c3 d4c3,1667,73,96,14139,crushing endgame master pawnEndgame short,https://lichess.org/HyO68D3n/black#102,
0DGqA,1r4k1/5p1p/6p1/2Q5/8/2B4P/qr3PP1/5RK1 b - - 6 35,b2c2 c5e5 c2c3 e5b8 g8g7 b8e5,1810,73,96,11250,crushing endgame long,https://lichess.org/9rnnruxi/black#70,
0NgNm,5rk1/1qrn1ppp/p2pbb2/1p6/1P1BPP2/P6P/3N2P1/1BRQ1RK1 w - - 3 22,c1c7 f6d4 g1h1 b7c7,1326,73,92,7397,advantage hangingPiece intermezzo middlegame short,https://lichess.org/HR7VQRYK#43,
0Xhwq,3r2k1/pp3ppp/1q6/8/3P4/8/bPQ1BPPP/5RK1 w - - 0 22,f1d1 a2b3 c2c1 b3d1,1378,75,93,1776,crushing endgame short skewer,https://lichess.org/9ZBd3sCI#43,
07iTQ,2k2r2/Qpp5/3p2qr/1p1Pp2p/P3Pp1R/2P3P1/4KP2/R7 b - - 1 30,f4g3 a7a8 c8d7 a8f8,969,80,88,440,crushing endgame short skewer,https://lichess.org/t9sOprxU/black#60,
0TeFA,rn2k1nr/ppp2pp1/6p1/2bP4/2P1pqP1/2N4P/PP1P1P1R/R1BQKB2 w Qkq - 2 11,d1e2 f4h2 c3e4 c5e7,1744,78,93,3700,advantage defensiveMove opening short,https://lichess.org/oQTeLQut#21,Elephant_Gambit Elephant_Gambit_Other_variations
0Rgpm,1b6/pP2r3/4Nqpk/5p2/5P1p/1Q4P1/PP3P1P/4RK2 w - - 0 35,e6g5 f6a6 f1g2 e7e1,1495,77,95,27971,advantage deflection endgame short,https://lichess.org/DAgjWfqg#69,
09FV2,2r2rk1/pp2ppbp/6p1/8/2BPn3/1R2PNP1/5PP1/2R3K1 b - - 0 23,c8c7 c4f7 g8f7 c1c7,843,93,89,347,advantage discoveredAttack middlegame short,https://lichess.org/NEMyglKM/black#46,
0Npku,8/4bp1k/2q3pp/1p1RPb2/p1p2P2/2P2Q1P/PP3BK1/8 w - - 0 43,d5d4 f5h3 g2g3 e7h4 g3h3 c6f3,1334,76,98,4482,crushing deflection endgame long pin,https://lichess.org/c8J07uL6#85,
0SiZH,8/8/b3p3/P2p1qpk/2pP4/4P3/5K2/4Q1R1 w - - 2 48,f2e2 c4c3 e2d1 f5b1,1775,73,96,15496,discoveredAttack endgame mate mateIn2 short,https://lichess.org/KnJzAUHc#95,
0570Z,5r1k/1Qb2qp1/7p/8/3p4/3N2PP/5PK1/4R3 b - - 0 41,c7d8 b7f7 f8f7 e1e8 h8h7 e8d8,1134,75,98,4853,crushing endgame fork long master,https://lichess.org/gDXdjk34/black#82,
0ZrwA,7r/5pkp/4pqp1/4n3/4Q3/3B3P/PP3PP1/3K3R w - - 1 26,h1e1 e5d3 e4d3 h8d8 d3d8 f6d8,1502,76,96,11606,crushing endgame long pin,https://lichess.org/YAfIlu3K#51,
0MtiM,2k3r1/pppn1p1p/5p1r/5P2/P3R3/2Q3N1/1PP2qPP/R6K w - - 1 27,a1e1 d7e5 e1f1 f2g3 c3g3 g8g3,1969,72,92,6530,advantage long middlegame pin quietMove,https://lichess.org/aUXuqqz1#53,
0KLZG,2r1rBk1/p4p1p/4p1p1/3pQ3/3P4/5P1P/Pq3P2/2R3RK b - - 0 23,g8f8 c1c8 e8c8 e5h8 f8e7 h8c8,1697,74,90,1359,advantage endgame long skewer,https://lichess.org/lv4SLYPH/black#46,
07ME7,r4r1k/p2qbp1p/2b5/1p1p1BQ1/3P4/2N4P/PPP3P1/2KR3R w - - 1 25,f5d7 e7g5 c1b1 c6d7,893,98,92,473,advantage hangingPiece intermezzo middlegame short,https://lichess.org/0M9mwBBl#49,
09Ko8,r2qk2r/pp3ppp/5n2/2b1n3/6B1/8/PPPP1PPP/RNBQ1RK1 w kq - 1 9,f1e1 c5f2 g1f2 d8d4 f2f1 f6g4,2193,82,90,4127,advantage attraction kingsideAttack long opening sacrifice,https://lichess.org/s86ZgJUl#17,Scandinavian_Defense Scandinavian_Defense_Blackburne_Gambit
05mag,b1r3k1/Q3bppp/4pn2/1p3n2/4pP2/6PB/1PP4P/2B2RK1 w - - 8 22,h3f5 e7c5 a7c5 c8c5,971,76,96,1957,advantage fork middlegame short,https://lichess.org/sDgFxIKW#43,
0KjP8,r3kr2/pppbqpQ1/2np3B/4p3/2PPN2b/P2B4/1P3PPP/R4RK1 w q - 1 15,f1e1 e8c8 h6g5 h4g5,2054,76,91,1269,advantage castling middlegame short,https://lichess.org/N7fFJ8rF#29,French_Defense French_Defense_Knight_Variation
0LXef,7k/1p4p1/p6p/3p1Q2/1P1q4/P7/5RPP/2r2NK1 w - - 2 30,f5f4 c1f1 g1f1 d4d1,1177,78,95,13473,attraction endgame mate mateIn2 pin sacrifice short,https://lichess.org/pio5i5ms#59,
0EXTq,r1b2rk1/4qppp/p3p3/1p6/1b2n3/1Q1BBN2/PP2RPPP/R5K1 b - - 1 17,c8b7 d3e4 b7e4 e3g5 e7b7 b3b4 e4f3 g2f3,1761,73,92,6522,advantage middlegame veryLong,https://lichess.org/JxZUHK9E/black#34,Sicilian_Defense Sicilian_Defense_Sozin_Attack
04kFn,8/2K5/5R2/P7/7k/8/5p1p/8 b - - 0 62,h2h1q f6h6 h4g4 h6h1,971,82,90,389,crushing endgame queenRookEndgame short skewer,https://lichess.org/y8XPICOr/black#124,
0Qgky,r1bq1rk1/pp2bppp/2n5/3p4/3N4/6P1/PP2PPBP/R1BQ1RK1 w - - 2 11,b2b3 c6d4 d1d4 e7f6 d4d3 f6a1,1518,75,95,11946,crushing long opening skewer,https://lichess.org/E5vDUM2D#21,English_Opening English_Opening_Symmetrical_Variation
0F8ED,r7/pp3k1r/2q2pn1/1bbp1Q2/3R2P1/6B1/P6P/1B2R2K b - - 7 36,c5d4 f5g6 f7f8 g6h7,1172,77,94,6935,crushing fork middlegame short,https://lichess.org/rvC6MEIh/black#72,
09HIz,R7/8/2k5/8/5PK1/p5PP/2b5/2r5 b - - 1 53,c1a1 a8c8 c6b5 c8c2,893,91,92,1293,advantage endgame short skewer,https://lichess.org/CcqZ90od/black#106,
0WgBW,r2q1rk1/pb1pbppp/1pN1pn2/2p5/2PP4/4P1P1/PP3PBP/RNBQ1RK1 b - - 0 9,b7c6 d4d5 e6d5 c4d5,1559,77,89,133,advantage opening short,https://lichess.org/UGd17pUy/black#18,Catalan_Opening Catalan_Opening_Other_variations
05SLl,2R3k1/4rpp1/3p2b1/3P4/4p1P1/P3P2P/1P3Q1K/3q4 b - - 1 36,g8h7 f2h4 g6h5 h4h5,965,77,100,113,endgame fork mate mateIn2 short,https://lichess.org/d15VnFr4/black#72,
0NAtb,5rk1/2q1pr1p/4p1pb/pPppP2n/P4P2/3P1R1P/3QNRBK/8 b - - 0 30,c7e5 f4e5 h6d2 f3f7 f8f7 f2f7 g8f7 b5b6,1212,76,90,1091,advantage discoveredAttack middlegame veryLong,https://lichess.org/FTkpzCmu/black#60,
0NLW2,r3kn1r/1pb1qpp1/p1p3p1/2Pp1pP1/1P1P1P2/P1N1P2P/3BQ3/2KR3R b kq - 2 19,c7f4 e3f4 e7e2 c3e2,1188,87,73,223,advantage hangingPiece middlegame short,https://lichess.org/4n8oQb8m/black#38,Queens_Gambit_Declined Queens_Gambit_Declined_Marshall_Defense
0CToT,8/5R2/5p2/k3p3/5nP1/5K2/4r3/8 b - - 1 46,e2a2 f7a7 a5b5 a7a2,782,91,88,556,crushing endgame short skewer,https://lichess.org/yTicmbR8/black#92,
05Ba5,r1bk1bnr/pp1pqpp1/2n4p/1NpQ4/2B1PB2/5N2/PP3PPP/R3K2R b KQ - 5 9,g8f6 f4c7 d8e8 b5d6 e7d6 d5f7,2242,79,93,6959,attackingF2F7 deflection long mate mateIn3 middlegame sacrifice,https://lichess.org/SNfg9Iv6/black#18,Center_Game Center_Game_Kieseritzky_Variation
02P6P,8/8/p1p5/Pp1p3p/1P1Pk1p1/2P3PP/4K3/8 w - - 0 50,h3g4 h5g4 e2d2 e4f3,860,81,95,1945,crushing endgame pawnEndgame short zugzwang,https://lichess.org/kD3HOQhu#99,
07q17,1r1k1r2/6b1/1q1PQ1pp/4pp2/8/8/PP3PPP/R2R2K1 b - - 0 24,b6b7 d6d7 b7b6 d1d6,2609,78,79,304,advancedPawn clearance crushing master middlegame short,https://lichess.org/U94uWf0T/black#48,
0CS5U,r2qk1r1/p1pn1pBp/2Q1p3/2b5/5P2/1P6/P1PN2PP/R3K2R w KQq - 1 14,g7f6 d8f6 c6a8 e8e7 a8g8 f6a1 e1e2 a1h1,1761,75,95,7197,crushing exposedKing middlegame sacrifice skewer veryLong,https://lichess.org/v6g0gkSK#27,Bird_Opening Bird_Opening_Dutch_Variation
0RkIn,R1k1r2r/2p4n/1pNp2p1/1P1P1p1p/2P3PP/1n3P1B/5P2/6K1 b - - 0 30,c8b7 a8a7 b7c8 g4f5 g6g5 f5f6 g5g4 f3g4,1871,75,96,2544,advantage discoveredAttack middlegame veryLong,https://lichess.org/Ea94EAir/black#60,
02lbA,r5k1/pp1q1ppp/2n2b2/3N4/8/8/PPP2PPP/R2QN1K1 b - - 0 15,f6b2 d5f6 g7f6 d1d7,1143,75,93,4189,advantage discoveredAttack middlegame short,https://lichess.org/HdSqgYPB/black#30,Sicilian_Defense Sicilian_Defense_French_Variation
09FCL,r4r2/p4pkp/2p3p1/4P3/Q1Bq1p2/1P1P1P1b/P4P1P/R5RK w - - 1 23,a1e1 d4f2 a4c6 h3g2 g1g2 f2e1 g2g1 e1e5,1857,75,93,2688,crushing deflection kingsideAttack middlegame veryLong,https://lichess.org/hRaiRe2a#45,
0OOee,2r5/4pkb1/p2p1nQ1/1q5P/4P3/1p2BP2/PP4P1/K6R b - - 2 30,f7f8 h5h6 g7h8 h6h7 e7e6 e3h6 f8e7 h6g7 f6h5 g7h8,2189,75,91,3998,advancedPawn clearance crushing middlegame veryLong,https://lichess.org/JemQV0vL/black#60,
0NqDU,3r3r/k4ppp/p7/2bq4/P2P1p2/N2Q4/5PPP/1R3RK1 b - - 0 24,d5d4 a3b5 a6b5 d3b5 c5b6 a4a5,1680,76,93,3993,advantage long middlegame sacrifice,https://lichess.org/0uFQivHR/black#48,
0ScEb,r2q1k1r/1b1B1ppp/pp2p3/4Q3/4P1Pb/2N5/PPP2P2/2KR3R w - - 0 17,d7e6 d8g5 f2f4 g5e5 f4e5 h4g5 c1b1 f7e6,1939,75,94,1160,advantage clearance middlegame veryLong,https://lichess.org/DFOm3DB5#33,Owen_Defense Owen_Defense_Other_variations
07itL,r1bqkb1r/pp1ppp1p/2n3p1/4P3/1n2Q3/5N2/PPP2PPP/RNB1KB1R w KQkq - 5 8,c1d2 d7d5 e5d6 c8f5 e4b4 c6b4,1963,74,93,6316,advantage clearance long opening,https://lichess.org/Ue2BUplg#15,Sicilian_Defense Sicilian_Defense_Hyperaccelerated_Fianchetto
060Tk,rnb1k1nr/pppp3p/5pN1/b6Q/3Pq3/2P5/PP3PPP/RNB1KB1R w KQkq - 0 8,h5e2 e4e2 f1e2 h7g6 b2b4 a5b6,1565,77,82,1599,advantage long opening,https://lichess.org/VoHZOtzA#15,Kings_Knight_Opening Kings_Knight_Opening_Other_variations
0Hi00,r1b2rk1/p3bppp/2p1pn2/3pN1B1/5P2/2qB1Q2/P1P3PP/R4RK1 b - - 5 14,h7h6 d3h7 f6h7 f3c3,1712,75,95,19813,advantage discoveredAttack middlegame short,https://lichess.org/topOR0gV/black#28,Sicilian_Defense Sicilian_Defense_French_Variation
0S50B,1K6/8/8/r2b2R1/5k2/8/3R2p1/8 w - - 0 64,g5g7 a5a8 b8c7 a8a7 c7d6 a7g7,1674,75,98,1769,crushing endgame long skewer,https://lichess.org/MRB3GorB#127,
0D1xR,7k/R1p3p1/1r1q2bp/1pP2p2/5P2/1QP3P1/6BP/4K3 b - - 0 32,d6c5 a7a8 g6e8 a8e8,899,78,100,128,advantage endgame short,https://lichess.org/kjkM4R02/black#64,
00Aas,3r1rk1/1p2q1pp/5p2/8/1P1n4/6Q1/PPbB1PPP/R2B1RK1 w - - 9 20,d1c2 d4e2 g1h1 e2g3 f2g3 d8d2,1054,77,97,7812,crushing fork long middlegame,https://lichess.org/wYjuq3zz#39,
0Un1L,r1b2rk1/3p2p1/6Pp/3P4/ppB1Pp2/4q3/2Q5/2RK3R b - - 3 30,g8h8 h1h6 g7h6 c2b2 e3c3 c1c3,1531,76,93,2289,crushing long middlegame sacrifice,https://lichess.org/5FkPStrA/black#60,
0I9fx,2r3k1/1p3pp1/4pn1p/3p2P1/qPrP3P/2PQ1P2/1K2N3/R6R b - - 0 23,c4b4 c3b4 a4b4 d3b3 b4d2 b2b1,1915,77,93,3637,advantage defensiveMove long middlegame,https://lichess.org/E41uLi0D/black#46,
08YhK,rn2k2r/ppp1b1pp/5q2/7b/4Q2N/5P2/PPP3PP/RN2KB1R w KQkq - 1 12,b1c3 f6h4 e4h4 e7h4,1152,75,96,8552,advantage opening short,https://lichess.org/fbnDYsWb#23,Latvian_Gambit_Accepted Latvian_Gambit_Accepted_Other_variations
0Brqr,8/7p/2nk1pp1/ppp5/4KNP1/1P3P2/P1P3P1/8 w - - 2 35,f4d5 f6f5 g4f5 g6f5 e4f5 d6d5,1251,75,96,12335,crushing endgame knightEndgame long,https://lichess.org/93PJIAZF#69,
040Jq,r3k1nr/ppp1bpQp/8/8/5P2/2N5/PPP2P1P/R1B1KB1q b Qkq - 0 11,e8c8 g7h8 e7f6 h8h7 f6c3 b2c3 d8d1 e1d1,1495,75,94,1451,advantage hangingPiece middlegame veryLong,https://lichess.org/K7JU2qEj/black#22,Scotch_Game Scotch_Game_Other_variations
0LSEq,4rrk1/2q2pp1/p1pbp2p/1p1pN3/1P1PnP2/P3QPPP/1BP3K1/3R1R2 b - - 0 27,d6e5 d4e5 e4g3 g2g3,2101,76,92,5497,advantage middlegame short trappedPiece,https://lichess.org/84n3tSXF/black#54,
0GcM2,rnb2rk1/pp3ppp/2n1p3/1BqN4/3N4/8/PPP2PPP/R2QR1K1 w - - 1 13,d5c7 c6d4 c7a8 d4b5,1608,75,89,1958,advantage opening short,https://lichess.org/hSypFtdF#25,French_Defense French_Defense_Classical_Variation
07TTy,r3k2r/1bq2p1p/p2ppn2/1p2n1p1/4P3/PNNBQ2P/1PP2PP1/3R1RK1 w kq - 0 15,e3g5 e5f3 g2f3 h8g8 g5g8 f6g8,1684,73,95,16814,advantage long master middlegame pin sacrifice,https://lichess.org/UIKGQwNj#29,Sicilian_Defense Sicilian_Defense_Kan_Variation
02HAo,Q6B/2r1kp2/2Pp4/p6p/P3n1pq/8/1P3PPP/R5K1 w - - 5 28,a1e1 h4f2 g1h1 f2e1,766,78,100,388,backRankMate endgame fork mate mateIn2 short,https://lichess.org/xC5barOi#55,
0FhF5,rnb2b1r/4qk1p/2pp2p1/1p6/p2Pn3/5N2/PPP1QPPP/RNB1R1K1 b - - 1 12,e4f6 f3g5 f7g8 e2e7 f8e7 e1e7,1238,75,93,526,advantage deflection long opening,https://lichess.org/URH0KbHx/black#24,Petrovs_Defense Petrovs_Defense_Other_variations
0YdDk,1k1r1b1r/1pp3pp/p7/7b/2PN4/P6P/1P2B1P1/3R1RK1 b - - 0 21,h5e2 d4c6 b7c6 d1d8,1571,76,92,1910,crushing discoveredAttack middlegame queensideAttack short,https://lichess.org/iBLoHVyX/black#42,
05StH,2r3k1/p5pp/8/2bq1p2/1r2pB2/1P1p2P1/P1Q2PBP/2RR2K1 w - - 0 31,c2c3 c5f2 g1h1 c8c3,1018,78,92,309,advantage discoveredAttack middlegame short,https://lichess.org/R0EhpPqI#61,
0SUud,r3r1k1/2pbNp2/p2n3p/1p1P2q1/8/1P1Q2nP/PBB2bPK/RN6 b - - 3 26,e8e7 d3h7 g8f8 h7h8 g5g8 b2g7 f8e8 h8g8,1299,74,96,18294,deflection kingsideAttack mate mateIn4 middlegame veryLong,https://lichess.org/nbKNpjJ6/black#52,
07BKU,rn1Q2r1/1bp1n1kp/4p3/pp6/2N1P3/2q5/P1P2P1P/1K1R2R1 b - - 1 26,g7h8 g1g8 e7g8 d1g1 c3g7 g1g7,1852,75,96,812,clearance crushing kingsideAttack long middlegame,https://lichess.org/8rMqLrPj/black#52,
0DogY,5Bk1/q4ppp/4p3/3p4/N7/P2n1P2/6PP/2Q4K w - - 0 30,c1c8 d3f2 h1g1 f2h3 g1f1 a7f2,1327,75,95,18125,doubleCheck endgame long master mate mateIn3,https://lichess.org/MxzanJM1#59,
08QJS,r6k/pp4bp/3qp2p/3p4/b2n4/3BQP2/PP3P1P/2R3RK b - - 3 21,a8f8 g1g7 h8g7 e3d4,1483,75,95,28833,attraction capturingDefender crushing kingsideAttack middlegame short,https://lichess.org/Nii9BXT9/black#42,
08K4n,3qr1k1/1r1b1ppp/p7/2pP4/4RB2/1P1Q1N2/P1N2PPP/2b3K1 b - - 0 21,d7f5 e4e8 d8e8 d3f5,900,83,95,391,crushing discoveredAttack kingsideAttack middlegame short,https://lichess.org/wyZcOqqm/black#42,
0JdZ7,r3k1nr/pp1bbppp/1q2p3/4P3/3n4/2NBB3/PP3PPP/R2QR1K1 w kq - 0 12,e3d4 b6d4 c3b5 d4b6,2049,78,92,615,advantage opening short,https://lichess.org/Ez6jwImj#23,French_Defense French_Defense_Advance_Variation
0KXWt,r4rk1/1p2ppbp/p1np1np1/q7/N3PP2/1P3B2/1P1B2PP/R2QK2R b KQ - 5 15,a5b5 f3e2 f6e4 e2b5,1406,75,99,1887,advantage middlegame short trappedPiece,https://lichess.org/l5nDBWly/black#30,Sicilian_Defense Sicilian_Defense_Dragon_Variation
07AtG,4r1k1/P4pp1/2p2p2/3p4/3P2p1/2BQ1N1q/5P1b/R6K w - - 0 26,a7a8q h2b8 h1g1 g4f3,2103,76,95,557,crushing discoveredAttack middlegame short,https://lichess.org/pv1uQLm8#51,
0OlAv,2r1k1r1/pp2pp1p/8/2P5/2bQ3N/P4P2/5KPP/2q1B2R b - - 0 29,c8d8 d4d8 e8d8 e1a5,1346,74,93,3366,attraction crushing middlegame sacrifice short,https://lichess.org/D7EQ2Lb7/black#58,
04aK0,rBb1qrk1/pp2bppp/4p3/8/2B5/1QP5/PP3PPP/3RK1NR b K - 0 11,a8b8 c4b5 e8d8 d1d8,1346,75,92,5041,advantage master middlegame short trappedPiece,https://lichess.org/tPwwtaKz/black#22,Caro-Kann_Defense Caro-Kann_Defense_Accelerated_Panov_Attack
0QgIF,4r3/p1p1qp1k/1p1r2p1/2p3Rp/4P2P/2Q2PR1/P1P2P1K/8 b - - 1 27,a7a5 g5h5 g6h5 c3g7,1372,74,96,9764,endgame mate mateIn2 sacrifice short,https://lichess.org/Hm1qPubC/black#54,
0SSce,2b1r1k1/r2n3p/p3Nbp1/1p1p4/3P4/4B2B/P1P3PP/4RRK1 b - - 1 22,f6g7 e6g7 g8g7 e3h6 g7h6 e1e8,1492,74,95,31084,attraction crushing discoveredAttack kingsideAttack long middlegame,https://lichess.org/84iailub/black#44,
05FJv,r4k1r/pbp1bppp/2Q5/4P3/1q6/2N2N2/PP3PPP/2KR3R w - - 1 16,c6c7 a8c8 c7d7 c8c3,1810,73,93,8206,advantage middlegame short,https://lichess.org/YOastXk2#31,Scotch_Game Scotch_Game_Goring_Gambit
0F8NQ,2B2rk1/1b4pp/pb5q/1p6/8/2n2NPP/PP2QPK1/R4R2 w - - 0 27,c8e6 g8h8 e2e5 b7f3,1458,74,94,2229,advantage defensiveMove middlegame short,https://lichess.org/iJafMTM4#53,
05fU3,2r3k1/4qppp/4p3/2p1Q3/4P3/2R5/rP3PPP/2R3K1 b - - 0 26,a2b2 c3g3 g7g6 e5b2,1972,75,93,9460,crushing discoveredAttack endgame short,https://lichess.org/E3HHFsPC/black#52,
0T3Kz,r1bqkbnr/pp2pppp/8/8/Q2nP3/5N2/PP1P1PPP/R1B1KB1R b KQkq - 1 8,b7b5 a4d4 d8d4 f3d4,1700,74,82,290,advantage opening short,https://lichess.org/GCQbhVGY/black#16,Caro-Kann_Defense Caro-Kann_Defense_Two_Knights_Attack
0DALS,k2r2br/pp2b1p1/2p3Pp/3pq2P/4N3/2B5/PPP1Q3/1K1R3R b - - 1 24,e5e4 e2e4 d5e4 d1d8 e7d8 c3g7 g8a2 b1a2,1225,77,89,409,advantage middlegame veryLong,https://lichess.org/a5JIjW15/black#48,
03KVq,2r1r1k1/p4p2/1p3qpp/3b4/1P1p4/3Q1N1P/P4PP1/4RRK1 b - - 1 22,d5c4 e1e8 c8e8 d3c4,1036,81,100,443,advantage middlegame short,https://lichess.org/q3wCMUNo/black#44,
0Ai4l,5b2/p4p1k/1p6/4B2Q/2r4P/6PK/8/4q3 b - - 5 44,f8h6 h5f7 h6g7 f7g7,1102,82,93,10733,endgame fork mate mateIn2 short,https://lichess.org/IeXG216x/black#88,
0B79o,r2brk2/pp3ppp/8/3RN3/5P2/8/PPP4P/2K3R1 b - - 0 21,d8f6 e5d7 f8g8 d7f6,805,80,88,155,crushing endgame pin short,https://lichess.org/DHn8laaj/black#42,
0PbHo,1k2r2r/pq4p1/1n4Q1/1R2p1Bp/2P3bP/6P1/P4P2/1R4K1 b - - 5 25,g4h3 b5b6 a7b6 b1b6,1467,76,96,10807,crushing master middlegame pin short,https://lichess.org/q32mVUCK/black#50,
0Ukax,r1b1k2r/p4ppp/2Q5/4p3/3q4/4n1P1/PPPP1K1P/RNB5 b kq - 0 16,e8e7 d2e3 d4b6 c6a8,1656,74,94,16063,advantage middlegame short,https://lichess.org/KnasAkEW/black#32,Italian_Game Italian_Game_Two_Knights_Defense
01M2U,1k5r/pp4p1/7r/3p2p1/3P2R1/2P1pP1P/PP2Bb2/K6R w - - 0 38,e2f1 h6h3 f1h3 e3e2 h1b1 h8h3,2327,75,91,2828,advancedPawn advantage endgame long master sacrifice,https://lichess.org/L4WpZJZC#75,
047uP,6k1/6pp/4pp2/3b4/1P6/1P6/6PP/rBR3K1 b - - 2 34,d5b3 b1h7 g8h7 c1a1,1605,72,94,14215,crushing discoveredAttack endgame short,https://lichess.org/KUhWYgrY/black#68,
08wdH,rnbqk2r/ppp2pp1/3b3p/8/6n1/2B5/PPP1PPPP/RN1QKBNR w KQkq - 0 7,g1f3 g4f2 d1d4 f2h1 d4g7 h8f8,1730,75,95,7565,advantage attackingF2F7 defensiveMove long opening,https://lichess.org/qWqBFAxI#13,Trompowsky_Attack Trompowsky_Attack_Other_variations
0OFw2,1k1r3r/pp1q2p1/3bR3/3N1pP1/PP3Nnp/8/1BQ5/2R3K1 w - - 1 31,c2b3 d6f4 d5f4 d7d2 e6e2 d2f4,1653,74,94,7767,advantage clearance long middlegame,https://lichess.org/ov1tdSCw#61,
02Jv8,1r4k1/p2R2pp/1pN1p3/8/8/8/bP3PPP/6K1 b - - 0 26,b8c8 c6e7 g8f8 e7c8,997,76,99,3604,crushing endgame fork short,https://lichess.org/SbM3fnCq/black#52,
0JzWC,2rr2k1/p4ppp/1pn2n2/q1Bp3b/3P4/2P1PN1P/P1Q1BPP1/1R3RK1 w - - 0 18,c5b4 c6b4 c3b4 c8c2 b4a5 c2e2,1290,76,93,326,advantage discoveredAttack long middlegame,https://lichess.org/dQCWYGrD#35,Nimzo-Indian_Defense Nimzo-Indian_Defense_Three_Knights_Variation
0JAbe,5k2/8/4K1P1/n4P2/8/8/8/8 b - - 0 66,f8g7 f5f6 g7g6 f6f7 g6g7 e6e7 a5c6 e7e8 g7f6 f7f8q,1070,77,98,4657,advancedPawn crushing endgame knightEndgame promotion veryLong,https://lichess.org/BETONm2L/black#132,
0AF37,3rr3/p6k/1pp2Npp/8/1P1b1P2/4RPP1/P6P/4R1K1 b - - 2 29,d4f6 e3e8 d8e8 e1e8,622,84,100,561,advantage endgame master short,https://lichess.org/qaJX57GH/black#58,
063S6,r4rk1/pbpn2p1/1p1b1p1p/3P3q/4Q3/1P1B1N2/PB3PPP/R3R1K1 b - - 3 18,b7d5 e4h7 g8f7 f3h4,2259,77,94,696,advantage defensiveMove middlegame short,https://lichess.org/IxPNaCR9/black#36,French_Defense French_Defense_Rubinstein_Variation
04779,r1b2rk1/pp3pp1/1qn1pn1p/1N1p4/3P1B2/8/PPP1BPPP/R2Q1RK1 b - - 3 12,a7a6 f4c7 b6b5 e2b5,1560,75,95,15914,advantage opening short trappedPiece,https://lichess.org/cQcxf3xH/black#24,French_Defense French_Defense_Steinitz_Attack
0DcIY,2k1r3/7p/p1p3p1/q1b5/PpQrPB2/1P1N1P2/6PP/5K1R w - - 1 30,c4c5 a5c5 d3c5 d4d1 f1f2 d1h1,1139,75,100,292,advantage long middlegame skewer,https://lichess.org/BDgwZd51#59,
0BBVq,r3k2r/pbp2ppp/1pq1pn2/5n2/P1B2P2/3P3P/1PP1NRPK/R1BQ4 b kq - 0 15,h7h6 c4b5 c6b5 a4b5,1098,79,93,2193,crushing middlegame pin short,https://lichess.org/BxMpPzCS/black#30,Scandinavian_Defense Scandinavian_Defense_Mieses-Kotroc_Variation
0Z3yK,r6r/ppp3pp/2nbk3/4p3/8/8/PPPP1PPP/RNB2RK1 w - - 2 13,f1e1 c6d4 b1a3 d6a3 b2a3 d4c2,1403,76,95,16750,advantage capturingDefender long middlegame,https://lichess.org/nmwjd2Ab#25,Italian_Game Italian_Game_Two_Knights_Defense
0QjJz,r5r1/5k1p/p1B2ppB/2b1p3/P1qn4/1pP5/1P1Q1PPP/1K1RR3 b - - 0 31,a8c8 c3d4 c5b4 c6d5 c4d5 d2b4,1644,74,96,8468,crushing deflection long middlegame,https://lichess.org/50zfbnwC/black#62,
07TI6,3r2k1/2q2ppp/1rP1pn2/2Q5/1p1P4/5NP1/5P1P/2R1R1K1 b - - 2 27,d8d5 c5b6 c7b6 c6c7,1512,74,93,13064,advancedPawn crushing master masterVsMaster middlegame sacrifice short,https://lichess.org/lZVaZyxq/black#54,
0AZJl,2r3k1/1b2qpbp/pp1R2p1/8/P3PP2/3Q1B1P/6P1/5NK1 b - - 0 29,c8c3 d6d8 g7f8 d8f8 e7f8 d3c3,1285,75,91,486,advantage kingsideAttack long middlegame,https://lichess.org/Z6g1PKjH/black#58,
0KEyK,r4rk1/pp2bpp1/1qn1pn1p/1N1p1b2/P2P1B2/5NP1/1P2PPBP/R2Q1RK1 b - - 0 13,a7a6 f4c7 b6c7 b5c7,1617,75,94,4494,advantage middlegame short trappedPiece,https://lichess.org/96kAETOW/black#26,Slav_Defense Slav_Defense_Modern_Line
0198M,6rk/p1N2R1p/1n1Q4/2p1p3/8/7P/PPP3P1/4q2K w - - 1 33,h1h2 e1g3 h2g1 g3g2,866,79,97,1393,endgame mate mateIn2 short,https://lichess.org/ldvaocEE#65,
0BTR1,r2k2r1/pppbbp2/7p/3NpN2/2P5/8/PPP3PP/2KR3R b - - 0 16,d7f5 d5f6 e7d6 f6g8,1259,77,94,10750,advantage discoveredAttack middlegame short,https://lichess.org/wDgXYE2Y/black#32,Vienna_Game Vienna_Game_Max_Lange_Defense
0Wgvy,5rk1/1b3r1p/p1n3p1/1pNB4/6nq/P1PP4/1P2Q2N/R3R2K w - - 2 25,c5b7 g4f2 e2f2 h4f2,1255,75,97,14963,advantage kingsideAttack middlegame short,https://lichess.org/V8wOuOH7#49,
0AEKr,r1b1k2r/pp1p1ppp/1qn1pn2/8/4P3/P1N1PN2/1PP3PP/R2QKB1R b KQkq - 0 8,b6b2 c3a4 b2a1 d1a1,1524,74,88,137,advantage opening short trappedPiece,https://lichess.org/erkf2In5/black#16,Benoni_Defense Benoni_Defense_Benoni_Gambit_Accepted
0R8Qb,1kr1r3/4P1pp/pp3p2/P3n3/2p5/PKP3P1/4R2P/4R1B1 w - - 0 35,b3b4 e5d3 b4a4 b6b5,1763,74,95,12136,endgame fork mate mateIn2 short,https://lichess.org/aIIxmeiR#69,
0GqFM,3rr1k1/p4ppp/4bqn1/8/2N5/1P1p1BP1/P2RPP1P/2R1Q1K1 w - - 4 24,d2d3 d8d3 e2d3 f6f3,1931,75,85,218,advantage capturingDefender middlegame short,https://lichess.org/VUFIBbxx#47,
0CEeK,8/p3r3/1pb1pk2/4Rp1r/3P2p1/1B4P1/PP2R2P/6K1 b - - 2 60,c6e4 e2e4 f5e4 e5h5,1709,75,97,12360,crushing endgame short,https://lichess.org/rqW6U8EQ/black#120,
0Adsy,r1b1kb1r/ppQ2ppp/1n3q2/3p4/8/1P2P3/P3BPPP/RNB2RK1 w kq - 1 12,b1c3 f8d6 c7d6 f6d6,1344,75,76,589,advantage opening short trappedPiece,https://lichess.org/h4RDH2r1#23,Indian_Defense Indian_Defense_Budapest_Defense
0JvOv,1kr5/1p3R2/pQ2p3/6p1/2P1q2p/7P/P4PP1/6K1 b - - 0 29,c8c4 f7f8 c4c8 b6d6 b8a7 f8c8,1487,73,97,30115,crushing deflection endgame long,https://lichess.org/T5G9xS29/black#58,
07Iec,2r5/1b5k/4q1pp/1p5N/1P6/P1p5/2Q3PP/6RK b - - 3 35,b7e4 c2e4 e6e4 h5f6 h7g7 f6e4,1503,75,95,26112,advantage attraction endgame fork long pin sacrifice,https://lichess.org/R2Paqodd/black#70,
0DG5R,3rr2k/1p1q2bp/p2P2p1/2NQ1p1n/2P1p3/1P5P/P5PB/4RRK1 w - - 2 28,c5b7 h5f6 d5a5 d7b7,2096,75,94,10970,advantage middlegame short,https://lichess.org/wgyD1hQY#55,
08XZX,4r2k/1pp2rp1/2n4p/p3P2q/P1P2p2/2Q4P/1BP2P2/1R2R1K1 b - - 0 25,e8e5 e1e5 h5e5 c3e5 c6e5 b2e5,820,76,100,413,advantage long middlegame,https://lichess.org/QTcKHHpG/black#50,
0ZRvr,2kr4/pppn1Rp1/3p4/3P4/3Pp1Br/4q3/PPP3PP/R2Q3K w - - 2 17,d1e2 h4h2 h1h2 d8h8,1557,74,89,1401,attraction crushing kingsideAttack middlegame sacrifice short,https://lichess.org/7oX82ca9#33,Kings_Pawn_Game Kings_Pawn_Game_Busch-Gass_Gambit
081VD,1r6/p1p1k3/1b2p1rp/4P1q1/3p2B1/1QP4P/PP3PP1/R3K2R w KQ - 2 22,c3d4 b6a5 e1f1 b8b3,1055,79,94,821,crushing discoveredAttack middlegame short,https://lichess.org/NeBul0L4#43,
05l29,2r1r1k1/4qppp/p3p3/1p1bP3/2nQ4/2N2N2/PP3PPP/3RR1K1 b - - 5 20,c4b2 c3d5 e6d5 d4b2,1241,75,91,7725,advantage discoveredAttack master middlegame short,https://lichess.org/dIQyUTZg/black#40,
0PRpd,rn1qk1nr/pb3pbp/1pp3p1/3p4/Q2PP3/2N1BP2/PP4PP/R3KBNR w KQkq - 0 9,c3d5 b6b5 a4b3 c6d5,1346,76,84,931,advantage opening short,https://lichess.org/Cmpz8cHN#17,Modern_Defense Modern_Defense_Other_variations
08flf,1r1r2k1/p5pp/Q2Rp3/4p3/1P6/P3P2P/2q1KPP1/6NR w - - 3 26,e2f3 d8f8 f3g3 c2g6 g3h2 f8f2,2302,96,90,1407,crushing deflection long middlegame,https://lichess.org/ITp2VivX#51,
04Fmz,r6k/p5p1/1p1q1r1p/3P1p2/7R/P4P2/1B1Q1KP1/8 b - - 0 30,f6f7 h4h6 d6h6 d2h6,1172,77,98,1653,crushing endgame pin short,https://lichess.org/d08sWQ7z/black#60,
04jp6,3r2k1/3q1ppp/1P6/8/2Qbp3/6PP/6K1/3R4 b - - 0 34,d7d5 c4d5 d8d5 b6b7 d5b5 d1d4,2003,76,94,14809,advancedPawn crushing endgame long,https://lichess.org/klzJfoyu/black#68,
04xsC,3Q4/kp6/p1pP3q/8/4p1p1/4P1P1/3K1n2/2R5 b - - 1 61,f2d3 c1b1 d3c5 d8b6,2387,77,92,4357,crushing endgame short,https://lichess.org/GPuAnmKc/black#122,
04mzK,8/8/p2k1p1p/1p1Pb1p1/1P2P1P1/P4K1P/8/2B5 w - - 2 50,f3e3 e5f4 e3d3 f4c1,914,85,91,229,bishopEndgame crushing endgame short skewer,https://lichess.org/1MIbYaNk#99,
0K6ik,R3r3/4rpkp/1N6/K1N3Pp/1P5P/2P5/3Rb3/8 w - - 9 40,a8e8 e7a7 c5a6 a7a6,1377,74,96,18246,endgame mate mateIn2 short,https://lichess.org/TC7sDaGa#79,
03XGl,r2q1rk1/1bpn2b1/pp4Q1/5p2/2BPp3/P6P/1PP2PPN/R4RK1 b - - 4 18,g8h8 g6h5 g7h6 h5h6,997,78,94,2611,kingsideAttack mate mateIn2 middlegame short,https://lichess.org/5Rw2c5D2/black#36,Englund_Gambit_Declined Englund_Gambit_Declined_Reversed_French
0B5GV,r7/1bq1rpk1/p2bpnpp/1p6/7B/1BPQ1N2/PP3PPP/3RR1K1 b - - 3 23,e7d7 h4f6 g7f6 d3d4,1327,76,85,613,advantage attraction middlegame short,https://lichess.org/MLKAEHzF/black#46,
0NKgR,2rr2k1/R5bp/2bBp3/4Pp2/2p5/2N3P1/1PP3P1/3R3K b - - 0 28,g7e5 d6e5 d8d1 c3d1,1026,78,73,184,advantage hangingPiece middlegame short,https://lichess.org/FYkmG9Cx/black#56,
072Ch,r1bqk2r/pppp1p1p/2n2np1/2b1p1B1/2B1P3/3P1Q2/PPP2PPP/RN2K1NR b KQkq - 2 6,c6d4 f3f6 d8f6 g5f6,1595,75,92,4332,advantage opening short,https://lichess.org/qDjN1Oo8/black#12,Kings_Pawn_Game Kings_Pawn_Game_Wayward_Queen_Attack
02WQZ,5rk1/3P1pbp/q3p1p1/r2p4/1Q3P2/N1P1B3/PP4PP/R5K1 b - - 2 23,a5a4 b4f8 g7f8 d7d8q,1138,78,94,13876,advancedPawn crushing kingsideAttack middlegame promotion short,https://lichess.org/ndRPsVgd/black#46,
0Y36Q,8/p1kbr3/1pp3R1/4P3/6p1/2N3P1/PPP4P/6K1 w - - 1 31,c3e4 d7f5 g6g5 f5e4,1538,76,95,20063,advantage endgame fork short,https://lichess.org/PdlP5B0Q#61,
09uk2,1N6/4k1p1/P2Npp1p/r3P3/8/6Pn/4K3/8 b - - 4 46,f6e5 b8c6 e7d6 c6a5,1067,75,97,2829,crushing endgame fork short,https://lichess.org/n8FRAdCL/black#92,
02hKJ,rnbqkb1r/1pp2ppp/p3p3/4N3/2PPp3/8/PP3PPP/R1BQKB1R b KQkq - 1 7,f7f6 d1h5 g7g6 e5g6 h7g6 h5h8,1558,76,96,23683,advantage long opening,https://lichess.org/v13kTEYj/black#14,Queens_Gambit_Declined Queens_Gambit_Declined_Marshall_Defense
0MkjN,6k1/5p2/4p1p1/1P2P3/2P2PK1/2R4Q/6rq/8 w - - 21 68,c3g3 g2g3 h3g3 h2h5,1874,75,94,9868,endgame fork mate mateIn2 short,https://lichess.org/3K3Ah6rb#135,
0Rf9R,8/3b4/p1p5/PpP5/1P2BK2/2P3pk/8/8 b - - 3 47,g3g2 e4g2 h3g2 f4e5 g2f3 e5d6 d7e8 d6c7,1587,78,95,9746,bishopEndgame crushing endgame sacrifice veryLong,https://lichess.org/bINNVVZS/black#94,
098cl,Q7/p4ppk/3bq3/8/8/2P3P1/PP5P/5R1K w - - 5 38,a8a7 e6d5 h1g1 d6c5 a7c5 d5c5,1679,74,96,20481,advantage endgame fork long,https://lichess.org/xdaTD2Zc#75,
0RrIX,r5k1/5pb1/pnQP2Pp/2p5/2Pq3P/3B4/2R3PB/6K1 w - - 3 38,g1h1 d4a1 h2g1 g7d4,1331,76,94,13444,advantage clearance middlegame short,https://lichess.org/RD6mmDQ6#75,
0VHwG,6k1/5pbp/1q4p1/p3P3/Pp1p1P2/1PrQ2P1/2P4P/2R1R1K1 w - - 3 33,d3e4 d4d3 e4e3 b6e3 e1e3 d3d2 c1d1 c3e3,1540,77,95,17869,advancedPawn advantage discoveredAttack endgame kingsideAttack veryLong,https://lichess.org/erHx7l2H#65,
00oYS,4K3/4P1k1/8/8/8/8/2p1R3/2r5 w - - 10 59,e8d7 c1d1 d7e6 c2c1q,930,77,100,303,advancedPawn clearance crushing endgame master promotion rookEndgame short,https://lichess.org/poyLvn1d#117,
02xAQ,r4r1k/ppq2p1P/3bp1p1/3pn3/3Q1B2/2N5/PPP2P2/2KR3R b - - 2 21,f7f6 c3b5 e5d3 c1b1 d3f4 b5c7,2406,87,90,364,advantage defensiveMove long middlegame,https://lichess.org/RRwtxFEq/black#42,
0XG4L,3rr1k1/1p3pbp/1qpp2p1/p6B/2PnP3/1PN4P/P2Q2PB/1R1R2K1 w - - 0 23,c3a4 d4f3 g1h1 f3d2 a4b6 d2b1,1460,75,77,100,advantage doubleCheck long middlegame,https://lichess.org/QGSFttxB#45,
0DxN7,4r2k/p1p3pr/2p5/5P1q/2P2B1b/1P1R1P2/P1Q3P1/3R2K1 w - - 3 33,g2g3 h4g3 f4g3 h5h1 g1f2 h7h2 g3h2 h1h2,1220,78,82,386,clearance crushing exposedKing kingsideAttack middlegame sacrifice veryLong,https://lichess.org/F87Qaoru#65,
02ZSx,r4b1r/p1k1p1p1/2p5/2p1P2p/1q1nQB2/3P4/P5PP/R4RK1 b - - 1 21,d4c2 e5e6 c7d8 e4c6 b4d4 g1h1,1583,74,87,851,advantage defensiveMove deflection discoveredAttack long middlegame,https://lichess.org/4PlFpjY7/black#42,
0Iin0,8/1p4kp/p3r1p1/8/3B1R2/P6P/1P3Pb1/K7 b - - 3 34,g7h6 f4h4 h6g5 h4g4 g5h5 g4g2,1390,74,97,20914,advantage endgame fork long,https://lichess.org/srOcgwQF/black#68,
0L4Bz,r2q1rk1/pp3pp1/2n2nbp/2bN4/5P2/4N1P1/PP4BP/R1BQ1R1K b - - 2 17,g6e4 d5f6 d8f6 g2e4,1292,76,73,164,advantage kingsideAttack middlegame short,https://lichess.org/HOnfbQKd/black#34,Slav_Defense Slav_Defense_Modern_Line
05I6p,r1bq1rk1/pp3pbp/3p2p1/2pBnP2/4P3/5N2/PPP3PP/R1BQ1RK1 w - - 1 12,c1g5 e5f3 f1f3 d8g5,1147,78,84,341,advantage kingsideAttack middlegame short,https://lichess.org/b3Pf6EBK#23,Benoni_Defense Benoni_Defense_French_Benoni
006OI,8/p7/5k2/P5R1/6KP/8/8/5r2 w - - 5 53,g5g8 f1g1 g4f4 g1g8,843,97,76,261,crushing endgame rookEndgame short skewer,https://lichess.org/6AH1H5wg#105,
0HXoL,r2qkb1r/1pp3pp/p1n2pn1/3pP3/P2P1pb1/2NB1N2/1PP3PP/R1BQ1RK1 b kq - 1 11,c6d4 d3g6 h7g6 d1d4,1698,74,91,910,advantage discoveredAttack middlegame short,https://lichess.org/kJtUFFdC/black#22,Kings_Gambit_Accepted Kings_Gambit_Accepted_Bonsch-Osmolovsky_Variation
0Ekvz,r3k1nr/1b3pp1/p1nqp3/1pp1P2p/8/2NP1NP1/PPP3BP/R2Q1RK1 b kq - 0 13,c6e5 f3e5 d6e5 g2b7,1085,80,91,1505,crushing discoveredAttack master middlegame short,https://lichess.org/yVRYaIwT/black#26,Sicilian_Defense Sicilian_Defense_Closed
0ETrF,2R2r1k/5pp1/3p3p/p2Np3/4P1P1/1q1P3P/4QP2/1K3R2 w - - 0 27,b1c1 f8c8 c1d2 c8c2 d2e3 c2e2,1520,74,89,1108,advantage endgame exposedKing hangingPiece long queensideAttack skewer,https://lichess.org/eTx8GK55#53,
0KYr1,8/4pp2/1p4p1/1P6/1k2K1P1/4P2P/8/8 b - - 0 42,b4b5 h3h4 b5c4 h4h5,1851,74,95,16076,crushing endgame pawnEndgame quietMove short,https://lichess.org/EoEpEXTV/black#84,
0MTCl,r1bqk2r/2p1bp2/p4n2/1p1p3p/1Pn1pNpP/P1N3P1/1BPPPPB1/R2QK2R w KQkq - 4 14,c3d5 c4b2 d5f6 e7f6,1730,76,89,1644,advantage hangingPiece middlegame short,https://lichess.org/4HhjgkrQ#27,Hungarian_Opening Hungarian_Opening_Indian_Defense
0VWt5,r5k1/1p5p/1ppr1npP/4p3/4P2Q/1qNP1R2/1P4P1/2KR4 w - - 0 26,f3f6 a8a1 c3b1 a1b1 c1b1 b3d1,1384,75,97,1700,attraction crushing deflection long middlegame queensideAttack,https://lichess.org/lG6h4H3d#51,
059Mb,5k2/5p1p/p3bBp1/4P3/2r4P/8/2R2PP1/6K1 w - - 1 42,c2a2 c4c1 g1h2 e6a2,802,88,95,1313,crushing discoveredAttack endgame short,https://lichess.org/XmtxClEG#83,
0PWl2,8/2Bk4/6p1/1N1Pp1bp/p7/Pp3R2/1P5r/3K4 w - - 2 41,c7e5 h2d2 d1e1 d2d5 b5c3 d5e5,1466,75,97,17156,crushing endgame fork long,https://lichess.org/4bIS1uoC#81,
0BTyL,7k/3p2p1/1p5p/p1p5/P1PpB1K1/1P1P3P/4R3/5r2 w - - 3 38,e4g6 f1g1 g4f4 g1g6,975,79,70,144,advantage endgame short skewer,https://lichess.org/ZM1RylBV#75,
0Macb,1k1r4/ppp4r/2q2p2/1P1n4/P5Q1/2P1B3/5PP1/3R1RK1 b - - 0 26,c6c3 d1d5 d8h8 g2g3,2057,76,89,281,advantage defensiveMove middlegame short,https://lichess.org/NvoeuC0v/black#52,
0GekT,1knr3r/p1p2p2/Qp1p4/3P4/3qP1p1/2R3P1/PP1N2KP/2R5 w - - 7 28,c1c2 h8h2 g2h2 d4f2 h2h1 d8h8,1413,75,96,32537,attraction long mate mateIn3 middlegame sacrifice,https://lichess.org/Yb4GX7SO#55,
0I5V5,2kr3r/1p1b2p1/p7/3pQ1p1/1PP2q2/P7/2B2PPP/3RR1K1 w - - 1 34,e5d5 f4h2 g1f1 h2h1,1377,75,71,268,advantage kingsideAttack middlegame short,https://lichess.org/bjBuuALQ#67,
0BwF5,r1b1r1k1/p1p2pp1/3q3p/2bN4/1P6/P2B4/2P2PPP/R2Q1RK1 b - - 0 15,d6d5 d3h7 g8h7 d1d5,723,98,81,322,crushing discoveredAttack middlegame short,https://lichess.org/xKe6ulID/black#30,Scotch_Game Scotch_Game_Schmidt_Variation
0WW4t,4r2k/ppp3pp/6p1/2n1r3/3p1qPP/3P1P2/PPB3QN/3K1R1R w - - 2 26,f1e1 e5e1 h1e1 e8e1 d1e1 f4c1 e1f2 c1c2,1328,75,91,2177,attraction crushing exposedKing interference middlegame veryLong,https://lichess.org/amhDFFxn#51,
0ND4k,1rr3k1/1pR5/pP1p3b/1P1Pp3/4P1pP/3B1pP1/5K2/7R b - - 0 43,c8c7 b6c7 b8c8 b5b6,1197,76,96,3937,advancedPawn crushing endgame master short,https://lichess.org/BGupqy4d/black#86,
053LP,3rr1k1/pbp2ppp/1p6/nNnP2q1/2P5/P6P/1B2BPP1/1R1QR1K1 b - - 12 21,a5c4 e2c4 e8e1 d1e1,1120,76,88,1637,advantage hangingPiece middlegame short,https://lichess.org/fZP7SFHb/black#42,
05CIO,r2N1rk1/4Q1pp/pn3n2/1p6/5q2/1BN5/PP3PbP/R3R1K1 b - - 1 17,b6c4 e7f8 g8f8 d8e6 f8g8 e6f4,2245,86,90,2061,attraction crushing fork long master middlegame pin sacrifice,https://lichess.org/jMyRO1FR/black#34,Queens_Gambit_Declined Queens_Gambit_Declined_Harrwitz_Attack
0IGp2,r4rk1/5Rpp/p7/1p6/8/5Q2/q5PP/5R1K b - - 0 29,f8f7 f3a8 f7f8 a8f8,1279,75,96,14757,endgame hangingPiece mate mateIn2 short,https://lichess.org/j4UVrWRV/black#58,
02pop,8/1b6/4pr2/1p1p2pk/pPpP4/P1R1Br1P/3R1PK1/8 b - - 1 36,h5h4 e3g5 h4g5 c3f3,892,81,90,430,advantage discoveredAttack endgame short,https://lichess.org/HpwP640G/black#72,
0J7JM,4Q3/5npk/p6p/8/P2B2q1/4PpP1/1P3P1r/3R2K1 w - - 0 38,e8f7 h2h1 g1h1 g4h3 h1g1 h3g2,1746,72,96,16575,attraction endgame long mate mateIn3 sacrifice,https://lichess.org/V1bgvxmJ#75,
0INnm,8/8/4P1p1/4P2k/7p/4Q2P/4p1PK/4q3 w - - 6 62,e6e7 e1g3 e3g3 h4g3 h2g3 e2e1q,1068,76,96,1690,advancedPawn attraction crushing endgame long master promotion queenEndgame,https://lichess.org/qu5HarMc#123,
0Oo1S,8/pb4kp/1p3qp1/8/3p4/P1P1Q1P1/6BP/7K w - - 0 32,c3d4 f6f1 e3g1 b7g2,1535,72,95,27348,endgame mate mateIn2 pin short,https://lichess.org/BrVKF4pX#63,
00GBX,r6k/pp2n1pp/2nN4/4p1Br/1PB5/2P4b/P3Nb1P/R2R3K b - - 1 22,h5g5 d6f7 h8g8 f7g5,878,77,97,478,advantage discoveredAttack fork middlegame short,https://lichess.org/1YLxwOt0/black#44,
0VGbA,2r3k1/2q2ppp/4pn2/3p1b2/1b1P4/1N2PN2/Q3BPPP/5RK1 w - - 0 22,f1c1 c7c1 b3c1 c8c1 e2f1 f5d3,1302,74,93,8267,advantage long middlegame pin,https://lichess.org/Y5bEyrbo#43,
00ICz,2k2rr1/1p1q3p/1p2p3/1NbpQ3/P1p2P2/6P1/6KP/R4R2 b - - 0 31,f8f5 b5a7 c8d8 e5b8 d8e7 b8g8,1315,76,96,4145,crushing long middlegame skewer,https://lichess.org/aGEDdbh2/black#62,
0Tala,r1b1kb1r/3n1ppp/3p4/p2qp1B1/1p6/3B1P2/PPPQN1PP/R3K2R b KQkq - 1 13,f7f6 d3g6 h7g6 d2d5,1261,75,84,260,advantage discoveredAttack middlegame short,https://lichess.org/q9uc3emb/black#26,Pirc_Defense Pirc_Defense_Other_variations
08j3u,5r1k/pp3pp1/2p3bp/5q2/3PrN2/2P4P/PP1Q3K/4R1R1 w - - 0 26,f4g6 f7g6 e1e4 f5e4,1164,77,95,2862,advantage middlegame short,https://lichess.org/sF8v8QMi#51,
0CmCn,r4rk1/ppp2ppp/2np1q2/2b1p3/2B1P1b1/2NP2Q1/PPP2PPP/R3K1NR w KQ - 0 9,g3g4 f6f2 e1d1 f2f1 d1d2 f1a1,1478,76,95,12301,attackingF2F7 crushing long middlegame skewer,https://lichess.org/M7WHZEMG#17,Bishops_Opening Bishops_Opening_Vienna_Hybrid
0UBsk,r3kb1r/ppp2ppp/8/4Pb2/3q4/5Q2/PP4PP/RNB2BKR w kq - 0 12,f3e3 f8c5 f1b5 c7c6 e3d4 c5d4,1650,76,93,3048,advantage defensiveMove long opening quietMove,https://lichess.org/gPUcy6Lz#23,Russian_Game Russian_Game_Stafford_Gambit
0FxfI,8/8/8/4k3/1P6/5p2/2K5/8 w - - 0 49,c2d3 e5f4 b4b5 f4g3 b5b6 f3f2 d3e2 g3g2 e2e3 f2f1q,2061,76,94,14859,advancedPawn crushing endgame pawnEndgame promotion veryLong,https://lichess.org/lalyVkic#97,
0RJBp,r1b1kb1r/ppp2ppp/3p1q1n/4n1N1/2BQPP2/8/PPP3PP/RNB2RK1 b kq - 0 8,e5f3 g5f3 f6d4 f3d4,1572,75,98,1530,advantage hangingPiece opening short,https://lichess.org/VqqVl2DF/black#16,Scotch_Game Scotch_Game_Other_variations
0RTw5,r4rk1/p4p1p/bpn3p1/2ppp1q1/2PP4/PP1BP1P1/2Q1NP1P/R4RK1 w - - 0 16,d4c5 e5e4 d3e4 d5e4,1529,75,89,516,advantage middlegame short trappedPiece,https://lichess.org/D9ay47Hb#31,Nimzo-Indian_Defense Nimzo-Indian_Defense_Other_variations
001wr,r4rk1/p3ppbp/Pp1q1np1/3PpbB1/2B5/2N5/1PPQ1PPP/3RR1K1 w - - 4 18,f2f3 d6c5 g1h1 c5c4,999,77,97,2286,advantage fork master masterVsMaster middlegame short,https://lichess.org/KnJ2mojX#35,Pirc_Defense Pirc_Defense_Classical_Variation
0a1Ah,5rk1/1pr3b1/pNn1p2p/2NpP1pq/1P1P4/P2Q1pP1/2R2P1P/2R3K1 w - - 1 27,c5e6 h5h3 d3f1 h3e6,1585,74,96,21807,advantage middlegame short,https://lichess.org/8v8mRuFq#53,
0FTT5,2bnr1k1/p1pp2p1/1p2p1Bp/4N3/8/P1P5/1P4PP/5RK1 b - - 4 24,e8f8 g6h7 g8h7 f1f8,1450,73,97,21705,crushing deflection endgame kingsideAttack short,https://lichess.org/0FjVTUzw/black#48,
0MPxD,1r2r1k1/1p1q1pbp/2pp2p1/Q2n4/3P4/4P2P/PP1N1PPB/2R1R1K1 w - - 0 19,e3e4 b8a8 a5a8 e8a8,1797,75,95,1853,advantage middlegame short trappedPiece,https://lichess.org/mzAMa7yY#37,Modern_Defense Modern_Defense_Other_variations
0LKrj,1r1k1b1r/5ppp/p1qp1p2/2B5/N1P5/8/PP3PPP/R2Q1RK1 w - - 0 19,d1b3 b8b3 a2b3 d6c5,1132,77,92,1458,advantage middlegame short,https://lichess.org/b1uz5ssl#37,
054n8,r4rk1/pp3ppp/2nbpq2/3p2B1/3P1n2/2PB1N1P/PP2QPP1/R4RK1 w - - 12 14,e2c2 f4h3 g2h3 f6f3,1477,74,82,2194,advantage deflection discoveredAttack kingsideAttack master masterVsMaster middlegame short,https://lichess.org/Ingpk92C#27,Caro-Kann_Defense Caro-Kann_Defense_Exchange_Variation
0FExD,r4r1k/pp3p1B/5p1R/q1p5/8/4P1P1/PpQ2PP1/1K6 b - - 0 22,a8d8 h7g8 h8g7 c2h7,1574,73,94,21173,discoveredAttack endgame mate mateIn2 short,https://lichess.org/aBy3NVxP/black#44,
0Ec4v,2rqr1k1/2b2ppp/p1Q2p2/3N4/3P4/P3PP2/1P3P1P/R4RK1 w - - 1 18,a1c1 c7h2 g1h2 c8c6,949,100,94,106,crushing discoveredAttack middlegame short,https://lichess.org/QHMdZ4s5#35,Queens_Gambit_Declined Queens_Gambit_Declined_Marshall_Defense
0Fght,2rq1rk1/pp3ppp/2b2b2/8/2Q5/2NB4/PP3PPP/3RR1K1 b - - 3 18,c6f3 d3h7 g8h7 d1d8 c8c4 d8f8,1215,77,88,2655,advantage discoveredAttack kingsideAttack long middlegame,https://lichess.org/ExkC26gq/black#36,Benoni_Defense Benoni_Defense_Weenink_Variation
0GyrC,r2q1rk1/pp3ppp/1np5/3nP2b/P1BP2R1/7P/NP1BQ1P1/R5K1 w - - 3 19,g4g7 g8g7 e2h5 b6c4 d2h6 g7h8,1793,75,76,144,advantage hangingPiece long middlegame,https://lichess.org/8ocnkRSJ#37,Slav_Defense Slav_Defense_Other_variations
07Ghe,6k1/pp3p1p/2b3p1/8/2P2r2/1P5P/PQ1nK3/8 w - - 0 54,e2d2 f4f2 d2c3 f2b2,713,82,71,161,crushing endgame master short skewer,https://lichess.org/emlnbEuA#107,
0UUjc,r3r1k1/p4ppp/2pb1q2/7b/4Q3/1P3N1P/P1PN1PP1/R4RK1 w - - 1 17,e4c6 d6h2 f3h2 f6c6,1413,75,90,1286,advantage discoveredAttack middlegame short,https://lichess.org/hV41qMit#33,Philidor_Defense Philidor_Defense_Other_variations
0BxhQ,r5k1/2p2rpp/p4p2/1p2pP2/4P1Q1/2Pq2bP/P1RB2R1/3K4 w - - 0 28,g2g3 d3f1 d2e1 a8d8 d1c1 f1e1,1360,74,92,1236,crushing deflection exposedKing long middlegame,https://lichess.org/mAZB2t1h#55,
0Qyic,3rr1k1/2b2pp1/1p1q1nnp/p1pP1B2/8/PN2B1PP/1P3P2/1Q1RR1K1 b - - 0 27,g6f8 e3f4 e8e1 d1e1 d6d5 f4c7,1576,74,94,2015,advantage long master middlegame skewer,https://lichess.org/u6jpP0eD/black#54,
03htF,6k1/5rp1/bp2pr1p/3p4/1P1PnP2/q2B1NP1/7P/1R1Q1RK1 w - - 0 25,b1a1 a3d3 d1d3 a6d3,1471,76,95,20761,advantage middlegame short,https://lichess.org/YUwxYepM#49,
0Bdhn,6k1/6p1/1p2p1Pp/3p4/q2P4/r1r5/P3QP2/R4RK1 b - - 1 24,a4c2 e2e6 g8h8 e6e8,960,79,96,2044,endgame mate mateIn2 short,https://lichess.org/gmPgJmox/black#48,
004Ys,r4rk1/3q1pbp/p1n1p1p1/2p3NP/1p3B2/3P3Q/PPP3P1/R3R1K1 b - - 2 19,d7d4 f4e3 d4f6 e1f1 f6e5 h5g6 e5e3 h3e3,2375,78,90,371,advantage defensiveMove middlegame veryLong,https://lichess.org/LcIJdugn/black#38,Sicilian_Defense Sicilian_Defense_McDonnell_Attack
0PV2Y,rn1qk2r/p1pp2pp/1p2pn2/8/4b3/2BB1N2/PPP2PPP/R2QK2R b KQkq - 1 9,d8e7 c3f6 e7f6 d3e4,1508,75,80,146,advantage capturingDefender opening short,https://lichess.org/GwmflOaT/black#18,Owen_Defense Owen_Defense_Other_variations
07g9A,4rrk1/1pp2p2/pb1p1q1p/6p1/1PPp4/P2Q2PP/4N1PK/3R1R2 b - - 2 22,e8e3 f1f6 e3d3 d1d3,1131,77,92,745,advantage middlegame short,https://lichess.org/7DcY1gND/black#44,
0OMus,4r1k1/1p4p1/p3np1p/5P2/P2B4/2P3Q1/1q4P1/4R1K1 b - - 0 28,e6d4 e1e8 g8f7 g3g6,1290,76,97,15209,endgame hangingPiece killBoxMate mate mateIn2 short,https://lichess.org/yVDomY70/black#56,
0FhBG,r2q2k1/p1p2rp1/1pP5/3pQ3/5pb1/1B6/PP4PP/2K1R2R b - - 3 21,f7f5 e5e6 g8f8 h2h3 f5f6 e6g4,2126,75,96,854,advantage long middlegame skewer,https://lichess.org/YgZW0mhK/black#42,
014eN,r5k1/1pp3pp/2np3q/p3p3/6n1/1P2PNN1/PBP2PBr/R2Q2K1 w - - 4 19,f3h2 h6h2 g1f1 g4e3 f2e3 a8f8,2210,82,90,1370,advantage kingsideAttack long middlegame,https://lichess.org/i2SoBtXC#37,Russian_Game Russian_Game_Three_Knights_Game
04nGz,4r2r/p1pk1p2/Q2b2qp/2p3p1/P1PPp3/8/1P1B1PPP/R3R1K1 w - - 0 21,d4c5 d6h2 g1h2 g6a6,1511,75,92,1591,crushing discoveredAttack master middlegame short,https://lichess.org/QG6FqxoW#41,
0G37K,r3r1k1/ppp2ppp/3p4/5b1q/2N1PQ2/8/P1P2PPP/R3R1K1 b - - 1 23,f5e4 e1e4 e8e4 f4e4 d6d5 e4e5 h5e5 c4e5,1799,75,87,1095,advantage middlegame veryLong,https://lichess.org/t87t4EMm/black#46,
0JaxG,r4rk1/5p2/bp3nRp/p2P4/3P1q1P/P1N2N2/1PQ2P2/1K4R1 b - - 0 24,f7g6 c2g6 g8h8 g6g7,1158,75,95,10061,kingsideAttack mate mateIn2 middlegame short,https://lichess.org/b2zrTDy1/black#48,
0RuQr,2r1r1k1/pp3pp1/2n5/3pN2p/3Pn3/PQ2P1P1/3BBPqP/R3KR2 w Q - 5 19,e2f3 g2f1 e1f1 e4d2 f1g2 d2b3,1731,77,96,18471,attraction crushing fork long middlegame,https://lichess.org/vpB5K8kr#37,Nimzo-Indian_Defense Nimzo-Indian_Defense_Classical_Variation
0HWag,5r1k/5RbP/2p1p1Q1/p1q3P1/P7/2Pp4/1B1K4/8 b - - 2 38,c5e5 f7f8 g7f8 g6g8,1364,74,97,24262,endgame mate mateIn2 short,https://lichess.org/64iEQgdp/black#76,
0J1BO,1kR1r3/4Q1p1/pr2Nn2/1q1P4/4P2p/5P2/6PP/2R3K1 b - - 9 32,e8c8 c1c8 b8c8 e7c7,1207,75,96,9777,attraction mate mateIn2 middlegame short,https://lichess.org/OahGKNfc/black#64,
0Cri4,r2qr1k1/p1p1b1p1/1p3p1p/4N2P/3PQ1P1/4P3/PP3P2/R3K1R1 w Q - 0 19,e5c6 e7b4 e1e2 e8e4 c6d8 a8d8,852,79,85,245,crushing discoveredAttack long middlegame,https://lichess.org/lyNxyDRJ#37,Queens_Gambit_Declined Queens_Gambit_Declined_Three_Knights_Variation
0Lshm,3R4/8/8/5k1P/1p6/1p4r1/1K6/8 b - - 0 62,f5g5 d8g8 g5h5 g8g3,1118,76,92,687,crushing endgame rookEndgame short skewer,https://lichess.org/QCMEQUB0/black#124,
0886I,3r4/5pk1/p1RPp3/6P1/P2n4/8/8/2R3K1 w - - 0 45,c6c7 d4e2 g1f1 e2c1,922,75,87,671,advantage endgame fork master masterVsMaster short,https://lichess.org/BEDFoEGp#89,
0NoeZ,r1b1k2r/2q2ppp/3bp1n1/1pp5/3p4/P2P1QB1/BP3PPP/RN2R1K1 b kq - 0 15,c8b7 g3d6 c7d6 f3b7,1402,78,94,27263,advantage middlegame short,https://lichess.org/21XH9ZQT/black#30,Sicilian_Defense Sicilian_Defense_French_Variation
01mVv,1k1r2nr/1p5p/p3Qpb1/4n3/3q4/2BB4/PPP2PPP/R4RK1 b - - 1 20,d4d7 c3e5 b8a7 e6d7,1609,74,89,1927,advantage middlegame queensideAttack short,https://lichess.org/1kDyJqxz/black#40,
0DaNi,r2qk2r/p1pb2pp/1pnp1N2/2b1p1N1/2P1P3/5Q2/P2BBPPP/R3K2R b KQkq - 0 16,g7f6 f3h5 e8e7 h5f7,994,77,95,2325,mate mateIn2 middlegame short,https://lichess.org/be5abptG/black#32,Scotch_Game Scotch_Game_Other_variations
0APab,8/2pk2pp/p1n5/1pN5/5q2/2P5/PPK1R2P/8 b - - 0 29,d7c8 e2e8 c6d8 e8d8 c8d8 c5e6 d8e7 e6f4,1454,80,94,20792,attraction crushing endgame fork sacrifice veryLong,https://lichess.org/KgSomakC/black#58,
0JmnW,r1bqr1k1/2p2ppp/1pn2n2/p2p2B1/8/PBPQ1N2/1PP2PPP/R4RK1 w - - 0 13,b3d5 d8d5 g5f6 d5d3 c2d3 g7f6,1371,75,92,3027,advantage long middlegame,https://lichess.org/0Adn3y85#25,French_Defense French_Defense_Other_variations
07irA,rnbq3r/pp3kpp/2p2n2/2Q1p3/4p3/2N5/PPPP1PPP/R1B1K1NR w KQ - 0 8,c3e4 f6e4 c5c4 d8d5 c4d5 c6d5,1495,76,88,883,advantage hangingPiece long opening,https://lichess.org/nchD9Uwk#15,Vienna_Game Vienna_Game_Stanley_Variation
0AEp6,r4n1r/1bq3k1/pp3b2/2p1ppp1/P1P5/1P3P2/1B1Q2PP/R3RBKN w - - 1 25,d2g5 f6g5 b2e5 c7e5,1185,81,92,367,advantage hangingPiece middlegame short,https://lichess.org/xhkU2ALn#49,
0NaTT,4Qnk1/2R4p/p4p2/1p6/1P1P4/8/7K/q7 b - - 2 34,a1d4 e8f7 g8h8 f7f8,1160,76,98,5092,deflection endgame mate mateIn2 short,https://lichess.org/44paSNjq/black#68,
05FjH,1n3rk1/r3bppp/p2q1n2/1pp1N3/3pP3/P2P2NP/RPP2PP1/2BQ1RK1 w - - 1 15,c1f4 d6e6 b2b3 e7d6,2229,85,90,225,advantage clearance middlegame short,https://lichess.org/h6j1SLJh#29,Van_Geet_Opening Van_Geet_Opening_Other_variations
0YsqF,2R5/1p4p1/1Pb1pk1p/5p2/8/3B1PP1/4P1KP/r7 b - - 2 33,e6e5 c8c6 b7c6 b6b7,1578,76,96,16685,advancedPawn crushing endgame sacrifice short,https://lichess.org/SnXQuMgk/black#66,
0PpPV,r2brk2/6p1/pp1pBN1p/2q2Q2/8/8/PPP2PPP/4R1K1 b - - 0 25,c5f5 f6d7 f8e7 e6f5 e7f7 f5g6 f7g6 e1e8,1854,75,93,5024,advantage deflection discoveredAttack intermezzo middlegame veryLong,https://lichess.org/PWQTRXMR/black#50,
0PQFS,r4k2/2q3b1/4pr2/3p3R/2pP1P2/2P3P1/PQ6/2K4R b - - 0 31,a8b8 h5h8 g7h8 h1h8 f8g7 h8b8,1777,79,93,8293,advantage exposedKing long middlegame sacrifice,https://lichess.org/TJ2sT3PM/black#62,
0RqDs,4r1k1/pp3pp1/8/2p2b2/2P1nP2/1P2R2P/PQ1r2P1/R6K w - - 1 27,b2a3 e4f2 h1g1 e8e3,1274,75,93,1377,advantage discoveredAttack kingsideAttack middlegame short,https://lichess.org/varXGTnO#53,
06JrE,r3r1k1/p1p1qp1p/1p4p1/4b3/2P1Q3/1P4P1/PB3P1P/2RR2K1 w - - 0 19,d1e1 e5b2 e4e7 e8e7 e1e7 b2c1,1041,78,89,192,advantage hangingPiece long middlegame,https://lichess.org/wKcHocgF#37,
0OIxa,1kr5/1pp3r1/p7/8/1P6/P6q/5QB1/2R2RK1 w - - 3 35,f2f3 g7g2 f3g2 h3e3 f1f2 e3c1,2133,77,91,4384,crushing deflection exposedKing long middlegame sacrifice,https://lichess.org/qeuWe7br#69,
0I3bL,r1bq1rk1/pp3ppp/2p5/3p4/4nP2/5Q2/PPP1B1PP/R1B2RK1 b - - 1 12,c8g4 f3g4 d8b6 g1h1 e4f2 f1f2,1273,75,95,1166,advantage hangingPiece long middlegame,https://lichess.org/qw0xNETz/black#24,Four_Knights_Game Four_Knights_Game_Halloween_Gambit
00nFD,r4rk1/p1q2pb1/2p1b1pp/3np3/2B1N2P/4BP2/PPP3P1/2KRQ2R w - - 0 16,g2g4 d5e3 c4e6 e3d1,1206,78,93,4913,advantage master middlegame short,https://lichess.org/FeP6qhNK#31,Sicilian_Defense Sicilian_Defense_Dragon_Variation
0G3RG,6R1/8/p1p5/1b5p/6k1/1r6/5B2/6K1 b - - 5 53,g4f3 g8g3 f3e4 g3b3,1240,75,84,312,advantage endgame short skewer,https://lichess.org/kIhwDp3w/black#106,
04rOq,8/6pp/2Rbkp2/8/4pP2/4r2P/3N2P1/6K1 b - - 1 33,e6d5 c6d6 d5d6 d2c4 d6e6 c4e3,1096,78,91,3697,attraction crushing endgame fork long sacrifice,https://lichess.org/oduYN179/black#66,
0AYyP,2b1rnk1/1p4p1/3p2q1/3PppP1/7Q/2B1PB1P/8/5RK1 b - - 4 30,f8h7 f3h5 g6g5 h4g5 h7g5 h5e8,1192,82,92,4197,advantage long middlegame,https://lichess.org/Maibd1XH/black#60,
0Ac46,2kr3r/p1p2ppp/1p2p3/nPP5/Q2P1bq1/P3B3/3N1PPP/R4RK1 w - - 0 18,d4d5 f4h2 g1h2 g4a4,1514,74,98,11177,crushing discoveredAttack master middlegame short,https://lichess.org/BLmHKu1T#35,Nimzowitsch_Defense Nimzowitsch_Defense_Scandinavian_Variation
0NOIy,rn1qk2r/ppp2ppp/8/3p1b2/3PP3/2B3nP/PPQN1PP1/R3KB1R b KQkq - 0 11,f5e4 c2a4 b8c6 f2g3,1922,75,91,2057,advantage opening short,https://lichess.org/WR30Jl7m/black#22,English_Opening English_Opening_Agincourt_Defense
0Pvnt,6rr/1kqn1Q2/1pn1p1p1/p2pP1b1/2pP4/2P2PB1/PP1NN1PP/2R2R1K w - - 5 25,c1c2 c6d8 f7g8 h8g8,1828,74,95,5624,advantage middlegame short trappedPiece,https://lichess.org/PudGkvQ0#49,
0aDJZ,4r3/p7/2p2k2/3p2p1/2p1P3/2P2P2/P2KR3/8 b - - 3 35,f6e5 e4d5 e5f6 e2e8,1421,76,91,1545,crushing discoveredAttack endgame rookEndgame short skewer,https://lichess.org/n4p7qrzN/black#70,
09X8l,5R2/8/4k3/3n2Pp/5P1P/6K1/1r6/8 b - - 0 56,d5e3 f8e8 e6f7 e8e3,898,81,87,318,advantage endgame master short skewer,https://lichess.org/6oObDqN1/black#112,
025y9,5rk1/6pp/pqp1p3/4P3/2K5/2P3P1/PP2Q2P/3R4 w - - 3 28,b2b4 b6b5 c4b3 b5e2,995,77,82,225,crushing endgame short skewer,https://lichess.org/lFJGLa42#55,
0MRLk,r5k1/1b3pp1/4p2p/bN1p2q1/3p4/3B1P2/1P3P1P/Q1R2K2 b - - 6 26,a5d2 a1a8 b7a8 c1c8 g5d8 c8d8,1395,75,96,17380,fork long mate mateIn3 middlegame sacrifice,https://lichess.org/VNFMOclE/black#52,
0Eins,r1r3k1/5ppp/8/2n1p1P1/1p1NQ2P/pPqN1P2/P1P4R/1K1R4 w - - 3 28,d4b5 c5e4 b5c3 e4c3,1754,77,95,15415,advantage middlegame queensideAttack short,https://lichess.org/zlVJqB4R#55,
08Tii,r1bq1rk1/1p2npp1/p1n4p/3p4/P1B4B/2P2N1P/5PP1/R2Q1RK1 w - - 0 14,c4d5 d8d5 d1d5 e7d5,1488,74,90,1674,advantage opening short,https://lichess.org/12b39brf#27,Sicilian_Defense Sicilian_Defense_Smith-Morra_Gambit
078kF,r7/5ppp/8/1pk5/2b5/5P2/P2R2PP/K1R5 w - - 2 32,a1b2 a8a2 b2b1 a2d2,702,81,100,2605,crushing endgame short skewer,https://lichess.org/0mfaNFVP#63,
0KNa2,4q1k1/2Q1P1pb/2p2p1p/p7/Pn6/3r1N2/1P3PPP/4R1K1 b - - 2 28,d3d7 c7d7 e8d7 e7e8q d7e8 e1e8,1057,76,93,154,advancedPawn advantage kingsideAttack long middlegame promotion,https://lichess.org/sHRclgH3/black#56,
0OCyO,r5k1/1p2b1pp/p3Q3/2p5/PnN2r2/8/qPP2PPP/3R1RK1 b - - 0 18,f4f7 d1a1 a2a1 f1a1,2066,76,94,249,advantage middlegame short trappedPiece,https://lichess.org/50U5bqYb/black#36,Philidor_Defense Philidor_Defense_Exchange_Variation
0VklY,2r1b2q/1p3p2/p1p1pkN1/8/3P4/P5Q1/1P3P1P/2R4K b - - 0 32,f7g6 g3e5 f6f7 e5h8,1246,74,94,1546,crushing endgame short skewer,https://lichess.org/HfJY99iV/black#64,
0GylK,4r1k1/ppp2ppp/5n2/7r/3q4/P2P1PP1/1PP3KP/R1BQ1R2 w - - 3 20,f1e1 h5h2 g2h2 d4f2,1594,74,87,456,attraction crushing middlegame sacrifice short,https://lichess.org/2kL9AWWE#39,
04PtE,r1b1r1k1/pp3ppp/5q2/3p4/3Pn3/BQP3P1/P4PBP/R3R1K1 w - - 7 16,b3d5 f6f2 g1h1 e4g3 h2g3 e8e1 a1e1 f2e1,1282,76,91,2301,advantage discoveredAttack kingsideAttack middlegame veryLong,https://lichess.org/Ik0jjWsd#31,English_Opening English_Opening_Kings_English_Variation
0LMjY,r2q1rk1/5ppp/p1nbpn2/1p1p1b2/3P3N/1BN1P3/PP3PPP/R1BQR1K1 b - - 5 12,d6h2 g1h2 f6g4 h2g3,1943,75,88,260,advantage hangingPiece middlegame short,https://lichess.org/UcpKZQvP/black#24,Slav_Defense Slav_Defense_Other_variations
0L24d,r2k1bnr/pp2qB2/2pp3p/4pppQ/1n2P3/NP1P3P/PBP2PP1/R4RK1 w - - 0 14,e4f5 g8f6 h5e2 e7f7,1085,80,91,1550,advantage middlegame short,https://lichess.org/W3J5BIcC#27,Italian_Game Italian_Game_Other_variations
0JhfK,1r3k1r/n1p2p2/1b3N2/pP2Q2p/P7/3P2Pq/5P1P/3R1RK1 b - - 0 26,h5h4 f6d7 h3d7 e5h8,1048,75,100,439,crushing discoveredAttack middlegame short,https://lichess.org/CEfArVJu/black#52,
0KVUP,6r1/1pp2rk1/p3p1p1/5pP1/3Q3R/3P3P/P1P2PK1/4q3 b - - 2 28,e6e5 h4h7 g7h7 d4h4 h7g7 h4h6,1478,74,96,30025,attraction endgame long mate mateIn3 sacrifice,https://lichess.org/KfYqftJG/black#56,
0BCge,1r1qb3/6kp/3p2p1/1p6/1P1QP3/5P2/P5PP/2R4K b - - 3 29,d8f6 d4a7 e8f7 a7b8,2008,74,92,7269,crushing endgame fork master short,https://lichess.org/i6d0cLt3/black#58,
0DI5X,r1b1k2r/pp1p1ppp/1qn1p3/8/N1P1P1n1/5N2/PP1Q1bPP/R1BK1B1R b kq - 1 10,g4e3 d1e2 b6a6 e2f2,1645,74,89,449,advantage opening short trappedPiece,https://lichess.org/CfV1mptz/black#20,Sicilian_Defense Sicilian_Defense_Taimanov_Variation
00ZEW,r1b5/pppqNkp1/3p3p/6rn/1PP2p1N/P5P1/4Q2P/4RRK1 b - - 3 22,g5e5 e2h5 e5h5 f1f4 f7e8 e7g6,2319,88,90,1774,advantage discoveredAttack long middlegame pin sacrifice,https://lichess.org/cjMxj5uZ/black#44,
0Ar8z,r4rk1/2q2pp1/2nbpn1p/pp1p4/3P4/P1P1NB1P/1PQB1PP1/R4RK1 b - - 0 16,c6d4 c3d4 c7c2 e3c2,1247,75,91,6949,advantage hangingPiece middlegame short,https://lichess.org/FHrV2De6/black#32,Caro-Kann_Defense Caro-Kann_Defense_Other_variations
0Qg8s,rnbqkb1r/1p3pp1/p3pn1p/8/3NP3/P1NB4/1P3PPP/R1BQ1RK1 b kq - 0 10,d8d4 d3b5 a6b5 d1d4,1312,76,91,1494,advantage discoveredAttack opening short,https://lichess.org/hpWiVwUY/black#20,Indian_Defense Indian_Defense_Anti-Nimzo-Indian
00DPI,3r2k1/1B3p1p/6p1/3N4/3p2P1/6r1/5KP1/3R4 b - - 5 35,g3g4 d5f6 g8g7 f6g4,994,76,99,593,advantage endgame fork short,https://lichess.org/Wjj7mxD9/black#70,
0DHbe,1r5k/rq4pp/2p2p2/8/pp1P1P2/4P3/Q2R1P1P/2K2BR1 w - - 2 28,d2b2 b4b3 a2a3 b7b4 a3b4 b8b4 f1h3 a4a3,1713,75,92,2302,advantage clearance middlegame veryLong,https://lichess.org/ZrElIjd7#55,
02ZlS,2k3r1/pp1b1p2/2pp1q2/4p3/2BPP2P/2Q2nb1/PPP5/2K2R1R b - - 0 23,e5d4 c3f3 f6h6 c1b1,1609,75,93,1542,advantage defensiveMove middlegame short,https://lichess.org/2q5j3HUy/black#46,
0DS19,1r3k2/p4ppp/4b3/2P5/4n1nN/2P3P1/1q4BP/R2Q1R1K w - - 1 23,d1e1 e4f2 h1g1 f2h3,1902,75,86,856,advantage kingsideAttack middlegame short,https://lichess.org/oTvc3Zpi#45,
0Lh0g,rn2kb1r/1p2pppp/pq1pbn2/8/3NP3/2NB4/PPP2PPP/R1BQK2R b KQkq - 9 10,b6d4 d3b5 a6b5 d1d4,1189,77,93,3332,advantage discoveredAttack opening short,https://lichess.org/k6Ksewb9/black#20,Sicilian_Defense Sicilian_Defense_Najdorf_Variation
0KFK0,1rr3k1/3N1pb1/5qp1/p2p1n1p/3N2bP/1BP5/P2Q1PP1/KR2R3 b - - 11 27,f5d4 d7f6 g7f6 c3d4,1503,74,96,9771,advantage intermezzo kingsideAttack middlegame short,https://lichess.org/Gn6VCXMg/black#54,
00DkJ,3r1bnr/2p2ppp/2b5/R1k5/5P2/2N5/4N1PP/1R4K1 b - - 3 21,c5d6 b1d1 d6e7 a5e5 e7f6 d1d8,1667,74,92,2986,crushing deflection exposedKing long middlegame,https://lichess.org/JJiGlqDg/black#42,
07AwJ,2q5/pp3pk1/6pr/bP2P3/P2P4/4QPP1/6BP/R5K1 w - - 0 36,d4d5 a5b6 e3b6 a7b6,1138,80,90,2151,advantage endgame pin short,https://lichess.org/fzGXftuU#71,
0GZZ4,4k2r/1b6/p2p2p1/1p1Nq3/2r1P1p1/PN6/1PPQ2P1/1K2R3 b k - 2 25,c4e4 e1e4 e5e4 d5f6 e8f7 f6e4,1575,75,95,20743,attraction crushing exposedKing fork long middlegame pin,https://lichess.org/cTTFHk6H/black#50,
0YdEt,5rk1/3N1ppp/b1p5/p2p2P1/P2P1Q1P/brN5/8/1K1R3R w - - 0 27,b1c2 b3b2 c2c1 b2f2 c1b1 f2f4,1301,73,96,10250,advantage discoveredAttack exposedKing long middlegame,https://lichess.org/97DUTyCK#53,
0Q8QK,3r1rk1/p1p1N1p1/1p5p/4Qp1n/2q5/P3P3/5PPP/R2R2K1 b - - 1 21,g8h7 d1d8 f8d8 e5f5,1288,76,95,28434,advantage middlegame short,https://lichess.org/X0Zt2N3f/black#42,
03DB8,6k1/4R3/2r2K1p/8/5P1N/3p4/P5P1/8 w - - 2 38,e7e6 c6e6 f6e6 d3d2 h4f5 d2d1q,1234,79,94,14858,advancedPawn crushing endgame long promotion,https://lichess.org/R3U5fW7X#75,
077Dw,rn2k2r/pbpp1pRp/1p1b4/8/3B4/P4N1q/1PP1BP2/R2QK3 b Qkq - 0 16,h3h1 g7g1 h1g1 f3g1,1537,74,91,787,advantage defensiveMove middlegame short,https://lichess.org/4nuapdvd/black#32,Owen_Defense Owen_Defense_Other_variations
0NIpL,2rq1rk1/4n1pp/p4p2/1p3N2/1QB4B/4n2P/PP3PP1/2KR3R b - - 2 19,c8c4 b4c4 e3c4 d1d8 f8d8 f5e7,1197,77,92,2586,advantage capturingDefender kingsideAttack long middlegame,https://lichess.org/3yhZ91yp/black#38,Queens_Pawn_Game Queens_Pawn_Game_Levitsky_Attack
0NItS,5rk1/p1n1Br1p/1p2Q1b1/2pP2p1/8/4PRP1/P1q3BP/5RK1 w - - 5 30,e6f7 f8f7 f3f7 g6f7 d5d6 c7e6,1616,75,94,2298,advantage defensiveMove long middlegame,https://lichess.org/DgeXvt3O#59,
0ChRE,r4rk1/1p4p1/3p3p/p2Pp2q/Pn2p1B1/1Q4R1/1P3PPP/3R2K1 b - - 1 31,h5f7 g4e6 g8h8 e6f7,891,81,89,387,crushing middlegame pin short,https://lichess.org/G6brmRAJ/black#62,
0VHFU,8/5k2/4r3/1pB2qp1/3Pb2p/4Q2P/6P1/3R2K1 w - - 0 35,d1f1 f5f1 g1f1 e4g2,1497,74,93,15991,attraction crushing endgame sacrifice short,https://lichess.org/E6f7yv4J#69,
0JUbQ,8/4RPp1/5r1k/7p/8/6K1/8/8 b - - 6 72,g7g5 e7e6 f6e6 f7f8q,1272,75,97,1454,advancedPawn advantage deflection endgame pin promotion rookEndgame short,https://lichess.org/ySpzTdmC/black#144,
0ISt4,3q4/5k2/1p2p1p1/p1p2p2/2Q1pP2/1P6/P5PK/4R3 w - - 0 39,c4b5 d8h4 h2g1 h4e1,1033,79,95,5328,crushing endgame fork short,https://lichess.org/xcURxUFI#77,
0CcpF,2r3k1/5p2/p3p1pP/4P3/n1rB2P1/2P4R/P3K3/2R5 w - - 1 31,g4g5 c4d4 c3d4 c8c1,1554,72,96,30664,advantage discoveredAttack endgame short,https://lichess.org/eeZ1Z1FX#61,
0IjcW,8/2k5/P7/1KP5/5p1p/5P2/8/8 w - - 0 40,a6a7 c7b7 c5c6 b7a7 b5c5 a7b8 c5d6 b8c8 d6e5 h4h3,1750,75,97,12199,crushing endgame pawnEndgame veryLong,https://lichess.org/4ws4l4xz#79,
0F5Gg,8/pk3p1p/1p3n2/5R2/5B2/2R3P1/PPP2PKP/3qr3 w - - 9 34,f5f6 e1g1 g2h3 d1h5,1085,76,97,7257,endgame mate mateIn2 short,https://lichess.org/qQy3aAz7#67,
0GU1x,8/6pk/2Q1p2p/3q4/3P1K2/2n1PP1P/8/8 w - - 8 49,c6c3 d5g5 f4e4 g5f5,1727,72,94,13032,endgame mate mateIn2 queenEndgame short,https://lichess.org/VTK6DIMi#97,
0MMvV,r4rk1/ppqnbp1p/2p1p1p1/8/4Q3/1P5P/PBP1BPP1/R2R2K1 b - - 1 17,e7f6 d1d7 c7d7 b2f6,1455,75,89,254,advantage capturingDefender middlegame short,https://lichess.org/fFqS3Hzh/black#34,Scandinavian_Defense Scandinavian_Defense_Valencian_Variation
07oWQ,8/p4r1p/1p4pk/8/1P6/P4BPP/2n1P1K1/3R4 w - - 3 31,d1d3 c2e1 g2f2 e1d3,975,78,100,234,advantage endgame fork short,https://lichess.org/eCmIzNuS#61,
099Ug,3r1rk1/2p2pp1/pn1bqn1p/1p2p3/4P3/1PP2NQP/P1BB1PP1/R2R2K1 w - - 4 25,d2h6 f6h5 g3h4 e6h6,1353,74,93,3825,advantage discoveredAttack middlegame short,https://lichess.org/ynnfuP7j#49,
0Pmok,4r2k/ppp2Q1p/7P/P3r3/5p2/4q3/1PP5/5KR1 b - - 1 35,e5e7 f7f6 e7g7 f6g7,1450,75,97,26868,endgame mate mateIn2 short,https://lichess.org/kvYEjaO3/black#70,
0CPg7,2q1r3/2p2pk1/2Pp4/1N1P3r/p5n1/P4Q2/2BB1PP1/5RK1 w - - 0 29,f3g3 e8h8 d2c3 f7f6 c3f6 g7f6 g3f4 f6g7,2031,74,92,5599,advantage defensiveMove middlegame quietMove veryLong,https://lichess.org/Xl68Fyb8#57,
03jNq,r1b2rk1/5p2/p2pp1p1/1pq1n1bP/4P3/1NNB2Q1/PPP5/2K2R1R w - - 0 20,g3g5 e5d3 c2d3 c5g5,1195,74,96,742,advantage discoveredAttack middlegame queensideAttack short,https://lichess.org/YM9fVpH4#39,
03wPS,5rk1/p4r2/1pB4p/PPp1P1p1/2p3b1/2Q3P1/5q1P/1R1R3K b - - 0 34,f7f3 c3c4 g8g7 c4g4,2278,75,93,8516,crushing fork middlegame short,https://lichess.org/iy2RW3cY/black#68,
0ShXT,2r2rk1/pp2bPpp/8/3p4/8/PN2q2P/1P3PP1/2R2RK1 b - - 0 21,f8f7 c1c8 f7f8 c8f8 g8f8 f2e3,1366,75,95,8071,crushing discoveredAttack hangingPiece long middlegame,https://lichess.org/u6Lfp9PE/black#42,
05fpr,r1bqnrk1/pp1p1pbp/2n1p1p1/4P3/2BN4/2N4P/PPP2PP1/R1BQR1K1 b - - 0 10,g7e5 d4c6 b7c6 e1e5,1361,74,79,132,advantage capturingDefender intermezzo opening short,https://lichess.org/ZnMPusMI/black#20,Sicilian_Defense Sicilian_Defense_Bowdler_Attack
0ExW4,1rb2rk1/p3ppb1/2pp2p1/4n1BP/4P2P/2PB1P2/PqQN4/1R2K2R b K - 1 16,e5f3 d2f3 b2b1 c2b1 b8b1 d3b1,872,91,94,254,advantage hangingPiece long middlegame,https://lichess.org/vlFHqK7K/black#32,Sicilian_Defense Sicilian_Defense_Dragon_Variation
0A9zT,1Q6/p1Rbk3/4p3/P4pp1/3Pp3/KP1n3P/2N2P2/3q4 w - - 18 40,b8h8 d1c1 a3a2 c1b2,1528,74,96,25444,endgame mate mateIn2 short,https://lichess.org/Uswrvza2#79,
0CGjf,1k1r2nr/ppp3b1/2n2p2/3q4/3N2Q1/1P2P1p1/PB1N1PP1/R4RK1 w - - 2 18,g4g7 h8h1 g1h1 d5h5 h1g1 h5h2,1601,74,94,10122,attraction kingsideAttack long mate mateIn3 middlegame sacrifice,https://lichess.org/EECNLtXG#35,Englund_Gambit_Complex Englund_Gambit_Complex_Soller_Gambit_Deferred
09MBu,4rrk1/p5pp/1qp3b1/2npP3/3Q4/1PN2B2/P5PP/3R1RK1 b - - 4 22,f8f4 f3d5 c6d5 f1f4 c5e6 d4b6,2214,78,94,9559,crushing discoveredAttack long master middlegame,https://lichess.org/NzguMmve/black#44,
086sL,8/2K5/3R4/4k3/8/8/8/r7 w - - 22 81,c7d7 a1a7 d7c6 a7a6 c6b5 a6d6,1000,77,90,305,crushing deflection endgame long rookEndgame skewer,https://lichess.org/QEa6NpBB#161,
029k3,r2q2k1/1p2b1pp/2pp4/p3p3/2P1P1b1/P1N2N2/QP4PP/5RK1 b - - 4 23,d8b6 c4c5 g8h8 c5b6,1710,78,96,16908,crushing discoveredAttack middlegame short,https://lichess.org/Ws92TRq9/black#46,
09yh3,8/4npk1/4b3/R3K2P/6P1/8/8/8 w - - 5 50,g4g5 e7c6 e5e4 c6a5,817,77,100,560,crushing endgame fork master masterVsMaster short,https://lichess.org/zHoXBi93#99,
000lC,3r3r/pQNk1ppp/1qnb1n2/1B6/8/8/PPP3PP/3R1R1K w - - 5 19,d1d6 d7d6 b7b6 a7b6,1496,74,95,3890,advantage hangingPiece middlegame short,https://lichess.org/vaqz2bx6#37,
02eE7,r3k2r/p1p1bpp1/2q1p3/4P1p1/P3N3/1Rp1P2P/2Q2PP1/4K2R b Kkq - 3 22,c6a4 b3b8 a8b8 c2a4,986,85,93,1187,advantage discoveredAttack middlegame short,https://lichess.org/BTTyTQji/black#44,
09BVh,2bq3k/4PQbp/p4np1/2p2p2/P4P2/2P1B3/6PP/1R4K1 b - - 0 28,d8g8 f7g8 h8g8 b1b8,1561,75,95,15204,crushing middlegame pin short,https://lichess.org/y2a2EuKK/black#56,
02O8w,2r2rk1/5pp1/p5np/b2p4/3P4/Pq1BPN2/1PR2QPP/3R2K1 w - - 6 26,c2c8 b3d1 f2f1 d1f1 g1f1 f8c8,1367,74,96,27554,advantage fork hangingPiece long middlegame,https://lichess.org/9x0LEN6h#51,
0NkLF,r4r2/pp1qn1kp/3p1Rp1/3pp1Q1/2P1P3/3P2NP/PP4P1/R5K1 b - - 0 18,f8f6 g3h5 g7g8 h5f6,1302,76,95,30786,crushing middlegame pin short,https://lichess.org/debea73I/black#36,Bishops_Opening Bishops_Opening_Berlin_Defense
04Y9U,6k1/p6p/3b1N2/1p4p1/5pP1/1Pr1P2P/P4K2/4R3 b - - 1 33,g8g7 f6e8 g7g8 e8d6,992,79,94,2669,crushing endgame fork short,https://lichess.org/CKY9oTk4/black#66,
0Jz8X,r5k1/p4pp1/2p5/3pb3/PP6/N1Pbp2P/5qr1/R2QB1RK w - - 0 29,e1f2 g2h2,1121,76,96,9841,mate mateIn1 middlegame oneMove,https://lichess.org/pxn7R5BG#57,
0QhuC,3r3r/pB4pp/1n3n2/Bkb1p3/5P2/1P4P1/R1P3PK/5R2 b - - 2 29,d8d7 c2c4 b6c4 b3c4,1286,77,95,6583,advantage middlegame short,https://lichess.org/YDIlYXYw/black#58,
07YUL,r4rk1/pbq1bpp1/1pp1pn1p/8/2P2B2/P1NB4/1P1Q1PPP/4RRK1 b - - 3 16,e7d6 f4d6 c7d6 d3h7 g8h7 d2d6,1368,76,93,9418,crushing discoveredAttack long middlegame,https://lichess.org/DNhGYeGY/black#32,Slav_Indian Slav_Indian_Other_variations
0F4o9,5bnr/2Nk1p1p/pQ2p1p1/2Pp4/P1bq4/8/4PPPP/2B1KB1R w K - 0 19,c7a6 d4c3 e1d1 c4b3 b6b3 c3b3,1080,80,94,17211,crushing fork long middlegame,https://lichess.org/u7kH47PP#37,Queens_Gambit_Declined Queens_Gambit_Declined_Other_variations
0FK9r,3r4/1p2bk2/p5pp/3bRp2/P7/2P5/1PB3PP/5NK1 b - - 0 29,e7f6 e5d5 d8d5 c2b3 f7e7 b3d5,1318,75,97,1161,advantage attraction endgame long pin sacrifice,https://lichess.org/Tzzre7ox/black#58,
0CcXl,r7/1p1b2k1/p1qppbp1/8/4PP2/2N2Q2/PPP3BR/2K5 b - - 0 22,a8h8 h2h8 g7h8 f3h3 h8g8 e4e5 c6c4 e5f6,1392,76,92,3113,attraction crushing middlegame veryLong,https://lichess.org/gG0kicaE/black#44,
02QjW,2r1r3/1p3p1k/1n1q1n1p/p3bP2/P2p1Np1/1P1P2P1/4R1BP/2BQ1RK1 w - - 4 23,g2b7 c8c1 d1c1 e5f4 c1f4 d6f4 f1f4 e8e2,2090,74,94,7976,advantage master middlegame veryLong,https://lichess.org/N7tB5v4h#45,
0ESMd,r4rk1/1p3p2/p5P1/3q1p2/7Q/3B4/P1P5/5RK1 b - - 0 29,f7g6 d3c4 d5c4 h4c4,1185,76,93,6433,crushing endgame pin short,https://lichess.org/JxAHFh9b/black#58,
08cOZ,4rr2/pp4pk/7p/8/P7/1q1P1NP1/3QP1K1/7R b - - 1 33,b3e6 f3g5 h7h8 g5e6,987,88,94,868,crushing endgame pin short,https://lichess.org/Pjhq28hH/black#66,
0Iv0a,rn1qkb1r/5pp1/p1ppb2p/3N4/2pQP3/7P/PPPN1PP1/R1B1K2R w KQkq - 0 12,d5b6 c6c5 d4c3 d8b6,1172,76,93,2036,advantage interference opening short,https://lichess.org/IQgBNHsa#23,Philidor_Defense Philidor_Defense_Other_variations
0BY6H,2k1r2r/ppp4p/8/8/3nPN1R/2N1n3/PPP3P1/2R1K3 w - - 7 20,f4d5 e3g2 e1f2 g2h4,1186,74,96,4207,crushing fork middlegame short,https://lichess.org/dxgq63UJ#39,
00rx9,3k2q1/pp3pN1/2b5/2pp2Q1/6n1/3P1N2/PbP2PPP/5K2 b - - 3 26,b2f6 g7e6 d8e7 g5g8,1306,75,93,2130,crushing discoveredAttack middlegame short,https://lichess.org/i2mJkkQL/black#52,
0MHG0,r2q1rk1/pppbbppp/2n2n2/3p2B1/7Q/2NBPN2/PPP2PPP/R3K2R b KQ - 4 9,c6b4 d3h7 f6h7 g5e7,2055,75,90,967,advantage kingsideAttack middlegame short,https://lichess.org/mMIGeq1f/black#18,Van_Geet_Opening Van_Geet_Opening_Reversed_Scandinavian
090i0,r3k2r/1pp2pp1/p1npqb1p/4p3/4N1PP/P2PBQ2/1PP2P2/R3K2R b KQkq - 0 16,e6e7 g4g5 h6g5 h4g5 h8h1 f3h1,1843,75,94,9464,advantage long middlegame,https://lichess.org/HzBjIMF1/black#32,Philidor_Defense Philidor_Defense_Other_variations
0EoNH,r3kb1r/1p2n2p/2q5/6pQ/p2PbN2/2P5/PB4PP/R3R1K1 b kq - 1 23,e7g6 f4g6 h7g6 h5h8,1323,78,79,611,advantage capturingDefender middlegame short,https://lichess.org/R1jIxxq6/black#46,
0CVXI,2k2r1r/pp5q/2p1p2P/3pP3/3N1n2/2P1P3/P1Q3R1/1R3K2 w - - 0 30,c2h7 f4g2 f1g2 h8h7,1528,75,89,3581,advantage discoveredAttack intermezzo middlegame short,https://lichess.org/iovTFrPA#59,
082TZ,3r1bk1/4qpp1/3p3p/1QpP4/4nBP1/1PN4P/2P2P2/R5K1 w - - 5 27,a1e1 e4c3 e1e7 c3b5,1154,75,95,376,advantage hangingPiece middlegame short,https://lichess.org/NPDifaoi#53,
0OTSZ,6k1/1b1q3p/4pQp1/1pr3P1/3pPP2/1n1P4/1P2N3/3K3R b - - 2 33,d7f7 f6f7 g8f7 h1h7 f7e8 h7b7,1853,74,76,100,advantage attraction long middlegame skewer,https://lichess.org/FeJsTnFJ/black#66,
0AXEX,3k1rnr/p7/PpQbqpp1/7p/N1p5/1P2P2P/1B1P2P1/R4RK1 w - - 1 22,b3c4 d6h2 g1h2 e6c6,1154,77,88,345,advantage discoveredAttack middlegame short,https://lichess.org/LnNuS5pv#43,
0Btga,5rk1/5p2/1q4pQ/p2R3p/1p6/1P6/2b3PP/5R1K b - - 0 30,c2b3 d5h5 g6h5 h6b6,1726,75,95,14164,advantage endgame master short,https://lichess.org/nVNxnE8k/black#60,
0602I,8/7p/2p1kpp1/p1P5/1b1BKP2/6P1/P6P/8 w - - 4 31,g3g4 f6f5 g4f5 g6f5,798,76,100,180,advantage bishopEndgame endgame short,https://lichess.org/rHV8RWe2#61,
0CBoj,r7/r5k1/3p2p1/1P2qbP1/PR2p3/1Q6/1P2BP2/K6R w - - 6 40,b3c3 a7a4 b4a4 a8a4 a1b1 e4e3,1359,75,100,610,crushing discoveredAttack long middlegame,https://lichess.org/SJN4PwBB#79,
07z5g,8/8/4k3/r3PPR1/1p6/3K4/8/8 b - - 0 55,e6e5 f5f6 e5f6 g5a5,894,95,93,584,crushing discoveredAttack endgame rookEndgame short skewer,https://lichess.org/UMiEnkmN/black#110,
06IK9,8/3k4/p1p2rp1/2Pp1P1p/PP2pKPP/4P3/8/6R1 w - - 0 38,g4g5 f6f5 f4g3 f5f3 g3g2 f3e3,964,78,96,2244,crushing endgame long rookEndgame,https://lichess.org/Lpxd4tTO#75,
0NNEC,2r1kb1r/pp1b1ppp/4p3/3pq3/8/2N5/PBQ2PPP/R1R2K2 b k - 1 22,d7b5 c3b5 c8c2 b2e5,1469,75,94,6863,crushing discoveredAttack hangingPiece middlegame short,https://lichess.org/z40YfoMr/black#44,
01Kjm,8/KP2r1pk/5p2/7p/4b2P/3Q4/8/8 w - - 3 72,d3e4 e7e4 b7b8q e4a4 a7b7 a4b4 b7c8 b4b8,1157,75,88,390,crushing endgame master skewer veryLong,https://lichess.org/MfV6fbcL#143,
0QrbO,rn3rk1/pp3p1p/2pb2p1/P7/1PP1Q3/5N1q/1B3P2/R4RK1 b - - 0 19,b8d7 e4d4 f7f6 d4d6 h3f3 d6d7,1620,76,95,16564,advantage long middlegame,https://lichess.org/wVOcejrO/black#38,Caro-Kann_Defense Caro-Kann_Defense_Alekhine_Gambit
0NmRM,rn1q1rk1/pp3ppp/3b4/3p4/6b1/2PB1N2/PP3PPP/R1BQ1R1K w - - 2 12,d3h7 g8h7 f3g5 d8g5 c1g5 g4d1,1984,77,93,8321,advantage hangingPiece long opening,https://lichess.org/BHxOpj0w#23,Russian_Game Russian_Game_Millennium_Attack
007tv,r3k1nr/1pp2ppp/1pnp2q1/4p1B1/2B1P3/3P1Q1P/PPP2PP1/R4RK1 b kq - 0 11,g6g5 f3f7 e8d8 f7f8 d8d7 f8a8,1146,77,90,1244,advantage attackingF2F7 long middlegame skewer,https://lichess.org/ky7qZNjk/black#22,Italian_Game Italian_Game_Giuoco_Pianissimo
0AV7Z,6k1/p5p1/5p2/4p3/Q3R3/2PP4/PKP2qr1/8 b - - 6 50,f2d2 a4e8 g8h7 e4h4,927,78,99,1063,crushing endgame master short,https://lichess.org/TVL4oHuA/black#100,
00veX,1r3rk1/p4p2/2pq3p/4p1p1/4Pnb1/2PB1PB1/P1Q3PP/3R1RK1 b - - 0 18,d6c5 g3f2 c5a3 f3g4 b8b2 c2c1,1562,74,92,1332,advantage defensiveMove long middlegame,https://lichess.org/pUj3STn8/black#36,Sicilian_Defense Sicilian_Defense_Lowenthal_Variation
0JLSI,r6k/pp4bp/6p1/1q2p1N1/1B6/Qb1p3P/1P3PP1/2R3K1 b - - 0 32,b3c2 g5f7 h8g8 a3a2 h7h6 f7d6 g8h7 d6b5,2146,75,98,746,crushing discoveredAttack middlegame veryLong,https://lichess.org/gshCO5mT/black#64,
04cPz,7r/2p5/3b1p2/5kp1/3BR3/6P1/PPP2P1r/3R1K2 w - - 4 25,d1e1 h2h1 f1g2 h8h2 g2f3 g5g4 e4g4 h1e1,1459,76,95,31977,advantage deflection endgame veryLong,https://lichess.org/1aCuz3eI#49,
0FkJE,8/2k2Kb1/pp4p1/2p1P3/7p/P1B5/1P3P2/8 b - - 1 50,g7h8 e5e6 h8c3 e6e7,1833,76,93,1663,advancedPawn advantage bishopEndgame endgame sacrifice short,https://lichess.org/p7NTNCvv/black#100,
02EhX,r1b1r3/ppkn3p/5n2/1B6/4p3/2R2N2/2PP1PPP/5RK1 b - - 1 19,c7b6 f1b1 a7a6 b5d7 b6a7 d7e8,2111,78,90,613,crushing discoveredAttack exposedKing long middlegame quietMove,https://lichess.org/Vu1Mbuuk/black#38,French_Defense French_Defense_Steinitz_Attack
0W5el,2r2rk1/5pp1/p4np1/1P6/1qBP1R2/1PR2Q2/6PP/6K1 b - - 0 24,a6b5 c4f7 f8f7 c3c8,1692,75,94,2220,advantage deflection discoveredAttack middlegame short,https://lichess.org/660ZhAgy/black#48,
0HsO6,1kqr1bnr/1pp2ppp/8/4Q3/5B2/8/PPP2PPP/R2R2K1 b - - 0 16,g8f6 e5c7 c8c7 d1d8 b8a7 f4c7,1925,74,95,11940,crushing long middlegame pin queensideAttack sacrifice,https://lichess.org/UtsProHH/black#32,Nimzowitsch_Defense Nimzowitsch_Defense_Declined_Variation
0IsIe,8/8/R5p1/8/p1r4P/2k2PK1/8/8 w - - 3 55,h4h5 g6h5 f3f4 h5h4,1365,75,95,10795,crushing endgame master rookEndgame short,https://lichess.org/caaubqXs#109,
0VCUu,8/8/7p/3p1ppk/2bP4/P1pNKPP1/7P/8 w - - 2 42,d3e5 f5f4 g3f4 g5f4 e3f4 c3c2,1836,75,96,10466,advancedPawn crushing endgame long,https://lichess.org/E8HuKDxs#83,
0Mbjw,r1bqr1k1/pppn1pbp/5np1/8/1PP1p3/2N3P1/PB1NPPBP/R2Q1RK1 w - - 1 13,c3e4 f6e4 b2g7 e4d2 d1d2 g8g7,1321,78,92,16885,advantage hangingPiece long opening,https://lichess.org/eO60NKqv#25,Indian_Defense Indian_Defense_Kings_Indian_Variation
0HMtv,1k1r1br1/pp1q3n/2n2p2/2p1p2p/Q1N1P2P/2PPBB2/P2RKP2/1R6 w - - 3 22,f3h5 c6d4 c3d4 d7a4,1426,75,96,24900,advantage discoveredAttack middlegame short,https://lichess.org/rTXZHBeg#43,
0QcXs,8/8/8/P2p4/5k1p/1p6/3K2P1/8 b - - 1 70,f4g3 a5a6 g3g2 a6a7 b3b2 d2c2 b2b1q c2b1 h4h3 a7a8q,1343,76,97,2610,advancedPawn crushing endgame pawnEndgame pin promotion veryLong,https://lichess.org/UyxaYIla/black#140,
045Ni,r4rk1/pp1q1p2/5p1p/8/3n4/P1NB3b/1PP2PP1/R2Q1RK1 w - - 0 21,g2h3 d7h3 c3e4 d4f3 d1f3 h3f3,1282,76,86,390,advantage kingsideAttack long middlegame,https://lichess.org/JzFwoVqI#41,
0NXFi,2qrr1k1/5p1p/2p2nP1/p5R1/4p3/PB2B3/1KP2P2/6R1 b - - 0 28,h7g6 g5g6 g8h8 g6f6,2175,74,92,7241,advantage middlegame pin short,https://lichess.org/ZazFsoxt/black#56,
0NZMY,5rk1/pQ4pp/8/3p4/PPbN3q/2P4P/6P1/4R2K w - - 1 33,b7e7 f8f1 e1f1 h4e7,1625,74,96,12050,crushing deflection endgame short,https://lichess.org/2LX2IAdw#65,
0ZP4c,r1b1k2r/pp2nppp/1qn1p3/3pP3/1b6/PPN2N2/3B1PPP/R2QKB1R b KQkq - 0 10,b4c5 c3a4 c5f2 e1e2 b6c7 e2f2,1527,75,89,211,advantage long opening,https://lichess.org/ngokj2tT/black#20,French_Defense French_Defense_Advance_Variation
0CzNB,1k5r/pp1Qn1b1/2n4p/2p1P1p1/2P5/1N1RP1B1/qP4PP/2K5 b - - 3 19,h8d8 e5e6 g7e5 g3e5 c6e5 d7d8,1448,74,100,1085,crushing discoveredAttack long middlegame queensideAttack,https://lichess.org/akAQKjvB/black#38,
00TEQ,r3k1nr/1bq2ppp/p2p4/1p2p1NQ/3nP3/1BN4P/PP3PP1/R2R2K1 b kq - 2 15,g8f6 h5f7 c7f7 g5f7,2346,95,90,756,advantage attackingF2F7 middlegame short,https://lichess.org/1ix6qpqS/black#30,Sicilian_Defense Sicilian_Defense_Smith-Morra_Gambit_Accepted
0CJgt,6k1/1p4pp/p4r2/3pN3/1q1PbP2/1P4Q1/P4K1P/3B1R2 w - - 1 34,f1g1 b4d2 d1e2 f6f4 g3f4 d2f4,1597,76,94,774,advantage exposedKing long middlegame,https://lichess.org/Xcds918j#67,
02k1g,6k1/2R4p/6p1/5p2/4nP2/4NK2/r5PP/8 w - - 3 40,g2g4 a2f2,919,76,99,1296,endgame hookMate mate mateIn1 oneMove,https://lichess.org/Xu91Bs2y#79,
0NqfF,8/pp4k1/2p3p1/3p3p/3Pnb2/1QP1rN2/PP3KPP/8 w - - 6 33,f2f1 e3f3 g2f3 e4d2,1447,73,85,1250,crushing endgame sacrifice short,https://lichess.org/gU5mIBBR#65,
0APD2,8/6kp/3qp1p1/1pp5/3nQ3/P6P/1P3P2/4R1K1 w - - 5 35,e4e5 d6e5 e1e5 d4f3 g1f1 f3e5,969,76,100,451,attraction crushing endgame fork long,https://lichess.org/mJqU5nlL#69,
03N7A,r3q2r/1Q4p1/p2kPp1p/3pb3/6P1/N1p5/PP6/3R1RK1 b - - 1 24,e8c6 d1d5 d6d5 f1d1 e5d4 d1d4 d5d4 b7c6,2426,80,95,1570,advantage attraction deflection middlegame pin sacrifice veryLong,https://lichess.org/gh11HoDG/black#48,
0RwEP,r2q1rk1/4pp1p/p1bp2pB/1p6/4P3/1B3P2/PbPQ2PP/1R2K2R b K - 1 15,b2g7 h6g7 g8g7 d2c3 f7f6 c3c6,1371,76,96,27038,advantage attraction fork long middlegame,https://lichess.org/HTaResMP/black#30,Sicilian_Defense Sicilian_Defense_Dragon_Variation
0Q8XM,r3brk1/1p3p2/1q1bp3/3p2N1/3PnN2/pPP1Q1P1/P5P1/R4RK1 b - - 2 24,e4g5 f4d5 b6d8 d5f6 d8f6 f1f6,1987,75,94,727,advantage kingsideAttack long middlegame,https://lichess.org/3X0fUFQ0/black#48,
02yiN,r5k1/p4rpp/Q2R4/8/4n3/P2p1N2/P1q2PPP/R5K1 w - - 2 28,a6d3 c2f2 g1h1 e4d6,1842,77,93,8933,advantage middlegame short,https://lichess.org/lPB0ptsZ#55,
043aO,4r1kb/Q6p/2p1p3/4nppN/1q6/2N1P3/Pr3PPP/2R2RK1 b - - 5 23,e5d3 a7d7 g8f8 d7d3,2059,73,94,8546,crushing fork middlegame short,https://lichess.org/R8ShMdhl/black#46,
0DDZp,3Q3k/1p2r1p1/p1p1p1Rp/5p1P/1q5r/4P1R1/5KP1/8 b - - 1 40,h8h7 g6h6 g7h6 d8g8,1823,74,94,13911,endgame mate mateIn2 sacrifice short,https://lichess.org/hlA0H8nf/black#80,
0LUmS,r1bq1rk1/pp3p1n/2n1p3/6bQ/3P4/2N2N2/PP2BPPP/R4RK1 b - - 4 15,d8f6 c3e4 f6h6 f3g5 h6h5 e2h5 h7g5 e4g5,2169,83,90,844,advantage middlegame veryLong,https://lichess.org/dmenijtJ/black#30,Sicilian_Defense Sicilian_Defense_Delayed_Alapin
0OPUt,8/3PK2k/6pP/8/4r3/4p3/7R/8 w - - 3 56,e7d6 e3e2 d7d8q e4d4 d6c7 d4d8,1613,75,92,617,advancedPawn advantage endgame long rookEndgame skewer,https://lichess.org/Y6yBkZTa#111,
0MSHS,3r2k1/1p1r2pb/1pp2b1p/4qP2/6P1/P1NB3P/1PQR4/3R3K b - - 0 25,e5g3 d3c4 g8h8 d2d7 d8d7 d1d7,1338,75,100,1008,advantage discoveredAttack long middlegame,https://lichess.org/m7xL4UY4/black#50,
0MRfz,rn3rk1/pppq1ppp/4b3/2bnP1B1/2B5/5N2/PPP2PPP/RN1Q1RK1 w - - 7 9,b1c3 d5c3 d1d7 b8d7 c4e6 c3e2 g1h1 f7e6,1985,85,89,1210,advantage intermezzo opening veryLong,https://lichess.org/yoE8sB4E#17,Bishops_Opening Bishops_Opening_Khan_Gambit
0EjB9,r2q1rk1/ppp2pp1/2n1bn1p/3Pp3/1b4P1/1QNP3P/PP1BPPB1/R3K1NR b KQ - 0 9,e6d5 c3d5 b4d2 e1d2,1127,77,91,2237,advantage opening short,https://lichess.org/OP39EgNc/black#18,Grob_Opening Grob_Opening_Other_variations
0QAQq,r6r/pk3pp1/1p3n1p/2p1pP2/1b2P3/2NRB3/PPP3PP/3R2K1 w - - 0 18,c3d5 c5c4 d5b4 c4d3,1926,74,94,6569,advantage middlegame short trappedPiece,https://lichess.org/DvTqntyX#35,Philidor_Defense Philidor_Defense_Other_variations
031PB,3r2bk/R6p/6p1/6b1/P7/7P/5PP1/2R3K1 w - - 1 40,c1c7 d8d1 g1h2 g5f4 g2g3 f4c7,1042,75,98,2990,advantage endgame fork long,https://lichess.org/NT05Kx1X#79,
0Dh6K,4rr1k/pBp3p1/7p/2p1np2/2Pp3P/3P2P1/PP3P2/3RR1K1 b - - 0 23,e5d3 e1e8 f8e8 d1d3,968,86,93,927,advantage endgame intermezzo short,https://lichess.org/ASUHlxJ8/black#46,
0Lv3A,8/7p/5K2/7P/8/5k2/8/8 b - - 0 58,f3g4 h5h6 g4f4 f6g7 f4g5 g7h7 g5f6 h7g8,1193,77,97,5015,crushing endgame pawnEndgame veryLong,https://lichess.org/evdYwP5Y/black#116,
06Amy,8/p4k2/1p6/4P3/1P5Q/P1n1Bq2/5P2/6K1 w - - 1 49,h4f4 f3f4 e3f4 c3e2 g1g2 e2f4,727,79,100,170,advantage endgame fork long master,https://lichess.org/JnZxTqS1#97,
09wQw,3rr1k1/p4p1p/3b1qp1/3Q4/2Bp2PP/1PP1P3/P4P2/R3K2R w KQ - 0 22,c3d4 d6b4 e1e2 d8d5,1437,76,93,5551,advantage discoveredAttack middlegame short,https://lichess.org/bKFZCGfC#43,
0XzGa,5r1k/1p2qpp1/p1n4p/8/1P2n3/P3PN1P/Q3BPP1/2Rr2K1 w - - 0 21,c1d1 e4c3 a2b2 c3d1,1231,75,96,9374,advantage fork middlegame short,https://lichess.org/C6XVuAfA#41,
0CcWs,r7/2q2kp1/p1pb1p1p/3p1bn1/P1pP3P/2P1RP2/1P1B1QP1/4R1K1 b - - 0 29,d6g3 e3e7 c7e7 e1e7 f7e7 f2g3,1139,74,96,4826,advantage fork long middlegame,https://lichess.org/54rMP7uN/black#58,
0PsFn,8/6bk/3p2p1/3Qp3/2PpP3/5q2/8/Q4K2 w - - 4 48,f1e1 f3h1 e1f2 h1a1,1591,75,96,19902,crushing endgame master short skewer,https://lichess.org/73nqaW0n#95,
0HK7a,2rnNrk1/1q3ppp/p7/2R5/8/2Q5/PPP2PPP/2K1R3 b - - 2 22,c8c5 c3g7,1130,76,95,8336,mate mateIn1 middlegame oneMove,https://lichess.org/we9a8T0U/black#44,
00j3i,5rk1/R5p1/5q1p/8/3p4/1P4Q1/P3rPPP/5RK1 w - - 2 38,g3g4 f6f2 f1f2 e2e1 f2f1 e1f1,1399,75,96,10536,endgame long mate mateIn3 sacrifice,https://lichess.org/InWtDWaB#75,
0RkoW,r5k1/ppR2pp1/5q1p/3P1n2/3P1B2/6QP/P4PP1/6K1 w - - 1 23,g3f3 f5d4 f3e4 f6f4 e4f4 d4e2 g1h2 e2f4,1709,73,94,16083,advantage attraction discoveredAttack endgame fork sacrifice veryLong,https://lichess.org/tI0Xe0Fn#45,
03tCg,2r2rk1/1p3pqp/p1n3p1/3p2N1/3P1PR1/P2Q3P/1P4P1/2R3K1 w - - 1 28,f4f5 c6e5 d4e5 c8c1 g1h2 g7e5,1967,76,93,4223,crushing discoveredAttack long middlegame,https://lichess.org/k980ayRN#55,
06fd1,1k1r3r/p4p1p/4p3/4bb2/2n4P/2N3R1/PPPB1PB1/2KR4 w - - 6 24,f2f4 d8d2 d1d2 e5f4,1918,75,93,13642,capturingDefender crushing middlegame pin short,https://lichess.org/zsFwXicT#47,
0XAVH,r2q1rk1/1pp2ppp/1n2bb2/1P2N3/p2n4/P1NP2P1/4PPBP/1RBQ1RK1 w - - 1 14,e5f3 d4f3 g2f3 f6c3,1259,75,91,1498,advantage discoveredAttack master middlegame short,https://lichess.org/UiQ9w47s#27,English_Opening English_Opening_Kings_English_Variation
03mUY,rn1qkbnr/p1pp3p/1p2p1P1/7Q/3P4/6P1/PPP2PbP/RNB1K1NR b KQkq - 0 7,h7g6 h5g6 e8e7 c1g5 e7d6 g5d8,1363,75,93,2788,crushing long opening skewer,https://lichess.org/tcnm98Jx/black#14,Owen_Defense Owen_Defense_Other_variations
01pVq,r1b2rk1/pp1nbpp1/1qpp1n1p/4p3/1P2P3/P1NP1N2/1BP1BPPP/R2Q1RK1 b - - 0 11,d7c5 b4c5 b6b2 d1d2,2353,77,91,3163,advantage opening short,https://lichess.org/AGkx6s31/black#22,Nimzo-Larsen_Attack Nimzo-Larsen_Attack_Other_variations
01hL1,3qr1k1/1b3pp1/p2p1b2/1p6/1P2PBQ1/P1pP1P2/B5PP/4R1K1 w - - 0 21,g4g3 f6h4 g3g4 h4e1,1800,75,95,5694,crushing middlegame short skewer,https://lichess.org/jJjiVlE0#41,
01fG3,1k2Q3/1qp5/1p3p1p/4p3/8/2P1n3/PP1R2rP/7K b - - 3 31,b7c8 d2d8 c8d8 e8d8,903,81,96,194,advantage endgame master pin short,https://lichess.org/vXvQGcrf/black#62,
0IdXz,1r3rk1/4qpp1/1b1p1R1p/p2P4/P1p1P1PN/2Q5/1B5P/5RK1 w - - 1 30,f6f2 b6f2 f1f2 b8b2 f2b2 e7h4,1983,75,92,2834,advantage discoveredAttack kingsideAttack long middlegame,https://lichess.org/6aZLF4mM#59,
0HpTP,r1bqk2r/pp1p1ppp/4pn2/8/1bP5/2N1P3/PP2NPPP/R2QKB1R b KQkq - 2 8,d7d5 d1a4 c8d7 a4b4,1157,82,92,4811,advantage fork opening short,https://lichess.org/5Bhwh9M0/black#16,Benoni_Defense Benoni_Defense_Weenink_Variation
00dWq,2r1kb2/5p1p/p3p3/1p2P1Q1/1Pq5/P1p3P1/2P4P/2KR1R2 w - - 0 28,g5f4 f8h6 c1b1 h6f4,2216,75,93,2544,advantage endgame pin short,https://lichess.org/sRKDDbRV#55,
0Etdg,8/8/3p4/P2k3p/6p1/1P6/5KP1/8 w - - 0 51,a5a6 d5c6 a6a7 c6b7 a7a8q b7a8,996,81,95,1907,crushing endgame long pawnEndgame,https://lichess.org/cwnQJAx4#101,
08ArW,8/8/4k1p1/7p/4KP1P/8/8/8 w - - 6 51,e4f3 e6f5 f3e3 f5g4 e3e4 g4h4 e4f3 h4h3 f4f5 g6f5,1459,75,94,13727,crushing endgame pawnEndgame veryLong zugzwang,https://lichess.org/1idA9b9M#101,
0DsWq,1rb2rk1/p1p2p1p/5Q2/3P4/2P1B3/2pP3P/nq3PP1/R4RK1 b - - 5 22,c3c2 f6g5 b2g7 g5g7 g8g7 a1a2,1954,77,87,111,advantage kingsideAttack long middlegame,https://lichess.org/nfp1985q/black#44,
00iQC,1k1r1b1r/4q3/QBpp4/4p3/4P2p/5p2/P5PP/4R1K1 b - - 0 28,d8d7 e1b1 d7b7 b6a7 b8c8 a6c6 e7c7 c6e8,2119,76,91,1174,crushing discoveredAttack exposedKing middlegame queensideAttack quietMove veryLong,https://lichess.org/Yg1J59NW/black#56,
0CJDv,2kr2nr/1ppq2pp/p3Rp2/8/1QRN4/8/PP3PPP/6K1 b - - 3 20,d7e6 c4c7 c8c7 d4e6,1820,75,88,810,attraction crushing intermezzo middlegame queensideAttack short,https://lichess.org/ugORdQJm/black#40,
0BanU,8/1p2k2p/p4p2/1b1p1PpN/3K2P1/2P2P2/PP6/8 w - - 2 37,d4d5 b5c6 d5d4 c6f3,915,86,93,272,crushing endgame master short skewer,https://lichess.org/6rrOzsGh#73,
08cZX,6k1/pp2p2p/3p2p1/8/1P2P3/P2P2qP/5rP1/2R2QK1 b - - 6 30,f2a2 c1c8 g8g7 f1f8,912,81,96,2752,dovetailMate endgame mate mateIn2 short,https://lichess.org/CPAuva1j/black#60,
07hwO,8/5pp1/4kb2/4p3/4N3/5P1p/3r1P1P/5RK1 b - - 1 25,d2d3 e4c5 e6d5 c5d3,825,76,100,312,advantage endgame fork short,https://lichess.org/jOJ0rgSi/black#50,
0MWHq,r4rk1/pp3p1p/1qn5/2bQ3b/4n2p/2P2N1P/PPB2PP1/RN3RK1 w - - 0 16,d5h5 c5f2 f1f2 b6f2,1037,80,93,1151,advantage kingsideAttack middlegame short,https://lichess.org/5PNswX0Z#31,French_Defense French_Defense_Exchange_Variation
08TFw,4r3/q4pkp/3Rn1p1/1p1Q4/p3rP2/2N4P/PP4P1/3R3K b - - 1 33,e4f4 d5e5 g7h6 d6e6 e8e6 e5f4,1444,75,93,345,advantage capturingDefender long middlegame,https://lichess.org/dfmjDC1q/black#66,
05HEv,5rk1/ppR5/6p1/2p1p3/2P1P3/3P1rK1/PP6/3R4 w - - 1 39,g3g4 f8f4 g4g5 f3g3 g5h6 f4h4,1286,74,98,10245,endgame long mate mateIn3 rookEndgame,https://lichess.org/S8lveYGp#77,
02T47,r3k1nr/pp1qppbp/2p3p1/4B3/3P4/2N2Q2/PPP3PP/R3R1K1 b kq - 4 14,g8f6 e5f6 g7f6 f3f6,1202,74,99,2811,advantage master middlegame pin short,https://lichess.org/mZBTonHp/black#28,Pirc_Defense Pirc_Defense_Other_variations
0Ol6v,r4r2/1p1q1pk1/p2p2p1/4bP2/2PpP1Q1/8/PP1B3P/2R2RK1 b - - 0 24,f8h8 f5f6 g7g8 g4d7,1239,74,94,17408,crushing discoveredAttack master middlegame short,https://lichess.org/CIVEk7bi/black#48,
0NMkk,4r3/2bk4/2np2p1/1Q3n2/5B2/1Pq5/P4PPP/3RR1K1 w - - 0 35,f4d2 c3d2 d1d2 e8e1 b5f1 e1f1,1994,75,93,7982,advantage capturingDefender deflection long middlegame,https://lichess.org/huJ7VC2b#69,
06s6P,8/7p/3p1R2/4pPk1/4P3/3K1p2/P4P2/4r3 w - - 2 40,f6d6 e1d1 d3e3 d1d6,887,76,100,261,crushing endgame rookEndgame short skewer,https://lichess.org/j4vyMDfx#79,
0QFhP,r2qkb1r/p1pn1ppp/4p3/3QPb2/4n3/5P2/PPPP2PP/RNB1KBNR w KQkq - 0 8,d5b5 d8h4 g2g3 e4g3 h2g3 h4h1,1591,75,91,608,advantage long opening trappedPiece,https://lichess.org/MZ5OSh0b#15,Alekhine_Defense Alekhine_Defense_Other_variations
04ahy,3r3k/6pp/4Qp2/1Pq5/P7/1P1r1n2/5PPP/R1R3K1 w - - 3 34,g1h1 c5c1 a1c1 d3d1,1566,75,96,30441,crushing middlegame sacrifice short,https://lichess.org/7USOuzpx#67,
04aWV,5rk1/5ppp/R7/3N4/1P1bP3/3P2KP/1r4P1/3R4 w - - 3 28,a6d6 d4e5 g3f3 e5d6,1288,78,94,14841,crushing endgame fork short,https://lichess.org/zlHdb50j#55,
0557I,7B/1p1k1p1p/3pp3/4b2N/2P4q/1QP5/PP3PPn/R6K w - - 1 31,h8e5 h2f3 e5h2 h4h2,1107,75,97,9779,discoveredAttack endgame mate mateIn2 short,https://lichess.org/wUJFFLCQ#61,
0DyZj,r1bNR3/5pbk/p5pp/1pp5/8/2NB4/PPn2PPP/6K1 w - - 2 21,d3c2 c8d7 e8e7 a8d8,1531,74,97,22700,advantage discoveredAttack middlegame short,https://lichess.org/59fiIOvZ#41,
02xCt,2R5/8/p7/3n3R/4p2P/1k6/r1p2P2/2K5 w - - 4 51,h5d5 a2a1 c1d2 a1d1 d2e3 d1d5,1568,75,100,713,crushing endgame exposedKing long rookEndgame skewer,https://lichess.org/XgHWCUIA#101,
01lNV,4r1k1/pppq2b1/2bp2pp/5p2/2P1N2N/7P/PP1BQPP1/4R1K1 w - - 0 24,e4f6 g7f6 e2e8 d7e8 e1e8 c6e8,930,77,98,1017,advantage hangingPiece long middlegame,https://lichess.org/518Fxf12#47,
0EVRn,r4r1k/pppnn1pp/3b4/1P2pp1N/5P2/3BP3/qBQP3P/2KR2R1 b - - 1 18,g7g6 b2e5 d7e5 c2a2 e5d3 c1b1,1888,76,94,6908,crushing discoveredAttack long middlegame,https://lichess.org/AXpRL8tD/black#36,Polish_Opening Polish_Opening_Other_variations
0B9v1,r2qk2r/2p1n1pp/p1pbb3/8/3Q4/8/PPP2PPP/RNB1R1K1 w kq - 0 12,e1e6 d6h2 g1h2 d8d4,727,89,97,1635,crushing discoveredAttack kingsideAttack middlegame short,https://lichess.org/gWkXcylJ#23,Ruy_Lopez Ruy_Lopez_Exchange_Variation
0Mkt6,r1b3k1/pp3pbp/1qp3P1/2n5/4r3/P4N1P/4B1PB/2RQ1RK1 b - - 0 21,c5d3 g1h1 d3c1 g6f7,2009,75,92,3604,advancedPawn advantage defensiveMove master middlegame sacrifice short,https://lichess.org/T2gWbohd/black#42,
0AKbi,rn2k1nr/pBp2pbp/4b3/8/4P1pq/3N1p2/PPPP2PP/RNBQ1K1R w kq - 0 10,d1e1 f3g2 f1g2 h4h3,1327,76,94,640,advancedPawn advantage attraction opening short,https://lichess.org/xNM6rf1X#19,Kings_Gambit_Accepted Kings_Gambit_Accepted_Salvio_Gambit
013Kj,2r2rk1/pp2qp2/4p3/3p2P1/3P4/P1N4Q/1PP5/1R4K1 b - - 0 30,e7g5 g1h1 g5g6 b1g1 g8g7 g1g6,1944,74,94,7670,advantage clearance defensiveMove endgame long master pin,https://lichess.org/4AEbIHFo/black#60,
0000D,5rk1/1p3ppp/pq3b2/8/8/1P1Q1N2/P4PPP/3R2K1 w - - 2 27,d3d6 f8d8 d6d8 f6d8,1471,74,96,32392,advantage endgame short,https://lichess.org/F8M8OS71#53,
0Hvdn,4r3/8/1k6/p4R1P/5B2/1p2P2K/8/8 w - - 0 50,f4e5 e8e5 f5e5 b3b2,1337,75,91,1126,advancedPawn advantage endgame sacrifice short,https://lichess.org/Ap84nVg8#99,
03XiU,2kr3r/ppp2ppp/3b4/8/3P1qP1/2P2B2/PPK3P1/RN3Q2 b - - 4 20,c8b8 f1b5 c7c6 f3c6 d8d7 c6d7,1562,75,96,9031,advantage long middlegame pin,https://lichess.org/eGmbo6pT/black#40,
0QmYj,4r1bQ/pp2qk2/2pb1n2/3p4/3P2P1/P1N5/1PP2P2/R2K1B1R w - - 3 23,d1c1 e7e1 c3d1 d6f4 c1b1 e1d1,1259,76,92,1880,advantage deflection long middlegame queensideAttack,https://lichess.org/ccmVE8he#45,
0ArM5,4r2k/2p2Bpb/3p3p/8/1P1Np3/p1P1Q3/P1K4q/5R2 w - - 2 33,f1f2 h2f2 e3f2 e4e3 f2f5 h7f5,1102,76,96,1125,crushing discoveredAttack long master middlegame sacrifice,https://lichess.org/GA3HFCFq#65,
0Vgt1,r1b1k1nr/ppp2ppp/1b3q2/4p3/2B1P3/BQP5/P2R1PPP/RN4K1 b kq - 7 13,g8e7 c4f7 f6f7 d2d8 e8d8 b3f7,1764,75,100,577,advantage attackingF2F7 deflection long middlegame sacrifice,https://lichess.org/NoyMVjJn/black#26,Italian_Game Italian_Game_Evans_Gambit
06kDw,r6k/p1pp2R1/1p5P/3PPb2/3q1P2/8/PP4Q1/4K3 b - - 6 34,d4f4 g7h7 f5h7 g2g7,1485,73,95,21456,clearance endgame mate mateIn2 sacrifice short,https://lichess.org/GW6x22tY/black#68,
01jKd,8/8/2p3p1/p1k4p/P3Pp1P/3K1P2/8/8 b - - 1 41,c5b4 e4e5 b4c5 d3e4,1961,78,79,171223,advantage endgame pawnEndgame quietMove short zugzwang,https://lichess.org/phhI7L7I/black#82,
0J5dn,4r3/pb4kp/2p3p1/4p1N1/7n/8/PPP2PPP/3R2K1 b - - 0 21,c6c5 d1d7 g7f6 g5h7 f6e6 d7b7,1555,77,96,18638,advantage deflection endgame fork long,https://lichess.org/ALRqe6Gb/black#42,
01Yqt,8/2p5/3b2kp/3p2p1/P3p1K1/1P2R2P/1B4P1/8 w - - 2 36,h3h4 h6h5 g4h3 g5g4,1254,75,98,10207,endgame mate mateIn2 short,https://lichess.org/mHAjRMmQ#71,
0Eosy,4rrk1/pp3ppp/2pp3q/8/4PP1b/2N1BQ2/PPP5/R4R1K w - - 3 24,f4f5 h4g5 h1g2 g5e3,1566,77,89,895,advantage discoveredAttack kingsideAttack middlegame short,https://lichess.org/Precti1L#47,
02MZb,r3kbnr/1pp2ppp/p1p2q2/4p2b/4P3/3P1N1P/PPP2PP1/RNBQ1RK1 w kq - 3 8,c1g5 h5f3 g5f6 f3d1 f6g7 f8g7,1098,77,95,6223,advantage long opening,https://lichess.org/cYS6ot1j#15,Ruy_Lopez Ruy_Lopez_Exchange_Variation
0OviK,r7/1qk1p3/3pP3/2p5/2PRQP2/6K1/4B3/8 b - - 0 42,c5d4 e4b7 c7b7 e2f3 b7a7 f3a8,1277,76,87,320,attraction crushing endgame long skewer,https://lichess.org/nCIzpoEE/black#84,
0QO7L,8/6k1/p2q1p2/1pP1n1p1/1P2Q3/6P1/5P1P/6K1 b - - 0 39,d6d3 e4d3 e5d3 c5c6 d3b4 c6c7,1642,73,95,16715,advancedPawn advantage endgame long,https://lichess.org/aukRugje/black#78,
0KmBc,r5k1/p4pp1/2p2n2/7p/1q6/3B4/P1P1Q3/2K1R3 b - - 1 39,a8e8 e2e8 f6e8 e1e8 b4f8 d3h7 g8h7 e8f8,2000,78,94,9794,advantage endgame pin veryLong,https://lichess.org/2SpbWLlu/black#78,
09lre,8/1pq2k1p/p1p3n1/3p4/P2P2P1/2P1R2P/8/R5K1 b - - 2 27,c7f4 a1f1 f4f1 g1f1,1129,78,95,2324,crushing endgame pin short,https://lichess.org/iKPFvmsb/black#54,
08vJV,8/5pp1/1rpk2bp/2Rpn3/qP6/P1Q1PP2/5KPP/2R5 w - - 0 32,f3f4 e5d3 f2g3 d3c1,1770,72,95,14121,advantage fork middlegame short,https://lichess.org/8H2kpvEN#63,
0528L,r3nrk1/1pqn1p1p/p2p2p1/2pP4/P2bPP2/1PN2B2/1B4PP/R2QR2K w - - 0 17,c3b5 a6b5 b2d4 c5d4,1402,75,83,377,advantage opening short,https://lichess.org/bo5Al2eK#33,Horwitz_Defense Horwitz_Defense_Other_variations
03WsH,rn1qk1nr/pp1bppbp/3p2p1/1B2P3/8/2N2N2/PPP2PPP/R1BQK2R w KQkq - 3 9,e5d6 g7c3 b2c3 d7b5,1862,74,90,720,advantage opening short,https://lichess.org/eHo8rzsJ#17,Sicilian_Defense Sicilian_Defense_Dragon_Variation
0LTIP,2rr2k1/5ppp/2p2n2/1p2N3/p1pP4/P1P1B1qb/1P2R1P1/2QR2K1 b - - 1 24,h3g4 e3f2 g4e2 f2g3 e2d1 c1d1,1994,75,92,2529,advantage long middlegame trappedPiece,https://lichess.org/nWPjOt1a/black#48,
06dpU,3nrk1Q/p7/1p2p3/3p2q1/3Pp2N/P1P3P1/1P3P1P/7K b - - 1 29,g5g8 h8f6 d8f7 h4g6 g8g6 f6g6,1882,76,95,12714,advantage endgame exposedKing long,https://lichess.org/TsuZNKEs/black#58,
0Ca9M,r3k2r/ppp1bp1p/6p1/4PP1K/2B5/2N5/PP5P/R2R4 w kq - 0 19,f5g6 h7g6 h5g4 h8h4 g4f3 h4c4,1438,74,96,27040,advantage doubleCheck long middlegame skewer,https://lichess.org/TPjXGdeu#37,Queens_Gambit_Declined Queens_Gambit_Declined_Chigorin_Defense
07rGU,3Q4/8/7k/4K3/6P1/6q1/8/8 w - - 9 61,e5d5 g3d3 d5c6 d3d8,1094,78,90,561,crushing endgame queenEndgame short skewer,https://lichess.org/d9sWUMzV#121,
02bmv,r4rk1/pp3pbp/5pp1/7q/1Q1PP1b1/3B1N1P/PP1B1P2/R3K2R w KQ - 0 18,h3g4 h5h1 e1e2 h1a1,914,82,96,739,advantage fork hangingPiece middlegame short skewer,https://lichess.org/F902uvuZ#35,Slav_Defense Slav_Defense_Other_variations
0BmAI,r3k1nr/ppp2ppp/2p5/2b1p1q1/3PP3/2P3P1/PP2KP1P/RNBQ3R b kq - 0 8,g5g4 f2f3 g4h3 d4c5,1175,77,89,1543,advantage defensiveMove middlegame short,https://lichess.org/Q2NLrmKN/black#16,Kings_Pawn_Game Kings_Pawn_Game_Macleod_Attack
01Z4Y,2r2rk1/3b1p1p/3p3P/p2Np1q1/1p2Q3/8/PPP5/1K1R3R b - - 1 23,d7f5 e4f5 g5f5 d5e7 g8h8 e7f5,2034,75,92,6241,attraction crushing fork long middlegame sacrifice,https://lichess.org/lewmaBBy/black#46,
04Az3,4r1k1/1p3pp1/p5r1/2P4p/4P3/P2PQNq1/8/R3RK2 w - - 2 32,e3f2 g3h3 f1e2 g6g2 e2e3 g2f2,1368,75,95,11642,clearance crushing long middlegame pin,https://lichess.org/qpm1voJ6#63,
02Ngx,2rq4/pp3pk1/4p1p1/3nPn1p/4N2P/5NP1/PP1Q1P2/2R3K1 w - - 1 24,g1g2 d5e3 f2e3 d8d2,1926,75,92,1330,crushing discoveredAttack middlegame short,https://lichess.org/2rbML3i5#47,
0S9Xe,r1b1r1k1/bpp2pp1/p2p3p/5P2/2P1P2q/1B1Pp3/PP2N1PP/R2Q1RK1 w - - 0 17,f1f4 h4f4 e2f4 e3e2,1484,74,94,12912,advancedPawn crushing discoveredAttack kingsideAttack middlegame sacrifice short,https://lichess.org/yF6wRXmE#33,Bishops_Opening Bishops_Opening_Berlin_Defense
0Vapw,3q1rk1/r4ppp/p1b2n2/1P1p4/1bpP4/2N2B2/1BP2PPP/R2QR1K1 b - - 0 16,c6b5 c3b5 b4e1 b5a7,1459,75,95,22196,advantage middlegame short,https://lichess.org/oa5QK6Ny/black#32,Sicilian_Defense Sicilian_Defense_Old_Sicilian
029M7,1k1r4/ppp2pb1/4b2p/5qp1/1P3p2/3r1N2/1P3QPP/R1B1R1K1 b - - 2 22,d3d1 f2a7 b8c8 a7a8 c8d7 e1d1,1488,76,96,28213,crushing interference long middlegame queensideAttack,https://lichess.org/L5rcgY2B/black#44,
0L9QK,r4r2/pp2k2R/2pp1nQ1/4p3/2q1P3/5P1B/PP3p2/1K1R4 b - - 5 27,f6h7 g6d6 e7f7 d6d7 f7g8 h3e6 c4e6 d7e6,1991,75,94,10028,advantage fork middlegame veryLong,https://lichess.org/UqPhSRAE/black#54,
01eyQ,r2qk2r/3pppb1/p5pp/1p1n4/3p3B/3P1Q2/PPP2PPP/R3RBK1 b kq - 1 14,d5f6 h4f6 g7f6 f3f6,1202,76,96,3350,advantage master middlegame pin short,https://lichess.org/o185y1l3/black#28,Sicilian_Defense Sicilian_Defense_Closed
0Xjyu,6k1/1R6/5p1p/1p3Bb1/1PpBP3/2Kb1n2/8/8 w - - 5 45,b7a7 g5d2 c3b2 f3d4,1329,76,96,10151,crushing deflection endgame master short,https://lichess.org/HOlGmCBE#89,
0KlBf,8/kppR4/pq5p/8/2B2Q2/7P/PPP2bP1/2K5 w - - 0 23,f4c7 b6e3 d7d2 e3e1 d2d1 f2e3 c1b1 e1d1,1274,75,96,23640,clearance deflection endgame mate mateIn4 veryLong,https://lichess.org/wE4wCHYv#45,
07MWZ,r1b2rk1/pp2bppp/2p1pn2/q5B1/3P3Q/P4NP1/2P2PBP/R4RK1 b - - 4 15,f6d5 g5e7 d5e7 h4e7,1046,77,100,112,advantage middlegame short,https://lichess.org/1e0iF0bG/black#30,Scandinavian_Defense Scandinavian_Defense_Mieses-Kotroc_Variation
03BPz,8/2Q2kpp/p4q2/1p1P4/1P6/7P/6PK/8 b - - 4 35,f6e7 d5d6 e7c7 d6c7,1274,77,96,19354,advancedPawn crushing endgame queenEndgame short,https://lichess.org/GOttwmgX/black#70,
0Q0PR,7k/p6p/5q1p/1p6/3P1nQ1/1P6/PBr2bbP/4RRK1 w - - 0 30,f1f2 f4h3 g1g2 f6f2 g2h3 f2h2,1910,75,95,15149,discoveredAttack fork long mate mateIn3 middlegame,https://lichess.org/0Cd5gcLQ#59,
0NY87,r4brk/2q2B2/2p4p/1p1p2nP/pP1PpN2/P1P1P1Q1/3B3K/5RR1 b - - 0 40,c7f7 f4g6 g8g6 f1f7,1468,75,98,4785,advantage discoveredAttack kingsideAttack middlegame short,https://lichess.org/R72Bsi54/black#80,
0ZJEQ,2kr1r2/pppq3p/2nb2p1/3p4/3P4/2PB3P/PPQ1RnP1/RNB3K1 b - - 1 15,d7f7 e2f2 f7f2 c2f2,1325,75,97,4180,advantage middlegame short,https://lichess.org/bVFcGtcm/black#30,French_Defense French_Defense_Exchange_Variation
0JbQy,r5k1/p1p2qb1/2Pp2pp/3R1p2/1P3B2/5nPP/P1Q2P2/3R3K w - - 4 35,h1g2 f7d5 d1d5 f3e1 g2f1 e1c2,1936,78,95,13639,advantage fork long middlegame sacrifice,https://lichess.org/SNI3GlLN#69,
06nTK,r1b2r1k/ppp3pp/1qn2p2/2b5/2BN4/2P1B3/PP3PPP/R2Q1RK1 w - - 5 16,d4f5 c8f5 e3c5 b6c5,1565,77,90,1069,advantage hangingPiece opening short,https://lichess.org/QSA14BwJ#31,Scandinavian_Defense Scandinavian_Defense_Anderssen_Counterattack
0ZKSt,4r2k/pb4p1/1p2pp1p/3n4/3P2Q1/1P1q2P1/P4PP1/4R1KR b - - 4 27,d3f5 g4f5 e6f5 e1e8,1275,75,98,5849,advantage kingsideAttack middlegame short,https://lichess.org/ICsA2IBG/black#54,
07EIF,rnb1qrnk/ppp2pbp/3pp1p1/1N4B1/2PP4/4PN2/PPQ1BPPP/R4RK1 b - - 8 10,a7a6 b5c7 e8c6 c7a8,893,80,98,2248,crushing fork middlegame short,https://lichess.org/6Uwr7xiV/black#20,Horwitz_Defense Horwitz_Defense_Other_variations
0Oui0,r4k1r/pp3pp1/5n2/2pPR3/2P3p1/2NB2K1/PP6/R7 w - - 0 24,a1e1 h8h3 g3f2 h3d3,1424,74,94,17884,advantage middlegame short skewer,https://lichess.org/FjHAXQL0#47,
01kVV,2r5/1Qpq1k1p/1p1p2p1/4pn2/3r4/4N2P/P1P2PP1/R4RK1 b - - 11 27,d4d2 e3c4 d2c2 c4b6 c8b8 b7b8,2241,75,93,3827,advantage long middlegame,https://lichess.org/zSTasuHn/black#54,
0EEvZ,2rr2k1/p2n1ppp/1p2p1q1/2p5/P2Pb3/B1P1QN2/4BP1P/R1R2K2 w - - 2 21,e3g5 e4f3 g5g6 f3e2,1516,72,93,21152,advantage master middlegame sacrifice short,https://lichess.org/u88bB58m#41,
0RHBW,2rq1rk1/1p1nbppp/p2p1B2/4p3/2b1PP2/1NN4P/PPP1B1P1/R2Q1R1K b - - 0 13,c4e2 f6e7 e2d1 e7d8,1532,76,92,6627,advantage opening short,https://lichess.org/ZCqeK27b/black#26,Sicilian_Defense Sicilian_Defense_Najdorf_Variation
0OFQr,r1bqk2r/p1pnbpp1/1p2p2p/3n4/3P3B/2N1PN2/PP3PPP/R2QKB1R w KQkq - 0 9,f1b5 e7h4 c3d5 e6d5 b5c6 a8b8,1804,75,94,1403,advantage defensiveMove long opening,https://lichess.org/N7OY2wbB#17,Queens_Gambit_Declined Queens_Gambit_Declined_Other_variations
0HJsN,rnbq1rk1/1p3ppp/p3p3/3n4/3N4/2P2P2/P1P1B1PP/R1BQ1RK1 w - - 0 11,c3c4 d5c3 d1d3 d8d4,1894,75,92,1694,crushing discoveredAttack master opening short,https://lichess.org/znNCZF2J#21,Sicilian_Defense Sicilian_Defense_Pin_Variation
0SRxH,r4rk1/p4ppp/2p1p3/2bqPn2/2PpN3/5Q2/PP3PPP/R1BR2K1 b - c3 0 16,d5e5 c1f4 f5h4 f4e5 h4f3 g2f3,1534,75,89,338,advantage long middlegame trappedPiece,https://lichess.org/Rv9jEg8s/black#32,Zukertort_Opening Zukertort_Opening_Queens_Gambit_Invitation
01NVd,8/1K3Npk/5n2/R6p/7r/p7/8/8 b - - 1 48,h4h3 f7g5 h7g6 g5h3,898,76,100,350,advantage endgame fork master short,https://lichess.org/acDgVv4Q/black#96,
09HP2,4R3/1P6/7P/3k4/3b4/4p1K1/1r6/8 b - - 0 58,d4e5 e8e5 d5e5 h6h7 b2b7 h7h8q,1326,74,87,865,advancedPawn crushing endgame long master promotion sacrifice,https://lichess.org/W8xIFKKA/black#116,
0892s,7r/B2k2pp/2p2b2/8/2N1p3/5b2/1PR2P1P/6K1 b - - 3 25,h8a8 c4b6 d7c7 b6a8,814,80,100,172,advantage endgame fork master short,https://lichess.org/9DG9hFk3/black#50,
097H4,r4rk1/pppb2pp/3bpq2/3p4/3N4/P1NB3P/1PP2PP1/R2Q1RK1 b - - 0 13,f6d4 d3h7 g8h7 d1d4,995,87,81,362,crushing discoveredAttack kingsideAttack middlegame short,https://lichess.org/iZ4bNyvF/black#26,French_Defense French_Defense_Advance_Variation
0ISms,1R6/p1rkr3/2p1p3/3q1p2/3P1Q2/8/P5PP/1R4K1 b - - 13 30,d5e4 f4c7 d7c7 b1b7 c7d6 b8d8 e7d7 b7d7,1925,77,95,13778,attraction endgame mate mateIn4 sacrifice veryLong,https://lichess.org/0q8BOBFI/black#60,
01mvq,4r1k1/pp3ppp/1q4b1/1Nb3B1/2Q5/2P4P/PP3PP1/R5K1 w - - 1 24,g5h4 e8e4 b5d4 e4h4,1669,74,96,5785,crushing interference middlegame short,https://lichess.org/9WWBV3nN#47,
0SZQR,R7/6p1/8/P1k1K1p1/1r6/1P6/8/8 b - - 2 50,b4b3 a8c8 c5b4 c8b8 b4a5 b8b3,1615,74,92,964,crushing deflection endgame long rookEndgame skewer,https://lichess.org/D7zI4OS7/black#100,
0E2B9,3r2k1/ppp3pp/2n2P2/b7/8/P6P/1B2r1P1/1R3RK1 b - - 0 21,d8d2 f6f7 g8f8 b2g7,980,82,96,3954,advancedPawn crushing discoveredAttack middlegame short,https://lichess.org/pXC3OhkY/black#42,
031Kv,r3k1nr/pp3pp1/1bn2q1p/4p3/6b1/2PPBNP1/PP3PBP/RN1Q1RK1 w kq - 2 11,d1b3 g4f3 g2f3 f6f3,1155,79,87,694,advantage opening short,https://lichess.org/UsYQB9NP#21,Kings_Pawn_Game Kings_Pawn_Game_Macleod_Attack
06cRU,6k1/6p1/2p1Rp1p/q1Pp1Q2/3P4/2r3PP/5P2/6K1 b - - 1 33,a5a1 g1g2 c3c1 e6e8,981,86,93,992,advantage defensiveMove endgame short,https://lichess.org/s9HTHpqn/black#66,
0NWPO,r1bq1rk1/ppp2pp1/1b1p1nnp/4p3/1PB1P3/P2P1Q1P/2P1NPPN/R1B2RK1 w - - 1 13,c1e3 g6h4 f3g3 f6h5 e3b6 h5g3,1680,74,95,19521,advantage long middlegame trappedPiece,https://lichess.org/Y1hQhM01#25,Italian_Game Italian_Game_Giuoco_Piano
0a8mS,6rk/p1p4p/1p1p1qr1/3Ppp1Q/2P3pP/P1P1P3/5PRB/6RK w - - 0 26,f2f3 g6h6 h5h6 f6h6,1550,75,88,521,advantage middlegame short trappedPiece,https://lichess.org/wv0dVFdL#51,
0EYRw,r1b1k1nr/ppQp1p1p/2n3p1/8/1b1qP3/2N5/PPP2PPP/R1B1KBNR w KQkq - 1 8,c1d2 b4d6 c7d6 d4d6,1961,74,95,7695,advantage opening short trappedPiece,https://lichess.org/8vZ7BLlu#15,Center_Game Center_Game_Other_variations
089BI,rnb1kb1r/ppp2ppp/5q2/3pN3/2B1n3/8/PPPPQPPP/RNB1K2R w KQkq - 1 6,e5f7 f6f7 c4d5 f7d5,1506,75,89,717,advantage hangingPiece opening short,https://lichess.org/RetCjCyo#11,Russian_Game Russian_Game_Italian_Variation
02fT9,r2q1rk1/p1p1n1pp/1pnp4/bN2pP2/P1P5/5NB1/5PPP/1R1Q1RK1 b - - 0 16,e7f5 d1d5 g8h8 d5c6 a7a6 b5a3,2085,74,94,7667,advantage defensiveMove fork long middlegame,https://lichess.org/mOszGc41/black#32,Italian_Game Italian_Game_Giuoco_Piano
0GOiQ,rn2r1k1/5ppp/2p5/1p1p2P1/p2P3P/bqP2N2/1P3PQ1/1KBR3R b - - 1 23,a3f8 f3d2 b3d1 h1d1,1708,74,88,841,advantage middlegame short trappedPiece,https://lichess.org/iOToyCcO/black#46,
033zG,qk5r/3R2R1/pp1n4/3r3p/6n1/1B5P/PP6/4Q1K1 b - - 3 29,g4e5 d7b7 a8b7 g7b7 d6b7 b3d5,2396,84,95,120,advantage exposedKing long middlegame,https://lichess.org/bh7lI7Hg/black#58,
071o5,r5k1/pp2Rrp1/2p4p/2Q2p2/nP3Pq1/P5P1/1B3P1P/R5K1 w - - 2 23,c5e5 f7e7 e5e7 a4b2,1606,77,95,16661,advantage middlegame short,https://lichess.org/QueDx3NG#45,
05TRT,6R1/8/4r3/5P1p/7P/k5PK/1p6/8 b - - 0 53,b2b1q g8a8 a3b4 a8b8 b4c5 b8b1,1241,76,86,146,advantage endgame long queenRookEndgame skewer,https://lichess.org/OPYXug6N/black#106,
017zX,5rqk/1p4p1/B1n3Qp/3p4/8/2P2P2/P6P/6RK b - - 0 29,f8f6 g6f6 g7f6 g1g8 h8g8 a6b7,1392,74,97,12900,crushing discoveredAttack endgame long master,https://lichess.org/VCcicFSZ/black#58,
03tx6,k3r3/1p4b1/6bp/p2q2p1/4N1P1/1PpQ4/P1B3P1/1K2R3 b - - 4 39,g6e4 d3d5 e4d5 e1e8,1738,76,94,1376,advantage middlegame queensideAttack short,https://lichess.org/DHAQbVw2/black#78,
05393,5r1k/p3q1b1/1p4Qp/2p1P3/2P5/1P3KP1/P7/2B4R w - - 1 34,f3g2 e7b7 g2g1 f8f1 g1f1 b7h1 f1e2 h1c1 e5e6 c1b2,1879,76,95,8413,attraction crushing deflection endgame skewer veryLong,https://lichess.org/EM2iSN4T#67,
0PAxJ,8/1p6/6k1/1PP3p1/1n2p1P1/1Bp1P3/5K2/8 b - - 3 39,c3c2 b3c2 b4c2 c5c6 b7c6 b5c6 c2b4 c6c7,1325,76,100,182,advancedPawn crushing endgame sacrifice veryLong,https://lichess.org/wSZ4IHfq/black#78,
01Ag5,2k2r1r/p2n1Q1p/1pqbp3/8/3P4/2P2N2/P2B1PPP/R4RK1 w - - 1 19,f7e6 d6h2 f3h2 c6e6,978,89,95,149,crushing discoveredAttack master middlegame short,https://lichess.org/glZlOfOd#37,Sicilian_Defense Sicilian_Defense_Alapin_Variation
0Vdtl,8/p1b5/4p1k1/2p2p2/2N3p1/2P1Q1P1/PP3P2/3q2K1 w - - 6 35,g1g2 d1d5 g2g1 d5c4,1511,75,96,19908,crushing endgame fork short,https://lichess.org/fSaV0cUP#69,
091SI,r3r1k1/3nRpp1/p2p4/1pnP4/5p2/1N3P2/PPP1R3/3K1B2 b - - 7 26,d7e5 e2e5 d6e5 e7e8 a8e8 b3c5,2264,88,83,202,advantage kingsideAttack long middlegame,https://lichess.org/u9J0JAC5/black#52,
0QiQB,r2q1r1k/pbpp1ppp/1pnb2n1/7N/6Q1/PBP2N2/1P3PPP/R1B1R1K1 b - - 8 18,c6e5 f3e5 d6e5 e1e5,1259,77,79,289,advantage opening short,https://lichess.org/In2ttZlC/black#36,Bishops_Opening Bishops_Opening_Urusov_Gambit
062v8,1k1r3r/pbpPqp2/6pp/1B6/3N1P2/6P1/PP1N1K2/R2Q4 w - - 1 19,d4c6 b7c6 b5c6 e7c5 f2g2 c5c6,975,77,100,272,advantage fork long middlegame,https://lichess.org/djwkFT7Q#37,
0UM1Y,6k1/p1pn1r1p/1p2p3/4P3/2PPB1P1/1P2p3/P3Q2b/5N1K w - - 0 29,e2h2 f7f1 h1g2 f1f2 g2g1 f2h2,1574,76,100,1277,crushing endgame exposedKing hangingPiece long skewer,https://lichess.org/3DMb1IAP#57,
04344,rnbqk2r/1p1p2bp/p3pnp1/2p1Q1B1/4P3/8/PPP2PPP/RN2KBNR w KQkq - 4 8,e5c5 f6e4 g5d8 e4c5,1162,79,84,316,advantage opening short,https://lichess.org/1nJBGFNd#15,Benoni_Defense Benoni_Defense_French_Benoni
02uJi,2k2n2/1p4r1/p2p3p/2pPp3/2PnR3/2N5/PP2N1PP/6K1 w - - 0 25,e4h4 d4f3 g1h1 f3h4,1486,75,94,11325,crushing endgame kingsideAttack pin short,https://lichess.org/LCf8BEzH#49,
0M0ka,1r4k1/2qb1ppp/n3p3/3pP3/8/2P1BN2/1P3PPP/3Q1RK1 w - - 1 18,d1d3 d7b5 d3b1 b5f1,1494,73,95,26252,advantage middlegame short skewer,https://lichess.org/D4DwPVwB#35,French_Defense French_Defense_Classical_Variation
0LtvL,r1bqk2r/pppnppbp/2B3p1/3Np1B1/3P4/8/PPP2PPP/R2QK1NR b KQkq - 0 8,b7c6 g5e7 d8e7 d5e7,1309,75,100,685,advantage opening short trappedPiece,https://lichess.org/pADtoF1D/black#16,Pirc_Defense Pirc_Defense_Byrne_Variation
0KQ5g,r2qkbnr/ppp1pppp/8/4Nb2/2BP4/2N1p2P/PPQ2PP1/R1B1K2R b KQkq - 0 8,f5c2 c4f7,1095,81,95,7795,attackingF2F7 mate mateIn1 oneMove opening,https://lichess.org/hFUQencb/black#16,Queens_Pawn_Game Queens_Pawn_Game_Chigorin_Variation
0C50u,3rr1k1/pp2qp1p/1npR1bp1/8/4P3/1PN2NP1/P1P1QP1P/2KR4 w - - 0 19,d6d8 e7a3 c1d2 e8d8 d2e1 f6c3,1928,75,95,9333,crushing interference intermezzo long middlegame queensideAttack,https://lichess.org/rHqdlstz#37,Pirc_Defense Pirc_Defense_Other_variations
0DSjr,r2qr1k1/5ppp/3p4/p2Pb3/2P1BP2/8/4R1PP/3QR1K1 b - - 0 22,e5c3 e4h7 g8f8 e2e8 d8e8 e1e8,763,80,100,249,advantage discoveredAttack fork long middlegame,https://lichess.org/Yucbjeqx/black#44,
0DrdY,1k1r4/5R1p/1p6/nB3P2/3p4/P2Q4/1PP5/1K4q1 w - - 1 35,b1a2 g1g8 b5c4 a5c4,1188,74,92,674,advantage endgame master pin short,https://lichess.org/h4kbvzwN#69,
0Y643,1r3nk1/8/4q2Q/p3N3/1p1PB3/7P/PP3PP1/2R2K2 w - - 1 28,c1c7 e6h6 e4d5 f8e6,1521,75,93,1081,advantage hangingPiece middlegame short,https://lichess.org/aBVL9IPU#55,
0JpRf,5rk1/6p1/1p2p2p/p4p2/7P/Q3PR2/3P2Pq/2R1K3 w - - 2 29,f3h3 h2g1 e1e2 g1g2,1291,75,95,16839,crushing endgame short,https://lichess.org/I7FsyY6c#57,
0M4WF,6b1/8/6p1/2k4p/1p1NP2P/pP2K1P1/P7/8 w - - 3 41,d4f3 g8b3 a2b3 a3a2,1288,78,100,144,advancedPawn crushing endgame sacrifice short,https://lichess.org/ZaqZCbfm#81,
04Qju,b4rk1/P4p1p/3bp1p1/1qn5/2pB3Q/8/1P4PP/R3R1K1 b - - 3 31,f8c8 h4f6 g8f8 f6h8 f8e7 h8c8,1894,75,93,547,advantage long middlegame skewer,https://lichess.org/IaHF1N3K/black#62,
0KVnP,1rb3k1/5p1p/p1Q1pp2/4q3/P1P5/1PN3PP/5P2/5RK1 w - - 3 24,c3e4 c8b7 c6d6 b7e4 d6e5 f6e5,1807,80,94,13939,advantage endgame long skewer,https://lichess.org/njVhtk5g#47,
0W68x,8/5pk1/Q5p1/2p4p/2PpN2q/4bPP1/Prr2B1P/4RRK1 b - - 0 30,h4e4 f3e4 c2f2 f1f2,1691,76,83,302,advantage hangingPiece middlegame short,https://lichess.org/9oDGtaco/black#60,
05EbJ,3r2k1/3B1pp1/p7/Pp3Q1p/5n2/q6P/8/2KRR3 w - - 4 38,c1d2 a3b2 d2e3 f4g2 e3f3 g2h4,2437,83,91,5378,crushing exposedKing fork long middlegame,https://lichess.org/a1uce04P#75,
0LSdX,1rb1r1k1/3n1ppp/p1p5/4pPP1/2pbP2P/2Nq2N1/Pn1B2BK/1RR1Q3 b - - 7 25,d7c5 g2f1 d3f3 f1e2 c5d3 e2f3,1605,75,96,8913,advantage long master middlegame,https://lichess.org/e28zkdoa/black#50,
09YGV,r1b2rk1/ppp2Np1/7p/3B4/3P4/7P/PP3qP1/RNBQb1K1 w - - 0 14,g1h1 f2f1 h1h2 e1g3 h2g3 f1d1,1459,74,98,29315,crushing discoveredAttack kingsideAttack long opening,https://lichess.org/H5lmKXfv#27,Italian_Game Italian_Game_Two_Knights_Defense
0NQTG,5r1k/4b1pp/8/3PNb1Q/3Ppp2/1qBn3P/1P3PP1/5RK1 b - - 1 27,b3d5 e5g6 f5g6 h5d5,1171,78,92,1238,advantage discoveredAttack middlegame pin short,https://lichess.org/aAxHxwdm/black#54,
0BmRN,6k1/7p/4p1p1/1p3p2/1Pr2P1P/1R1N2P1/8/2b3K1 b - - 0 45,g8f7 d3e5 f7e7 e5c4 b5c4 b3c3,1124,75,97,5056,crushing endgame fork long,https://lichess.org/gb0JgYL0/black#90,
0PN3d,3r1rk1/pbq1ppbp/1pn3p1/3nN1B1/3P4/P2B4/1PQN1PPP/3RR1K1 b - - 1 15,c6d4 c2c7 d5c7 g5e7,1258,75,94,1590,advantage capturingDefender middlegame short,https://lichess.org/CAWk7pbF/black#30,Indian_Defense Indian_Defense_West_Indian_Defense
0DgvD,2kr4/pp2bQ2/4p1p1/8/2P2PP1/PB5P/KP6/7q b - - 0 26,c8d7 b3a4 d7c7 f7e7,902,83,91,1855,crushing deflection endgame short,https://lichess.org/JrnHBifm/black#52,
04Xuc,5k2/2p2p2/1p6/1P3pQ1/3Np1n1/2P1P1P1/3q1PK1/8 w - - 15 37,g5f5 g4e3 g2h3 e3f5,1273,75,97,6715,crushing endgame pin short,https://lichess.org/sh7itPpx#73,
0UwFW,3rr1k1/ppp1qp1p/6pb/3P1b2/2P1p3/PP1B4/1BQ2PPP/R4RK1 w - - 0 19,f1e1 e4d3 c2c3 e7e1 a1e1 e8e1 c3e1 d3d2,1733,75,92,3309,advancedPawn crushing discoveredAttack kingsideAttack middlegame veryLong,https://lichess.org/bLqO4wot#37,Queens_Pawn_Game Queens_Pawn_Game_Other_variations
08wiN,8/8/3p1k2/1p1K2p1/3P2P1/7P/8/8 b - - 1 39,b5b4 d5c4 f6e6 c4b4 e6d5 b4c3,1393,76,95,16218,crushing defensiveMove endgame long pawnEndgame,https://lichess.org/a9gcsGKY/black#78,
0L701,r1bqk2r/pp2bppp/2n5/2pp4/2B2B2/3P1N2/PPP2PPP/R2QK2R w KQkq - 0 9,c4b5 d8a5 d1d2 a5b5,1250,76,94,18800,advantage fork opening short,https://lichess.org/4ViooXeL#17,Sicilian_Defense Sicilian_Defense_Bowdler_Attack
06com,r4rk1/pp3pp1/2p2q1p/8/6Q1/1PbRB2P/P4PP1/5RK1 b - - 7 23,a7a5 d3c3 f6c3 e3d4 c3d4 g4d4,2015,75,95,4102,crushing long middlegame sacrifice,https://lichess.org/1xuI4Oqy/black#46,
0Ckyp,2rk3r/6Rp/R4p2/P5p1/5p2/7P/6P1/6K1 b - - 0 35,h8e8 a6d6,840,76,100,338,endgame,https://lichess.org/ItuJgASN/black#70,
024qY,r4r1k/pp4pp/4Q1p1/2P5/3B4/2P2Pq1/P2n2P1/R4RK1 b - - 2 23,a8e8 e6d7 d2f3 f1f3 e8e1 a1e1 g3e1 g1h2,2127,76,93,2647,advantage middlegame veryLong,https://lichess.org/uituZtqb/black#46,
0IX7R,r5k1/p2p1r1p/1pb1p1p1/2p3B1/2q5/1P2QP2/P5PP/3R1RK1 b - - 0 22,c4c2 d1d2 c2f5 g2g4 f5f3 f1f3,1770,74,95,794,advantage long middlegame trappedPiece,https://lichess.org/KnRIkFgh/black#44,
0PRVw,r3kbnr/pp3p1p/3qp1p1/2pbN3/2PPp3/1Q6/PP1N1PPP/R1B2RK1 b kq - 0 11,d5c6 e5c6 d6c6 d4d5,1628,77,89,1224,advantage opening short,https://lichess.org/hpYNDmg3/black#22,Sicilian_Defense Sicilian_Defense_Old_Sicilian
090xo,6k1/pp1r2p1/5pR1/2p1rQ2/8/P1PP4/1P2q1PP/5R1K w - - 5 31,f5f6 g8h7 g6g7 d7g7,2305,77,91,5563,advantage endgame short,https://lichess.org/hbJRUpuU#61,
0LUdq,rnb1k1nr/pp1p1ppp/4p3/2q5/N3P3/5N2/PPP1KbPP/R1BQ1B1R b kq - 3 7,c5b4 c2c3 b4e4 e2f2,1772,75,94,3745,advantage opening short,https://lichess.org/99av4CZ8/black#14,Sicilian_Defense Sicilian_Defense_French_Variation
030Tw,r2q2rk/1pp4p/p2bQ2B/5p2/3P4/8/PP3PPP/R4RK1 w - - 0 24,e6f5 d8h4 g2g3 h4h6,2148,77,93,12065,advantage middlegame short,https://lichess.org/wEgsNKHq#47,
0IPDv,r1b1k2r/1p3ppp/pqn1pn2/2bp4/P7/2N1PN2/1PPB1PPP/R2QKB1R b KQkq - 1 11,b6b2 a1b1 b2a3 b1b3 a3b3 c2b3,1748,77,96,12713,advantage long middlegame trappedPiece,https://lichess.org/zRPfLbBQ/black#22,Zukertort_Opening Zukertort_Opening_Other_variations
03vwr,r4rk1/pp2qp2/2p3p1/7n/P1NnPQ2/1P4NP/2P2PP1/R4RK1 w - - 3 21,g3h5 d4e2 g1h2 e2f4,794,76,100,347,advantage fork middlegame short,https://lichess.org/HkQ4D4Rr#41,
0J8Dz,r4rk1/1p2qppp/p1n1p3/3p4/N1PPn1b1/P2B1N2/1P3PPP/2RQ1RK1 b - - 0 13,c6d4 d3e4 d5e4 d1d4,1385,75,97,4287,advantage discoveredAttack middlegame short,https://lichess.org/eItBrW8j/black#26,Caro-Kann_Defense Caro-Kann_Defense_Other_variations
004mT,5Q2/8/1b1kp1p1/5p2/3p4/5qPK/7P/8 b - - 1 51,d6c6 f8a8 c6d6 a8f3,1380,76,99,6313,advantage endgame short skewer,https://lichess.org/Jqhi4ozb/black#102,
0Omyv,r4Bk1/p2b1pp1/2p3qp/4p3/1P4n1/1BPP1NKn/P4PP1/R2Q1R2 w - - 4 24,g2h3 g4e3 f3g5 g6g5,1899,74,92,3727,crushing discoveredAttack middlegame short,https://lichess.org/SJ6AXQvI#47,
05QQ0,r4q1k/p1p1Nppp/bp1p1n1n/3P4/2P4Q/8/P3RPPP/4R1K1 b - - 11 22,a8e8 e7g6 h7g6 e2e8 f8e8 e1e8,973,80,96,646,advantage discoveredAttack kingsideAttack long middlegame pin,https://lichess.org/CT4OzKSm/black#44,
0UcEC,r2qk2r/pppb1p2/2np3p/1Bbnp1NQ/4P2B/3P4/PPP2PPP/R3K2R b KQkq - 1 10,c5f2 e1f2 d8f6 g5f3 f6g6 h5g6,1914,78,88,346,advantage hangingPiece long middlegame,https://lichess.org/ygGKCqhC/black#20,Ruy_Lopez Ruy_Lopez_Berlin_Defense
02rFZ,r1bq1rk1/pppnbpp1/2npP2p/8/2B5/1QN2N2/PP3PPP/R1BR2K1 b - - 0 11,c6a5 b3a4 a5c4 e6d7 d8d7 a4c4,2545,90,76,119,advancedPawn advantage long opening,https://lichess.org/j960OepU/black#22,Philidor_Defense Philidor_Defense_Morphy_Gambit
0DZiK,3r2k1/ppR2pp1/3q3p/3pr3/3N4/4P3/P1Q2P2/3K3R w - - 2 34,d4f5 e5f5 c2f5 d6c7,1276,75,98,2110,advantage deflection middlegame short,https://lichess.org/lRwabgpp#67,
09FV3,4r3/7p/6p1/1p1k1p2/1PpP1P2/7P/3K1P2/3R4 b - - 6 35,d5d4 d2c2 d4e4 d1e1 e4f4 e1e8,1196,79,93,2708,crushing discoveredAttack endgame long master rookEndgame skewer,https://lichess.org/tUvakKRQ/black#70,
08Hmx,6k1/5b1p/1R4p1/5p2/PP1b4/4rB2/6PP/5RK1 w - - 1 40,b6b8 e3e8 g1h1 e8b8,1443,82,97,29415,advantage discoveredAttack endgame short,https://lichess.org/9mHuC7NZ#79,
0Jebe,r3kbnr/4pppp/pqp5/3p4/N2P2b1/1P3N2/P1PB1PPP/R2QK2R b KQkq - 2 10,g4f3 a4b6 f3d1 b6a8,1652,76,89,1886,advantage opening short,https://lichess.org/VMmftO8p/black#20,Caro-Kann_Defense Caro-Kann_Defense_Other_variations
0aRR0,r4rk1/2q2ppp/p1n1b3/1ppNp3/4P3/3Q4/PPB2PPP/R2R2K1 b - - 3 18,e6d5 e4d5 g7g6 d5c6,1488,75,96,12509,advantage middlegame short,https://lichess.org/dFxVqEXF/black#36,Benoni_Defense Benoni_Defense_Old_Benoni
09fO9,r2q1k1r/pQ3pbp/6p1/3np3/4P3/4B3/PP3PPP/2KR3R b - - 1 16,a8c8 c1b1 d5e3 d1d8,1670,76,79,124,advantage defensiveMove middlegame short,https://lichess.org/wdCHQdc1/black#32,Sicilian_Defense Sicilian_Defense_Alapin_Variation
0Q0u5,3r4/2p1kp1p/1pQbp3/6P1/3q3P/1P3R2/P1R5/1K6 w - - 5 38,f3f1 d6e5 c6c3 d4c3 c2c3 e5c3,1841,75,96,14450,crushing endgame long quietMove,https://lichess.org/IdVi7RRq#75,
053f9,6kR/pp2qpb1/2prr3/4PQp1/3P2P1/5P2/PP6/2K4R b - - 1 27,g7h8 f5h7 g8f8 h7h8,975,76,97,270,deflection endgame mate mateIn2 short,https://lichess.org/dGOI1hm5/black#54,
08DRY,r1bq1rk1/ppp2ppp/3p1n2/2b1p3/2PnP3/P2P1N1P/1P2BPP1/RNBQ1RK1 b - - 0 8,f6h5 f3d4 c5d4 e2h5,1304,76,91,2338,advantage discoveredAttack opening short,https://lichess.org/atKIgLru/black#16,English_Opening English_Opening_Kings_English_Variation
0ByKg,7k/bp4p1/p2p2qp/4p3/1P1P3P/P5r1/1BQ1R3/R5K1 w - - 0 31,g1h1 g3h3 e2h2 g6c2,1391,77,96,15869,crushing master middlegame pin short,https://lichess.org/h0ohHvK5#61,
07jvW,2k3r1/1pp1p3/p4p2/5P2/8/1B6/PP1RKP2/1r6 b - - 3 31,g8d8 b3e6 c8b8 d2d8,917,88,93,1576,advantage deflection endgame short,https://lichess.org/kNlt4Bek/black#62,
0F6Kd,8/7p/6p1/5b2/BR6/6Kr/PP1k4/8 w - - 1 48,g3f4 h3h4 f4g5 h4b4,1128,75,93,1592,crushing endgame short skewer,https://lichess.org/xUUcSeVZ#95,
0RppM,rn3rk1/ppp3pp/8/3P1p2/2PP3q/2K2B2/PP4QP/R1B5 b - - 1 16,b8d7 c1g5 h4g5 g2g5,1446,76,95,3580,advantage middlegame short trappedPiece,https://lichess.org/FJnOOiqy/black#32,Kings_Gambit_Accepted Kings_Gambit_Accepted_Abbazia_Defense
05iTc,r1bq1rk1/ppp1npb1/7p/3Pp1pn/4P2B/1BN2N2/PPP3PP/R2Q1RK1 w - - 0 13,h4g5 h6g5 f3g5 h5f6,2329,86,90,1424,advantage opening short,https://lichess.org/Z0zz1Wqd#25,Pirc_Defense Pirc_Defense_Austrian_Attack
08Y9c,1r1q1rk1/1b2bp1p/4pnp1/1pp1N1BP/p2P4/2P2Q2/PPB2PP1/2KR3R w - - 0 21,h5g6 b7f3 g6f7 f8f7,1058,83,92,2841,advantage master middlegame short superGM,https://lichess.org/rz0XZ1qM#41,
036pl,2r4r/3b1k2/2p2b2/1p1q2p1/1P1PN3/P1QBPpP1/1B5P/2R3K1 w - - 3 41,e4f6 f3f2 g1f2 h8h2,1485,75,90,1488,advancedPawn attraction crushing deflection kingsideAttack middlegame short,https://lichess.org/MgiMmBmO#81,
0Z25y,r1k4r/3n4/2pB1N1p/1pP3p1/3P4/P7/2n4P/R3R1K1 w - - 9 30,e1e7 d7f6 e7c7 c8d8,1365,76,89,3427,advantage hangingPiece middlegame short,https://lichess.org/QQo5OXi2#59,
0IN74,r4rk1/p4p1p/1bp2P2/1p6/1n1P4/4BK2/qP3QBP/2R4R b - - 0 25,a2d5 f3e2 d5h5 g2f3,1271,76,98,2137,advantage defensiveMove middlegame short,https://lichess.org/KxtN01QK/black#50,
0UCa3,7r/p4ppp/1p1k1n2/1Pp5/2Pp2b1/P2Pr3/3NB1PP/R3K1NR w KQ - 4 20,h2h3 g4e2 g1e2 h8e8,1666,74,94,2072,advantage defensiveMove middlegame short,https://lichess.org/3RHTsHZj#39,
04k1Y,3Q4/p1p2qk1/2pbR1p1/7p/2B5/2P2PP1/P6P/7K w - - 1 28,e6e8 f7f3 h1g1 d6c5 d8d4 c5d4,1334,74,95,21229,crushing endgame long,https://lichess.org/CfV0ntHW#55,
06eQx,r5k1/p3R1p1/2p1Qp1p/1pqp1P2/7P/2P3PK/8/8 b - - 3 36,g8h7 e6f6 c5e7 f6e7,1996,75,95,7018,crushing endgame pin short,https://lichess.org/QF7rp0Hu/black#72,
07NCG,5rk1/p4pp1/1p2p2p/2nb3P/1qP2Q2/3B1P2/P1P3P1/2KR3R w - - 3 23,f4d2 b4a3 c1b1 c5a4,1703,75,88,1231,advantage defensiveMove middlegame short,https://lichess.org/IfsQFsWZ#45,
0Ar3q,r1b1k2r/1pq2ppp/p1n1pn2/3pP3/3N1P2/2bBB3/PPP3PP/R2Q1RK1 w kq - 0 11,e5f6 c3d4 e3d4 c6d4 f6g7 h8g8 d3h7 g8g7 d1d4 g7h7,1713,75,93,4848,advantage master opening veryLong,https://lichess.org/Mblr8dYS#21,Sicilian_Defense Sicilian_Defense_Taimanov_Variation
0HMjY,3rr1k1/pp3pp1/2bn4/6q1/3BP3/5PP1/PQ6/2RR1BK1 w - - 1 30,b2h2 d6e4 f3e4 d8d4,1938,77,88,728,advantage discoveredAttack master middlegame short,https://lichess.org/BquJtAyK#59,
0ErbV,6r1/2R1kp2/4p2p/pp2P3/5P2/1P1n3P/P7/5K2 b - - 5 32,e7e8 c7c8 e8d7 c8g8,630,95,89,440,advantage endgame short skewer,https://lichess.org/sGrC2Nta/black#64,
0AhrQ,r2qk2r/pb2bppp/1p1p1n2/4p1B1/2P1P3/2NB4/PP3PPP/R2QK2R w KQkq - 4 11,c3d5 f6d5 c4d5 e7g5,1131,76,94,3349,advantage discoveredAttack middlegame short,https://lichess.org/k3uqEUJq#21,Sicilian_Defense Sicilian_Defense_Open
00Al5,2r3k1/p2q1pbp/1p2pnp1/nB1p4/3P4/1Pr1P2P/P1QB1PP1/2R2RK1 w - - 0 19,b5d7 c3c2 d7c8 c2d2,1560,76,96,9110,advantage middlegame short,https://lichess.org/EtyflSie#37,Slav_Defense Slav_Defense_Schlechter_Variation
0BkPZ,2r2r2/pb2bpk1/1p4p1/8/3pNB2/P4Q2/1Pq2PPP/R2R2K1 w - - 1 23,f4e5 f7f6 e5d4 b7e4,1488,74,96,10387,advantage defensiveMove master middlegame short,https://lichess.org/UzdVWcke#45,
03d49,2r2r1k/5pp1/4p2p/8/P2q4/6QP/R1p2PP1/2R3K1 w - - 0 28,a2c2 c8c2 c1c2 d4d1 g1h2 d1c2,991,85,92,1284,attraction crushing endgame fork long,https://lichess.org/15oxc1P5#55,
0JxkB,4r1k1/1p1b1ppp/p2q4/P1pPn3/4N3/3B2P1/1P1Q1P1P/3R2K1 b - - 2 22,d6d5 e4f6 g7f6 d3h7 g8h7 d2d5,1041,75,87,620,advantage discoveredAttack kingsideAttack long middlegame sacrifice,https://lichess.org/MqywuHY5/black#44,
0CX8a,8/3rk3/7p/KP4p1/4B1P1/5P2/8/8 b - - 0 48,e7e6 e4f5 e6e7 f5d7,900,91,95,3611,crushing endgame short skewer,https://lichess.org/b2LG12rp/black#96,
07N42,3r1rk1/Q5pp/3bpq1n/8/8/2N1B3/PPP2PPP/R4RK1 w - - 3 18,e3d4 d6h2 g1h2 d8d4 h2g1 d4h4,2695,98,86,492,advantage defensiveMove discoveredAttack kingsideAttack long middlegame,https://lichess.org/JXELMtG8#35,Scotch_Game Scotch_Game_Other_variations
0VeBZ,r1b1k2r/pp2ppb1/1q1p3p/2n3p1/2B1P2P/2N1QP2/PPP3P1/2KR2NR w kq - 1 13,h4g5 c5b3 a2b3 b6e3,1635,75,89,816,crushing discoveredAttack opening queensideAttack short,https://lichess.org/Ama3pR0P#25,Indian_Defense Indian_Defense_Other_variations
0GgZz,3q4/p1R2pk1/3r2pp/1Q1p4/3P4/P3P3/5PPP/6K1 w - - 0 30,c7a7 d6b6 b5f1 d8b8 a7a5 b6b1,1313,75,95,4615,advantage endgame long pin,https://lichess.org/iJWZzoNI#59,
0Ce7q,2r1kb2/p4p2/1p2p3/8/2Npb1q1/P2P1PB1/1P4K1/3Q3R b - - 0 26,e4f3 d1f3 g4f3 g2f3,682,94,92,268,advantage middlegame short,https://lichess.org/GpXAfxDt/black#52,
03EPU,r1b2rk1/pp2n1pp/2n5/2q2p2/3p4/2N2N2/PPP1QPPP/2KR1B1R w - - 0 12,f3d4 c6d4 e2c4 d4e6 c4c5 e6c5,2263,88,87,1205,advantage long opening,https://lichess.org/liUubf5z#23,Scandinavian_Defense Scandinavian_Defense_Blackburne_Gambit
0Gs4M,r2q4/pb6/1p4pk/2pN1pR1/7r/2Q5/PPP1BP2/1K1R4 w - - 2 23,d5f4 d8g5 f4e6 g5e7,1736,75,91,2423,advantage hangingPiece middlegame short,https://lichess.org/KpuJQKGE#45,
007eS,6k1/p4p2/1p5p/4r3/P3B3/1P3P2/2PK2PP/8 w - - 0 29,d2e3 f7f5 g2g4 f5e4,1177,76,96,11256,advantage endgame short,https://lichess.org/8qs8bafy#57,
06TSi,8/6pp/3b1p2/B7/1pP2P2/3K2P1/k6P/8 w - - 0 35,d3d4 b4b3 a5c3 d6b4 c3b4 b3b2,1812,77,92,1962,advancedPawn bishopEndgame clearance crushing endgame long sacrifice,https://lichess.org/z4eunItw#69,
0TfEK,r4r1k/pppb2pp/q2p1p2/3BnP1Q/2P2R2/6P1/P2N3P/1R5K b - - 5 22,c7c6 h5h7 h8h7 f4h4,1616,78,94,25197,attraction kingsideAttack mate mateIn2 middlegame sacrifice short,https://lichess.org/HuCPFB4w/black#44,
0GH7T,5rk1/pp3pp1/4p1N1/3q3R/6QP/1P1p2P1/P1r1p2K/4R3 b - - 1 30,d5h5 g6e7 g8h7 g4h5,1160,76,96,10956,anastasiaMate endgame intermezzo mate mateIn2 short,https://lichess.org/MjI3nXvx/black#60,
00GVf,2b2k2/6q1/pn4p1/1rp2p2/8/8/1P2Q1P1/1K2R2R b - - 3 32,c8d7 h1h8 g7h8 e2e7 f8g8 e7d8,1635,74,94,7948,crushing exposedKing long middlegame sacrifice,https://lichess.org/sTFSNjA5/black#64,
0PJPk,r1b1k2r/3nqp1p/p3p1p1/1p1p2N1/3P2n1/1NPB2P1/PPQ2PP1/2KR3R w kq - 4 15,h1h7 e7g5 f2f4 g5f6 d1h1 h8h7,1703,77,88,210,advantage hangingPiece long middlegame,https://lichess.org/qybg96u6#29,Queens_Pawn_Game Queens_Pawn_Game_Accelerated_London_System
0FBvx,3rr1k1/7p/3p2p1/p1p2p1n/2q1p3/P2RP1PP/3Q1PBK/2BR4 b - - 0 31,c4d3 d2a2 d6d5 d1d3,1192,75,88,654,crushing discoveredAttack middlegame short,https://lichess.org/3INWHgJT/black#62,
0K80n,3r1k2/4n1p1/1p2Pp2/2p2P2/P2p2KP/1P1Bn3/2PN4/4R3 w - - 1 40,g4f4 e3g2 f4g3 g2e1,1157,77,94,4361,crushing endgame fork short,https://lichess.org/rnk6HZtC#79,
0DBTw,1r6/1b1k4/3P1p2/2P1p3/1Q6/1B1Pq1PP/1P6/5RK1 w - - 0 36,g1h2 e3e2 f1f2 e2f2,952,76,100,122,endgame fork mate mateIn2 short,https://lichess.org/zMepk3Je#71,
0MKJK,3r3k/1Q6/6np/p3b3/P3P1p1/4BpPq/1P3P1P/5RKB w - - 1 29,b7b6 h3f1 g1f1 d8d1,1704,75,95,19217,attraction kingsideAttack mate mateIn2 middlegame sacrifice short,https://lichess.org/E1Ro68hN#57,
0JRqy,5r1k/5pnP/5Qp1/p1Pp4/3Nr1q1/2R3P1/PP6/2K4R w - - 1 33,h1h4 e4e1 c1c2 g4d1,1165,74,95,13779,dovetailMate mate mateIn2 middlegame queensideAttack short,https://lichess.org/9JumHTsd#65,
05UHr,5rbk/p5b1/1p3NQp/4p3/2PnP3/3P4/PP4PP/5RK1 w - - 1 26,f6g8 d4e2 g1h1 f8f1,1205,75,95,15080,backRankMate deflection endgame mate mateIn2 short,https://lichess.org/6HCTNBIP#51,
07jeN,8/p7/7R/4P3/2kr1P2/P4K2/2p2P1P/8 b - - 0 42,c2c1q h6c6 c4d5 c6c1,864,79,73,134,crushing endgame queenRookEndgame short skewer,https://lichess.org/QlvoPG7c/black#84,
0C8g0,r1bq1k1r/pp3p2/2nN1bpp/2P1p3/3p4/4P3/PPPQ1PPP/2KR1BNR w - - 2 12,e3d4 f6g5 f2f4 g5f4 d2f4 e5f4,1507,76,95,21161,crushing long master opening pin,https://lichess.org/tl8ZKL2c#23,Indian_Defense Indian_Defense_Other_variations
06Kr3,2r5/1b1k4/p3p2p/1p6/2PppP2/1P2P3/P2Nq1PP/2QR2K1 w - - 4 29,d2e4 b7e4 d1d4 e4d5 c1d2 e2d2 d4d2 b5c4 b3c4 c8c4,2019,76,95,7423,advantage endgame veryLong,https://lichess.org/v9lIdpwA#57,
01w3s,r4r1k/ppp1q1pp/6N1/5Q2/2B5/2P5/P1P2PPP/2KR4 b - - 2 21,h7g6 f5h3 e7h4 h3h4,1108,74,98,5569,endgame mate mateIn2 short,https://lichess.org/vDbgzIXr/black#42,
0DKW0,r1r3k1/p4ppp/Q1pnp3/3p4/N7/1P6/P4PPP/2R3K1 w - - 0 19,c1c6 c8c6 a6c6 a8c8 c6c8 d6c8,1167,79,94,5416,advantage clearance endgame long,https://lichess.org/h9gpLeqR#37,Sicilian_Defense Sicilian_Defense_Taimanov_Variation
09mu0,r1bqr1k1/1pp2p2/2np4/p5B1/1bBPn3/P1N4P/1P3PP1/R2QK2R w KQ - 0 15,g5d8 e4c3 e1f1 c3d1,1170,80,94,3795,advantage discoveredAttack middlegame short,https://lichess.org/bH8DpL5K#29,Italian_Game Italian_Game_Classical_Variation
05nNw,2r4r/p3bk2/3pn1pp/Q2N1b2/2qN3P/2P1B3/PP3P2/2KR2R1 w - - 1 27,a5a7 c4d5 d4f5 d5f5,1826,74,93,2046,advantage hangingPiece middlegame short,https://lichess.org/S4Oe2nHp#53,
07A4W,8/8/4Kp2/4p3/4Pk2/8/8/8 b - - 2 61,f6f5 e4f5 e5e4 f5f6 e4e3 f6f7 e3e2 f7f8q,789,80,100,326,advancedPawn crushing endgame pawnEndgame promotion veryLong,https://lichess.org/B1TsfiA6/black#122,
008Y3,r5k1/1p1rqpp1/p3pnp1/2PN4/8/1Q5P/PP3PP1/3RR1K1 b - - 0 24,e7c5 d5f6 g7f6 d1d7,1062,76,93,640,advantage discoveredAttack kingsideAttack master middlegame short,https://lichess.org/jAILX5BH/black#48,
0KrMB,r4rk1/ppp2ppp/5q2/2b1p3/3n4/2NPB2P/PPP2PP1/R2QR1K1 b - - 4 14,f8e8 c3e4 f6c6 e4c5 c6c5 c2c3,2058,75,93,8696,advantage fork long middlegame,https://lichess.org/ix14eWTV/black#28,Four_Knights_Game Four_Knights_Game_Italian_Variation
00F1l,8/2k1b3/5p2/RBpK1Pp1/Pp1p2P1/3P4/2r5/8 b - - 2 45,b4b3 a5a7 c7b8 a7e7,838,80,80,188,crushing endgame master short skewer,https://lichess.org/By9yxCU0/black#90,
04XLJ,2kr3r/pp1nqpp1/4p1p1/8/5N2/2Q5/PPP3PP/2KR3R b - - 3 18,e7c5 d1d7 c5c3 d7d8,1711,75,88,1041,advantage middlegame queensideAttack short,https://lichess.org/3mlQOel0/black#36,Queens_Pawn_Game Queens_Pawn_Game_Stonewall_Attack
02HYo,2rr2k1/pp3ppp/2n5/3p4/QP6/P3P3/1q2NPPP/2R2RK1 w - - 1 20,e2d4 c6d4 c1c8 d4e2 g1h1 d8c8,1542,73,93,3174,crushing intermezzo long middlegame sacrifice,https://lichess.org/rqqEGw1Q#39,
03Ws6,8/2k1N3/8/2Pp1p1p/3P1P1P/8/1pK5/2b5 b - - 1 56,c1e3 e7d5 c7c6 d5e3 b2b1q c2b1,814,77,100,400,crushing endgame fork long,https://lichess.org/6afMgPlg/black#112,
0LK96,r4rk1/pp1qnppp/2pb2b1/3BN3/2P5/P7/1P3PPP/R1BQR1K1 b - - 1 15,d6e5 d5f7 f8f7 d1d7,1013,74,81,363,advantage discoveredAttack kingsideAttack middlegame short,https://lichess.org/kcN0FLzo/black#30,Queens_Pawn_Game Queens_Pawn_Game_Chigorin_Variation
0IMSX,1rr3k1/5pp1/5b2/pPq1pNP1/P2pPn2/3B1N2/2PQ1P2/5RK1 b - - 0 33,f4h3 g1h2 h3g5 f3g5,1652,75,92,1847,advantage defensiveMove middlegame short,https://lichess.org/Vp2Dt92g/black#66,
0EAoN,r2q1rk1/p4ppp/3pb3/b2Q4/2B5/2P1B3/PP3PPP/RN2K2R w KQ - 3 15,d5a5 d8a5 c4e6 f7e6,1174,79,89,1181,advantage hangingPiece middlegame short,https://lichess.org/CAaKFsun#29,Scotch_Game Scotch_Game_Classical_Variation
038eV,r1b1kb1r/p4ppp/1pn5/2pnN3/8/6P1/PP3PBP/RNB2RK1 b kq - 1 12,c6e5 g2d5 a8b8 f1e1 f7f6 f2f4,1998,75,94,9485,advantage hangingPiece long opening pin,https://lichess.org/G9eMrQ1I/black#24,Zukertort_Opening Zukertort_Opening_Grunfeld_Reversed
0OW5d,3rr1k1/ppq2ppp/2p5/6N1/P7/2P1n2P/RPP2QP1/4R1K1 b - - 1 21,e3c2 e1e8 d8e8 f2c2,1374,75,93,26144,advantage intermezzo middlegame short,https://lichess.org/2b8seCBt/black#42,
0HBk8,rn2kbnr/ppp2ppp/3p4/8/4PPbq/3P1N2/PPP1K2P/RNBQ1B1R w kq - 2 8,c1e3 g4f3 e2f3 h4h5 f3f2 h5d1,1281,76,96,623,attraction crushing long opening skewer,https://lichess.org/B5mMD3v1#15,Kings_Gambit_Declined Kings_Gambit_Declined_Keenes_Defense
0CIMS,r1b2rkb/pp3p1p/1q3np1/4n1N1/7Q/1BN5/PP3RPP/R6K b - - 1 21,e5g4 f2f6 g4f6 c3d5 h7h5 d5b6,2168,77,93,5877,advantage long middlegame sacrifice,https://lichess.org/FVcBtW2A/black#42,
03vCU,3rq1k1/5ppp/3b1p2/1p1Q4/3P4/P6P/1PPB1PP1/2KR4 w - - 1 23,d1e1 e8e1 d2e1 d6f4 c1d1 d8d5,1061,79,93,1267,advantage discoveredAttack endgame long sacrifice,https://lichess.org/JWoo7ICY#45,
0CYwL,r1bq1r1k/1pp3pp/1n3b2/p6R/P7/1B1P3P/1PP2PP1/R1BQ2K1 b - - 4 20,c8d7 h5h7 h8h7 d1h5,686,79,99,684,attraction kingsideAttack mate mateIn2 opening sacrifice short,https://lichess.org/ya21lSWc/black#40,
07hJ5,7Q/4kpp1/p1p1p3/P1q2b2/2B5/3PRPp1/1PP1K1P1/r7 w - - 0 29,h8g7 a1e1 e2e1 c5e3,1369,75,92,11625,attraction crushing deflection endgame short,https://lichess.org/9MQBNt6h#57,
0PVU7,r2b1rk1/6pp/p3p3/1p2Pp2/2pP3q/P1P1BP1P/2Q1RP1K/6R1 w - - 0 26,c2d2 f5f4 g1g4 f4e3,1281,74,92,4546,advantage middlegame short,https://lichess.org/Dk8jM2xc#51,
06E8N,r3r1k1/p4pp1/2b4p/2p5/2Pq4/P2P2P1/2Q2PP1/1R2RBK1 w - - 2 22,c2b2 e8e1 b2d4 e1f1 b1f1 c5d4,1876,74,94,3563,advantage kingsideAttack long middlegame,https://lichess.org/cuaTvAsh#43,
0AfZp,8/8/4p3/1p1pP1p1/k2P1p2/PpK2PpP/1P4P1/8 w - - 3 44,c3d3 b5b4 a3b4 a4b4,902,85,96,1442,crushing endgame pawnEndgame short zugzwang,https://lichess.org/gIKx6lD5#87,
08PQ5,1n3rk1/1p2bppp/4pn2/3p2B1/q7/1P1P4/P1P2PPP/R2Q1RK1 b - - 0 14,a4g4 d1g4 f6g4 g5e7,1669,77,94,10738,advantage middlegame short,https://lichess.org/sMV9regX/black#28,Caro-Kann_Defense Caro-Kann_Defense_Hillbilly_Attack
025gx,5r1k/2b1Npp1/1p2p2p/1qn5/3Q4/P7/3R1PPP/3R2K1 w - - 0 26,d2b2 b5e8 e7d5 e6d5,2105,74,91,2914,advantage middlegame short trappedPiece,https://lichess.org/SNi97eZr#51,
0U34r,1r4k1/5pb1/3p2p1/6q1/p1p1P2R/1Pp5/P6Q/1K5R b - - 1 33,g5f6 h4h8 g7h8 h2h7 g8f8 h7h8 f8e7 h8b8,1542,74,94,2898,advantage clearance deflection endgame sacrifice skewer veryLong,https://lichess.org/uYLB0tTt/black#66,
04vDW,3r2k1/p3qpb1/1pp3pp/8/P1P1N1P1/1P3Q1P/4R1K1/8 b - - 0 31,d8e8 e4f6 g7f6 e2e7,995,84,94,445,advantage discoveredAttack endgame fork master short,https://lichess.org/v2tTGENO/black#62,
05K8U,r2k4/pp5q/8/2P3p1/1P4b1/2PK2Q1/P1B1r2P/R1B4R w - - 9 29,d3c4 g4e6 c4d4 h7c2 g3d3 d8e8,2789,97,86,134,advantage defensiveMove long middlegame,https://lichess.org/5fWU9DML#57,
0aOPI,4k3/4P2p/6p1/1K4P1/4R2P/2pr4/8/8 w - - 0 50,b5b4 c3c2 e4c4 d3d4 c4d4 c2c1q,1536,76,96,33549,advancedPawn crushing deflection endgame long pin promotion rookEndgame,https://lichess.org/L6L2fbEk#99,
0ByJ6,8/7p/2P5/1P1k3K/1P3b2/8/8/8 b - - 0 53,d5c4 b5b6 c4b5 c6c7 b5b6 c7c8q,1501,74,96,18487,advancedPawn bishopEndgame crushing endgame long promotion,https://lichess.org/G8Ztb6fb/black#106,
04Drp,2rq3r/2Nknppp/1p2p1b1/pP1pPnB1/3P4/P4N2/2Q1BPPP/2R1K2R b K - 2 21,c8c7 c2c7 d8c7 c1c7,956,85,92,163,advantage middlegame short,https://lichess.org/QwLoww9j/black#42,
0Ji57,5r2/P1k4p/3Np1p1/3bP1P1/R2K3P/8/8/8 w - - 3 57,h4h5 f8f4 d4c5 f4a4 h5g6 h7g6,1187,76,100,326,crushing endgame long master skewer,https://lichess.org/IKX0MECx#113,
0T9fN,3r2k1/pp2Qppp/1q2p3/3p4/2P5/1P4P1/P4PP1/R5K1 b - - 0 24,h7h6 c4c5 b6a5 b3b4 a5b4 e7d8,1370,74,96,13075,crushing deflection endgame long,https://lichess.org/AMVhokDR/black#48,
0JAHD,r1bqk2r/p4ppp/2pbpn2/8/2BQ4/8/PPP2PPP/RNB2RK1 w kq - 0 10,c1g5 d6h2 g1h2 d8d4,1173,76,92,725,crushing discoveredAttack kingsideAttack opening short,https://lichess.org/MUYLTDY1#19,Sicilian_Defense Sicilian_Defense_Bowdler_Attack
0BnFX,1k6/rp2bp2/pN1p4/P1p1p3/4P1r1/2PP2nR/1P3KP1/R7 w - - 0 29,h3g3 e7h4 a1h1 h4g3,1385,77,92,5901,advantage endgame pin short,https://lichess.org/Dojabfu2#57,
0Kizs,6k1/3r2p1/p1r1p3/1p6/2nPP1Q1/3KBP2/P1R4P/8 w - - 1 31,c2g2 c4e5 d3d2 e5g4,1301,75,93,4443,crushing endgame master pin short,https://lichess.org/Z2QOhx1l#61,
0GYxS,r4r2/p5kp/3p2p1/3q1n2/8/2PP1N2/1P2QPP1/R4K1R w - - 0 26,f3d4 f5g3 f1g1 g3e2,1184,75,100,202,advantage middlegame pin short,https://lichess.org/sTaPxg3n#51,
00cud,8/5p2/6p1/1p1N1k2/1PbK4/2P3P1/8/8 b - - 0 48,c4f1 d5e3 f5e6 e3f1,981,75,97,1966,crushing endgame fork master short,https://lichess.org/XdT6vR6T/black#96,
0FHs1,8/8/3p4/3k4/3P2Pp/3KPp2/1P3P2/8 w - - 0 45,g4g5 h4h3 g5g6 d5e6 d3e4 h3h2,1877,71,94,15192,advancedPawn crushing endgame long pawnEndgame,https://lichess.org/H86eSDVF#89,
0BYfa,1r1r2k1/p4ppp/2p2b2/2p5/2P3b1/1PN3P1/P2BPP1P/R2R2K1 w - - 3 19,f2f3 d8d2 d1d2 f6c3 a1d1 c3d2,1790,74,95,9273,advantage attraction capturingDefender fork long middlegame,https://lichess.org/NrmFslCG#37,Queens_Gambit_Declined Queens_Gambit_Declined_Albin_Countergambit
0EStt,rn1q1rk1/p1pp1ppp/1p3nb1/4p1B1/2B3NP/P1P5/1P1Q1PP1/R3K2R b KQ - 0 12,h7h5 g5f6 g7f6 d2h6 h5g4 h6g6,2174,74,92,6239,clearance crushing kingsideAttack long middlegame pin,https://lichess.org/grsI6nNm/black#24,Owen_Defense Owen_Defense_Other_variations
0HE05,1r1r2k1/p1q1bpp1/2ppbn1p/4p3/4P2B/1PN4P/P1PQBPP1/3R1RK1 w - - 5 18,e2f3 f6e4 c3e4 e7h4,1546,75,92,2218,advantage discoveredAttack master middlegame short,https://lichess.org/j2GOSemx#35,Sicilian_Defense Sicilian_Defense_Richter-Rauzer_Variation
022HT,r3k2r/ppp1qppp/2np4/2b1p3/2P1P1b1/3P1N2/PP2BPPP/R1BQK2R b KQkq - 2 8,c6d4 f3d4 c5d4 e2g4,1248,75,94,9476,advantage discoveredAttack middlegame short,https://lichess.org/DxRz4P05/black#16,English_Opening English_Opening_Kings_English_Variation
0APYD,8/3Q4/6pp/p4p1k/5P2/1q5P/6PK/8 b - - 1 52,a5a4 g2g4 h5h4 d7e7 g6g5 e7e1 b3g3 e1g3,1887,74,96,16524,endgame mate mateIn4 queenEndgame veryLong,https://lichess.org/yf0vRUlk/black#104,
07eAQ,3r2k1/p4pp1/qp5p/2b2N2/8/1Q2PRB1/PP2K1PP/8 w - - 2 26,e2f2 d8d2 f2g1 a6e2 f3f2 d2d1 b3d1 e2d1,1940,74,93,1111,advantage middlegame veryLong,https://lichess.org/wfcQ55UV#51,
097Ea,3r2k1/pb4pp/1p3p2/1Bb5/3n1B2/5N2/PP3PPP/3R2K1 b - - 3 20,d4e2 b5e2 d8d1 e2d1,1297,75,91,991,advantage hangingPiece middlegame short,https://lichess.org/HZfQQ4sA/black#40,
0QFgF,1nbk2nr/3pppbp/1p4p1/B1pP4/2q4P/8/4PPP1/1R1QKBNR w K - 0 13,b1b6 g7c3 a5c3 c4c3 d1d2 c3a1,1404,75,91,900,advantage long opening,https://lichess.org/j70ANdSL#25,Queens_Pawn_Game Queens_Pawn_Game_Modern_Defense
09pJq,r3k2r/p3qppp/8/2PRP3/5Q2/6P1/Pp4P1/2K4R w kq - 0 23,c1b2 e7b7 b2c3 b7d5,986,83,95,6480,crushing endgame fork short,https://lichess.org/4r5fyx7z#45,
08cbn,8/k4p2/P1K5/R2p4/3P4/4Pr2/5P2/8 w - - 1 51,c6d5 f3f5 d5d6 f5a5,995,76,84,337,advantage endgame master rookEndgame short skewer,https://lichess.org/nrvhE0TH#101,
0CiKZ,1r3rk1/3R1p1p/5p2/8/3p4/1b6/3N1PPP/2R3K1 b - - 1 25,f8d8 d7d8 b8d8 d2b3,1141,76,94,5537,advantage endgame short,https://lichess.org/z2Z5V2d1/black#50,
0Ml0N,r1bq1rk1/pp4bp/6p1/5p2/3np3/1PB3P1/P2QPPBP/R3NRK1 b - - 0 17,d4e2 d2e2 g7c3 e2c4,1045,86,93,514,advantage master opening short,https://lichess.org/4tPvNcBU/black#34,Dutch_Defense Dutch_Defense_Leningrad_Variation
0V3J4,r1bq1rk1/ppp1b1pp/2pn1p2/8/3N3B/2P5/PP3PPP/RN1QR1K1 b - - 0 11,d6c4 d1b3 d8d5 e1e7,1741,74,96,7242,crushing opening pin short,https://lichess.org/EOC4AVlb/black#22,Ruy_Lopez Ruy_Lopez_Berlin_Defense
0KhkS,r5k1/pp3p1p/4rppQ/2p2P2/8/1P1P4/P1P1qP1P/2KR2R1 b - - 0 21,e6e5 f5g6 h7g6 g1g6 f7g6 h6g6,1545,74,81,398,crushing endgame kingsideAttack long sacrifice,https://lichess.org/edDcXj16/black#42,
0SsfF,8/ppn5/2pb2k1/5pPP/2PP1P2/2B1rRK1/PP2r3/5R2 b - - 0 36,g6h5 f1h1 h5g6 h1h6 g6f7 h6d6,1549,75,97,19376,crushing long middlegame skewer,https://lichess.org/4bQq0zae/black#72,
0KbvN,6k1/2q1bppp/4p3/N2pN3/Q2P4/4P1P1/P4PPK/1r6 b - - 6 28,c7c1 a4e8 e7f8 e8f7 g8h8 f7f8,1131,74,98,4819,deflection endgame fork long mate mateIn3,https://lichess.org/HKsnvsqy/black#56,
0Ku2k,r7/8/8/6P1/p6K/5P2/1k6/R7 w - - 1 44,a1h1 a8h8 h4g3 h8h1,1312,79,94,827,crushing endgame rookEndgame short skewer,https://lichess.org/80R3MWiV#87,
0Pljl,2kr2r1/p3pN1Q/2p2np1/2q2b2/1p1N1Pn1/1B6/PPP3PP/2KR3R w - - 1 21,h7h4 d8d4 d1d4 c5d4,1400,76,96,12546,advantage master middlegame short,https://lichess.org/xeVjng4z#41,
0KuxT,3q1r2/1b1nbp1k/4p2p/3pP2Q/2pP1PPN/1pP5/1P6/rNKR3R b - - 0 25,f8g8 h5h6 h7h6 h4f5 h6g6 h1h6,2173,83,92,141813,attraction doubleCheck hookMate long mate mateIn3 middlegame sacrifice,https://lichess.org/3XrMPwVW/black#50,
09Pji,N6k/pp5p/4Q1p1/2pPb1q1/2P1pr2/7P/PP2BP1K/4RR2 w - - 2 24,e6e8 f4f8 e8e5 g5e5,2025,75,92,1289,advantage discoveredAttack middlegame short,https://lichess.org/szBD9nAx#47,
0IcCP,4r3/5pkp/p2p2p1/1ppP3r/4P2q/1P3P1b/P1BQKP2/R6R b - - 1 26,h4g5 d2g5 h5g5 h1h3,1475,75,96,29465,advantage middlegame short,https://lichess.org/7NUs3LGA/black#52,
0B27m,r3k3/2pn3r/pp6/1qnQNp2/8/4PK2/3R1PP1/2R5 b q - 9 31,e8c8 d5a8 d7b8 d2d8 c8d8 a8b8,1215,75,90,822,advantage attraction discoveredAttack long middlegame queensideAttack,https://lichess.org/2pwi3UHf/black#62,
04Iqy,r1bqk1r1/pp3pbp/2n3p1/2pp4/2B5/2NP2B1/PPP2PPP/R2QK2R w KQq - 0 12,c4d5 g7c3 b2c3 d8d5,1483,75,86,519,advantage intermezzo opening short,https://lichess.org/G3COeYfi#23,Sicilian_Defense Sicilian_Defense_Old_Sicilian
0RBie,8/6p1/7p/2n2p2/1pk1pP2/4P1PP/1PK2N2/8 b - - 4 41,c5d3 b2b3 c4c5 f2d3,1458,76,96,11959,crushing deflection endgame knightEndgame master short,https://lichess.org/m21ydAcH/black#82,
05lSg,5b1r/1p1k2p1/2p4p/6N1/Q3bqP1/1P3N2/1PP1n2P/5RBK w - - 0 27,a4e4 e2g3 h2g3 h6g5 e4h7 h8h7,2110,77,91,751,crushing discoveredAttack kingsideAttack long middlegame,https://lichess.org/VV37eB6W#53,
069X6,r3r2k/1b5p/p3B1p1/1p3nq1/3p1N2/P2P3R/1PPQ1PP1/4RK2 w - - 8 23,e6f5 b7g2 f4g2 g5d2,1946,74,94,13398,advantage fork middlegame short,https://lichess.org/6KgU9BUJ#45,
0Ek0I,6k1/4Qp2/4p1p1/6Kp/4Pr2/2r4P/6P1/8 b - - 1 43,f4e4 g5h6 c3c8 e7f6 g8f8 f6h8 f8e7 h8c8,1897,75,94,537,crushing endgame queenRookEndgame skewer veryLong,https://lichess.org/4Tt0wSw3/black#86,
05874,2r1r1k1/pp3ppp/5b2/qP1pp3/n1P5/P2P2P1/2QN1P1P/1R2NRK1 b - - 0 20,a4c3 d2b3 a5a3 c2c3,1612,77,96,16572,advantage middlegame short,https://lichess.org/2Ima24rE/black#40,
0FlIL,r1b1kbnr/pppp1ppp/5q2/4p3/3nP3/2NP1N2/PPP2PPP/R1BQKB1R w KQkq - 3 5,c1g5 d4f3 g2f3 f6g5,1169,78,92,480,advantage opening short,https://lichess.org/3UWrQMA9#9,Kings_Pawn_Game Kings_Pawn_Game_McConnell_Defense
09LVe,2r1r3/3q2pk/p2p2b1/1p1BbP2/1P6/P2PB2P/3Q2K1/2R2R2 b - - 0 33,g6f5 f1f5 d7f5 d5e4 f5e4 d3e4,1428,73,95,30323,advantage long middlegame pin sacrifice,https://lichess.org/aTHI4fJk/black#66,
0DUsh,3r4/pk3p1p/1p2pnp1/nN1b4/P7/2P1BB1P/2K2PP1/3R4 b - - 0 25,a5c4 e3g5 a7a6 g5f6 d5f3 d1d8,1963,73,94,7977,advantage long middlegame,https://lichess.org/eldQXia2/black#50,
0DXNY,1k5r/p1r4p/Bp1p1p1p/PQp5/2PqP3/3P3P/1P2bRP1/4R1K1 b - - 2 30,e2d3 a5b6 c7g7 b6a7 b8a8 b5c6,1739,75,95,3599,advancedPawn advantage doubleCheck long middlegame queensideAttack,https://lichess.org/Wwg5pVcw/black#60,
0Vvx4,r4rk1/pp3ppp/1qnbpn2/3p4/B7/2PQ3P/PP3PP1/R1B1RNK1 b - - 0 14,f6e4 e1e4 d5e4 d3d6,1492,74,93,1437,advantage capturingDefender middlegame short,https://lichess.org/03J35s3X/black#28,Caro-Kann_Defense Caro-Kann_Defense_Other_variations
074ux,5rk1/6p1/p2Np1Qp/8/5Pn1/P5Pq/1P3P1P/2R3K1 w - - 9 28,d6e4 h3h2 g1f1 h2h1 f1e2 h1c1,1207,75,95,21873,crushing endgame long skewer,https://lichess.org/YQypMGDb#55,
0NLYd,8/7p/3k4/3np1p1/P3KpP1/1p1B1P1P/8/8 b - - 1 48,d6e6 d3c4 e6d6 c4d5 b3b2 d5a2,1084,76,95,4386,crushing defensiveMove endgame long,https://lichess.org/yH2rkUaC/black#96,
09Gbm,r3r1k1/p1p2pp1/1p1b3p/8/P3q3/1Q3N2/2P2PPP/1R1R2K1 b - - 4 22,e4b4 b3b4 d6b4 b1b4,1581,78,94,13963,advantage middlegame short,https://lichess.org/ivJ2mqpM/black#44,
042gq,2k4r/2p2ppb/pnp1p2p/2q1P2P/4PPP1/1QNr4/PP6/1KBR3R b - - 4 20,h7e4 c3e4 d3b3 e4c5,1409,77,93,266,advantage hangingPiece middlegame short,https://lichess.org/XgYNgeOy/black#40,
0Ggff,4r1k1/1p3ppp/p7/8/3r1B1Q/P1N5/1Pq3PP/5RK1 w - - 5 25,h4f2 c2f2 f1f2 e8e1 f2f1 e1f1 g1f1 d4f4,1668,75,91,753,advantage attraction middlegame veryLong,https://lichess.org/CHfhM1bV#49,
0CnA0,6k1/2q3pp/p1b2r2/1pnp4/3N1p2/2P4P/P1B2PP1/3RQ1K1 b - - 4 25,c6b7 e1e8 f6f8 c2h7 g8h7 e8f8,1349,75,96,12019,crushing deflection kingsideAttack long middlegame,https://lichess.org/Ojw4Fd5s/black#50,
0DdKT,r1bqr1k1/1p2npp1/p1p2b1p/2Pp4/8/P3PPBP/1P2NP2/1BRQK2R b K - 0 17,f6b2 d1c2 b2f6 c2h7,1644,75,86,563,advantage opening short,https://lichess.org/JL6zDtBc/black#34,Queens_Pawn_Game Queens_Pawn_Game_Other_variations
0Hw6T,8/2kb1p2/p1p1pPp1/1pP1P1K1/1P4PP/P3p1b1/4B3/8 b - - 0 36,g3e5 h4h5 g6h5 g4h5 e5b2 h5h6,1312,75,94,10180,bishopEndgame crushing endgame long,https://lichess.org/bVtqNCUt/black#72,
0I9Pf,4r1k1/pp3rbp/2n3p1/8/P7/1P1QB3/4R1P1/6K1 w - - 4 32,e2c2 e8e3 d3e3 g7d4 e3d4 c6d4,1808,75,95,11483,crushing long middlegame pin sacrifice,https://lichess.org/N5QnOzDC#63,
0KR02,8/kb4q1/pQ6/P1p1p3/1pP1P1B1/7P/1r6/4R2K b - - 5 37,a7b8 e1d1 g7c7 d1d8 c7d8 b6d8,1860,72,96,12969,crushing endgame exposedKing long pin quietMove xRayAttack,https://lichess.org/0dXy0Xsj/black#74,
0MvmB,2r3k1/3q1pbp/ppr1p1p1/3p4/3P1B2/1Q2P3/PPR2PPP/2R3K1 w - - 2 27,b3a4 c6c2 c1c2 d7a4 c2c8 g7f8,1276,77,87,499,advantage discoveredAttack long middlegame,https://lichess.org/pcRTHMXO#53,
0CEiN,r1b1k1nr/pppqb2p/5pp1/3Nn3/2B4Q/8/PPP2PPP/R1B1R1K1 b kq - 3 15,d7c6 c4b5 c6b5 d5c7 e8f7 c7b5,2052,75,94,10510,attraction crushing deflection exposedKing fork long opening pin sacrifice,https://lichess.org/t2Ik7duM/black#30,Four_Knights_Game Four_Knights_Game_Halloween_Gambit
02KZc,r7/5pk1/5q1n/1QPp4/pP1PpNp1/P3P1P1/5KP1/8 b - - 0 35,h6f5 f4h5 g7g6 h5f6,836,78,99,953,advantage endgame fork short,https://lichess.org/aUHS17mJ/black#70,
0CzFy,1r4k1/p1r2ppp/2R1p3/4q3/8/4PQ2/P5PP/5RK1 b - - 0 21,c7c6 f3f7 g8h8 f7f8 b8f8 f1f8,901,76,98,408,backRankMate endgame long mate mateIn3 sacrifice,https://lichess.org/qGWJBGly/black#42,
0OCDo,r2qkb1r/pp1npppp/3p4/nBp4b/Q3P3/2PP1N1P/PP3PP1/RNB1K2R b KQkq - 6 9,a7a6 b5d7 d8d7 a4a5,1228,76,82,142,advantage opening short,https://lichess.org/KU839Yr0/black#18,Sicilian_Defense Sicilian_Defense_Modern_Variations
04Jj1,r2q1rk1/1p5p/1npBPb2/3n1Np1/pP1P4/P7/3Q2PP/4RRK1 b - - 4 31,d5e7 f5h6 g8g7 f1f6,2219,78,91,175,advantage discoveredAttack kingsideAttack middlegame short,https://lichess.org/cZAVUAQI/black#62,
0AQL2,rnb3k1/pp5R/2p3B1/5pq1/3P4/2P1r3/PPQ2KP1/R5N1 w - - 1 17,c2b3 c8e6 g6f7 g8h7,1567,75,94,935,advantage defensiveMove middlegame short,https://lichess.org/BNhobgDd#33,Caro-Kann_Defense Caro-Kann_Defense_Tartakower_Variation
0EQWn,2rq1rk1/pp2bp1p/4p1pQ/4n1N1/3p4/5N2/PP3PPP/R4RK1 b - - 1 18,e7g5 f3g5 d8g5 h6g5,990,77,81,139,advantage middlegame short,https://lichess.org/QhGBuaOZ/black#36,English_Opening English_Opening_Anglo-Scandinavian_Defense
04iAT,1br5/3q1rpk/1p1p3p/1P1P1pPP/2P1p3/3Q1P1K/1B4R1/6R1 w - - 0 47,f3e4 f5e4 h3h2 e4d3 g5g6 h7h8 g6f7 d7f7,2458,76,94,586,advantage discoveredAttack middlegame veryLong,https://lichess.org/tX7eCsK5#93,
0Dr6e,r4r1k/p1Q3Rp/4p3/3p4/3P4/2P1K2b/P1q1B2P/6R1 w - - 2 27,e2d3 c2f2,946,76,98,5924,mate mateIn1 middlegame oneMove,https://lichess.org/SoeY6U7b#53,
0GD5j,k1rnn3/6qp/p2pp3/2p2P2/1p2P3/1P1P1N2/PNP1Q3/2K4R w - - 0 28,b2c4 g7a1 c1d2 a1h1,1237,76,93,3085,crushing middlegame short skewer,https://lichess.org/HB5xfJy1#55,
04OCu,3rr1k1/ppp2ppp/1n6/8/3qp2P/PQ5R/1P2BPP1/4RK2 b - - 2 20,d4a4 b3a4 b6a4 e2b5 a4c5 b5e8,1691,76,95,21715,advantage fork long middlegame,https://lichess.org/Wu4qMxCX/black#40,
04DEQ,5rk1/1bq1bppp/2p1pn2/4N3/3P4/3B3P/1BP2PP1/QR4K1 w - - 4 21,a1a7 f8a8 a7a8 b7a8,1386,75,93,3984,advantage middlegame short trappedPiece,https://lichess.org/zbSceQBp#41,
0FfVr,6qk/rb2n1pp/pb2rp2/1p2p3/4P1Q1/P1R4P/BB3PP1/2R3K1 b - - 1 29,b7c8 c3c8 e7c8 a2e6,1770,75,96,14768,crushing middlegame pin short,https://lichess.org/Vroq6GOz/black#58,
0DBrx,r6r/5pk1/p1Q3p1/2p1nq1p/7R/2N5/PPP1B1PP/3R2K1 w - - 1 28,c6c5 e5f3 e2f3 f5c5,1030,86,93,2416,crushing discoveredAttack middlegame short,https://lichess.org/TsOfOUn9#55,
0PzeM,5rk1/2p4p/1p1b2p1/p2N4/P1rP2RP/8/2P1R1K1/8 b - - 0 38,f8f5 d5e3 f5f4 g4f4,1928,72,94,10270,advantage endgame fork master masterVsMaster short,https://lichess.org/TUxnBHc4/black#76,
01243,r7/pp1Qp1B1/8/3kb3/4q3/8/PP3PP1/5K2 b - - 4 34,e5d6 d7b7 d5e6 b7e4,1443,76,97,13011,crushing deflection endgame fork master short skewer,https://lichess.org/dfLW8TS1/black#68,
0CtxN,3r1q1r/ppN2kbQ/3p2p1/2p1n3/2P1P3/4BP1B/PP6/2KR3R b - - 5 23,h8h7 h3e6 f7f6 h1h7,1407,76,98,5003,advantage discoveredAttack middlegame short,https://lichess.org/EbfGR5IB/black#46,
04xJJ,4rrk1/ppp2ppp/3p2n1/4n1q1/3pP1b1/1B4BP/PPPN2P1/R3QRK1 b - - 0 14,g4e2 f1f5 g5e3 g3f2 e3h6 e1e2,2131,75,94,7575,advantage defensiveMove long middlegame,https://lichess.org/QDw3mkU6/black#28,Scotch_Game Scotch_Game_Scotch_Gambit
05GPQ,r1bq1rk1/1p2bppp/p2p1n2/4p1B1/2B1P3/2N5/PPP2PPP/R2Q1RK1 w - - 4 11,c3d5 f6d5 c4d5 e7g5,1157,78,88,330,advantage discoveredAttack opening short,https://lichess.org/T9zyDCWh#21,Sicilian_Defense Sicilian_Defense_Open
0HOrt,3rr1k1/pp3ppp/8/1P3b2/P1q1P2P/R2pQPP1/3B4/5BK1 b - - 3 24,c4d4 e3d4 d8d4 e4f5,1608,75,95,17765,advantage master middlegame short,https://lichess.org/JH5nXXEF/black#48,
01wS5,b5rk/6p1/qNpQR2p/5p2/3P4/5P2/1P4PP/6K1 b - - 1 32,a6b6 e6h6 g7h6 d6h6,877,77,99,2875,endgame mate mateIn2 sacrifice short,https://lichess.org/lVaVeCfQ/black#64,
00GHw,r1bq1r2/1p4kp/4p1p1/1NpPp1P1/2P1P3/pPQ4B/P4n2/2KR3R b - - 1 21,f2h1 c3e5 g7g8 d5e6 d8e7 d1h1 e7g7 e5g7,2450,105,89,386,advantage middlegame veryLong,https://lichess.org/VU9ATvfr/black#42,
03yPf,4r1k1/pp3rb1/3pq3/4n1PR/5p2/3B1P2/PP1Q1B2/2K4R w - - 0 29,c1b1 e5d3 d2d3 e6e2 d3b3 e2f2,2418,96,89,654,clearance crushing long middlegame,https://lichess.org/U2u6OFAM#57,
0ABX8,3r2k1/p3bppp/1p1Pp3/1Q6/1P3P2/8/2q3PP/3RR1K1 b - - 0 24,d8d6 b5e8 e7f8 d1d6,991,78,95,2189,crushing endgame fork pin short,https://lichess.org/AbCnzz8f/black#48,
0CKaK,r3r1k1/pp3p2/2p3pQ/4n3/8/1P5P/PqB2PP1/3RR1K1 w - - 2 24,d1d2 e5f3 g2f3 e8e1,870,77,100,164,crushing discoveredAttack kingsideAttack middlegame short,https://lichess.org/AHetDQ1p#47,
06YCj,r1b2rk1/pp4p1/4p1QR/3pqpp1/2p5/4P3/P1B1KPP1/3R4 b - - 1 20,f8f6 g6e8 f6f8 h6h8 g8h8 e8f8,1766,74,95,427,advantage attraction deflection kingsideAttack long middlegame,https://lichess.org/YD2ripF3/black#40,
0KoND,r1b2rk1/p4ppp/2p5/6q1/4p1n1/2B3K1/PPB1NPP1/R2Q1R2 w - - 3 16,d1d2 g4e3 g3h2 g5g2,1808,75,96,16001,discoveredAttack mate mateIn2 middlegame short,https://lichess.org/HWw9sUKs#31,Queens_Pawn_Game Queens_Pawn_Game_Stonewall_Attack
03vMK,1rq1b1k1/2p2ppp/3p4/8/2Q2PP1/1BB1n1rP/PPP2R1K/3R4 w - - 3 28,c4d4 g3h3 h2h3 c8g4,1790,75,89,3730,attraction crushing master middlegame sacrifice short,https://lichess.org/3W8swpzd#55,
038W6,1r3rk1/pp1nqppp/4bn2/2p1N3/5PP1/P1N1Q2P/1P4B1/R4RK1 b - - 4 19,e6c4 e5c4 e7e3 c4e3,1537,74,92,1733,advantage hangingPiece middlegame short,https://lichess.org/zu7auAut/black#38,English_Opening English_Opening_Kings_English_Variation
0JykD,rn1q1k1r/pp4p1/2p1Rn1p/8/3P1B2/8/PPP2PPP/R2Q2K1 b - - 0 16,d8d5 e6d6 d5e4 d6d8 f8f7 d8h8,2111,76,91,2816,crushing long middlegame skewer,https://lichess.org/TnW4MLB0/black#32,Caro-Kann_Defense Caro-Kann_Defense_Finnish_Variation
0JH8E,5nk1/1q6/6pr/R1p1P3/2Pp1PQ1/1r3NK1/8/R7 w - - 2 45,a5a7 b3f3 g4f3 h6h3 g3h3 b7f3,1321,74,91,1133,attraction crushing deflection long middlegame sacrifice,https://lichess.org/Xhg1XyKI#89,
0HENX,5r2/R1bk3p/7n/2p3p1/2P5/P3RBPP/3r1PK1/8 b - - 0 26,d7d6 a7a6 d6d7 a6h6,2008,76,91,2106,crushing middlegame short skewer,https://lichess.org/9TifXlVa/black#52,
00IFk,r1b4r/ppk2ppp/2p5/3n2B1/2P5/6P1/P1P1B2P/2KR3R b - - 0 16,d5c3 g5f4 c7b6 c4c5 b6c5 f4e3,2118,75,87,128,attraction crushing long middlegame,https://lichess.org/aDBJY27j/black#32,Philidor_Defense Philidor_Defense_Lion_Variation
0RpxK,r4rk1/pp5p/2qp4/2pn1pQ1/2P5/2PP2P1/P5K1/R6R b - - 1 23,g8h8 h1h7 h8h7 a1h1,1319,74,95,28713,attraction kingsideAttack mate mateIn2 middlegame sacrifice short,https://lichess.org/w3Gqx3Ir/black#46,
0TrzN,1k3b1r/p1p1rp2/1p1p3p/2nPq1p1/B3PR2/2N1Q2P/PPP3P1/2K4R w - - 0 20,f4f5 e5f5 e4f5 e7e3,1377,74,87,797,crushing discoveredAttack middlegame short,https://lichess.org/ZjfYsrRp#39,
03OoQ,r2q1rk1/p3bpp1/1np1pn1p/1p3b1N/3Pp3/P1N5/1PP2PPP/R1BQRBK1 b - - 3 13,f5g4 h5f6 e7f6 d1g4,1037,76,99,1388,advantage kingsideAttack opening short,https://lichess.org/WQAWPwME/black#26,Caro-Kann_Defense Caro-Kann_Defense_Ulysses_Gambit
0OZz1,8/8/1p6/p1p1P1p1/P1P2p2/1P1k1P1p/5Kb1/3B4 b - - 0 48,d3d2 e5e6 d2d1 e6e7,1376,75,91,290,advancedPawn advantage bishopEndgame endgame sacrifice short,https://lichess.org/tO8Yy57U/black#96,
0L5FE,r3r1k1/pp4p1/2pB3p/2Pn1p2/3Pp3/q3P3/2Q1KPPP/R6R b - - 3 23,d5c3 e2d2 a3b4 c2c3 b4c3 d2c3,1424,76,86,175,advantage defensiveMove long middlegame,https://lichess.org/hdQgl6S7/black#46,
07iYK,8/p7/1p2kpp1/1Pn1p3/4PnP1/P1R1K3/3r1P2/2N5 w - - 0 37,e3d2 c5e4 d2c2 e4c3,909,81,95,718,advantage endgame fork short,https://lichess.org/SeNiZ9N2#73,
0Ky64,r2q1rk1/p1p1bpp1/1pn2n1p/3p4/2N1P2B/2Q2N2/PPP2PPP/3RR1K1 b - - 1 13,f6e4 e1e4 d5e4 d1d8 a8d8 h4e7 d8d1 f3e1,1729,76,90,2555,advantage middlegame veryLong,https://lichess.org/wKFxe7W0/black#26,Center_Game Center_Game_Other_variations
08oZy,r2r2k1/bb3pNp/p5n1/1p1p4/1P2n1qP/P2QPN2/1B3PP1/RB3RK1 w - - 1 20,f3e5 g6e5 b2e5 f7f6 g7f5 g4f5,2032,79,90,620,advantage long middlegame trappedPiece,https://lichess.org/0l6bXCIK#39,
0BWtu,6r1/5p1p/4b3/p3R2k/1p1B1K2/1P6/P5P1/8 b - - 3 39,h5g6 e5g5 g6h6 g5g8,927,80,90,653,crushing endgame short skewer,https://lichess.org/cmitU04M/black#78,
0Nk0B,5R2/3P4/4K3/6k1/8/6p1/8/3r4 b - - 0 61,g3g2 f8g8 g5f4 g8g2,1153,76,96,2130,crushing endgame master rookEndgame short skewer,https://lichess.org/O6RJnfT4/black#122,
0FIwM,4k2r/6p1/1nq2pP1/2b1pP1p/3pP2P/2p2NN1/2P1Q3/2B2BK1 w k - 2 30,e2b5 d4d3 b5c5 c6c5,1232,75,86,2717,crushing discoveredAttack middlegame short,https://lichess.org/nJAOvG8y#59,
08QY0,2k5/5p2/1PP1p3/8/2N3pr/1K6/8/8 b - - 1 46,g4g3 c4d6 c8d8 c6c7,1738,73,96,12451,advancedPawn crushing endgame master short,https://lichess.org/PDUZbABP/black#92,
0BISI,rnq3k1/5p2/2p5/3p4/pP1PnbpQ/P7/1P1R1PPP/1BK5 b - - 0 29,e4d2 h4h7 g8f8 h7h8 f8e7 h8c8,972,76,82,193,advantage long middlegame skewer,https://lichess.org/zSjyvktJ/black#58,
07jK5,8/4PK2/2k5/p7/Pp6/2pR4/2P2r2/8 w - - 7 49,f7e8 f2c2 d3e3 c2h2,2463,76,92,4709,crushing defensiveMove endgame master rookEndgame short,https://lichess.org/AZakFOrn#97,
02XSz,6r1/1p1k1pp1/1pnbpn2/4r2p/1P1N1B2/P1P4P/4BPP1/R3R1K1 b - - 2 22,c6d4 f4e5 d4e2 e1e2 d6e5 e2e5,1284,77,94,11632,advantage long middlegame,https://lichess.org/na5XbolY/black#44,
0BGfH,r4rk1/1n2b1pp/p2p1p2/3PpbP1/7P/2P1BN2/P3B2K/R4R2 w - - 2 23,f3e5 f6e5 f1f5 f8f5,1547,75,85,429,advantage hangingPiece middlegame short,https://lichess.org/1TESIrPj#45,
0YxH5,3r1rk1/1pp2ppp/2n4q/p2Pp3/P7/2PP1RP1/1P2Q1BP/5R1K b - - 0 18,d8d5 f3f7 f8f7 g2d5,1403,76,96,28356,crushing discoveredAttack middlegame pin short,https://lichess.org/nQz4MSBG/black#36,Kings_Knight_Opening Kings_Knight_Opening_Konstantinopolsky
09bsX,1r4k1/4bppp/2B1p3/2P5/RnPPp3/3bB3/3N1PPP/6K1 w - - 1 31,a4a8 b4c6 a8b8 c6b8,1295,74,94,3495,advantage hangingPiece middlegame short,https://lichess.org/ivSFIKIA#61,
0VGKI,r1bq1rk1/ppp2pp1/4pb1p/4P3/3n4/P1NB1N1P/1P3PP1/R2Q1RK1 b - - 0 15,f6e7 f3d4 d8d4 d3h7 g8h7 d1d4,1282,76,96,18540,crushing discoveredAttack long opening,https://lichess.org/oyKqgA7s/black#30,English_Opening English_Opening_Anglo-Scandinavian_Defense
0JTkd,r2qrbk1/1pp2ppp/p1np1n2/8/2BPN3/5P2/PPPB1QPP/2KR3R w - - 2 15,d2g5 f6e4 f3e4 d8g5,1351,76,93,8300,capturingDefender crushing discoveredAttack middlegame short,https://lichess.org/vt1K9zcT#29,Russian_Game Russian_Game_Paulsen_Attack
0CARY,6R1/1pr5/p5Bk/5p1P/P3bK2/8/8/8 b - - 3 46,e4c2 g8h8 h6g7 h8h7 g7f6 h7c7,1176,76,90,493,crushing endgame exposedKing long skewer,https://lichess.org/pkPTmz3F/black#92,
08gCM,r4rk1/pp2p1b1/2np2p1/3Q2B1/4P3/1N6/PPP1Bq2/2K4R b - - 0 19,f8f7 h1f1 f2f1 e2f1,1831,74,95,13225,advantage middlegame pin short,https://lichess.org/lgaurp9F/black#38,Sicilian_Defense Sicilian_Defense_Classical_Variation
0Z0pF,r2q1rk1/1pp1bppp/p1bp1n2/8/3BP3/2N2N1P/PPP2PP1/R2Q1RK1 b - - 0 11,c6e4 d4f6 e4f3 f6e7 f3d1 e7d8,1485,74,94,8603,advantage long opening,https://lichess.org/35bWdQZt/black#22,Four_Knights_Game Four_Knights_Game_Spanish_Variation
0BapO,8/p1R5/b2R3p/1p3ppk/1P2qB2/P3P3/2p2PPP/6K1 w - - 6 31,f2f3 e4c4 c7c4 b5c4,1812,74,94,13399,crushing endgame sacrifice short,https://lichess.org/lWDmKTQh#61,
02ufd,1r3r2/5qbk/Rp1p2np/2pNp1p1/1PP1P3/3P2Pb/2QB3P/4R1KB w - - 1 25,d2e3 f7f1 e1f1 f8f1,877,75,98,1355,kingsideAttack mate mateIn2 middlegame sacrifice short,https://lichess.org/nwSkeP1p#49,
0Gcpd,2kr2nr/pp2b1pp/2qB1p2/5b2/8/4Q3/PP2P1PP/2R1KBNR b K - 6 17,f5c2 d6e7 g8e7 e3e7,2130,80,88,1067,advantage opening short,https://lichess.org/8D4iWYo2/black#34,Mikenas_Defense Mikenas_Defense_Other_variations
0MKa7,r2r2k1/5p1p/p3p1pP/1pqb2Q1/8/3B1P2/PPP3P1/1K1R3R w - - 1 20,d3e4 d5a2 b1a2 c5g5,1609,75,91,4011,advantage discoveredAttack middlegame short,https://lichess.org/oZyJmilm#39,
0BcyA,r4rk1/p4p1p/1pRPqp2/4n3/8/5B1P/P4PP1/3QR1K1 w - - 1 22,d6d7 e5f3 d1f3 e6e1,1735,76,94,11772,crushing discoveredAttack kingsideAttack middlegame short,https://lichess.org/qZVMXAL8#43,
0MFQ9,6r1/p1kn4/2pp4/2p1n3/2P1N3/3P2Bb/Pr5P/R5RK b - - 3 28,e5f3 g3d6 c7b6 g1g8,1339,75,90,3352,advantage discoveredAttack middlegame short,https://lichess.org/8BsS2yZ8/black#56,
0Dds4,4kN2/8/p7/1p1pPnQ1/1Pp2P2/7K/P3q3/8 w - - 14 59,g5f5 e2d3 f5d3 c4d3,1953,74,96,13266,crushing endgame short,https://lichess.org/ewK7icru#117,
03EI3,3r4/6pp/2p1k3/ppP5/6P1/7P/1P6/4R1K1 b - - 1 32,e6d5 e1d1 d5c5 d1d8,806,82,97,1181,crushing endgame rookEndgame short skewer,https://lichess.org/FxsIzYzO/black#64,
0NDxl,r3kb1r/pp4p1/4ppP1/1b1p4/P2q2n1/2N1B2N/1PQ1KP2/R6R w kq - 0 18,a4b5 g4e3 f2e3 d4g4,1708,76,91,2100,advantage clearance middlegame short,https://lichess.org/AJBND1PG#35,Grob_Opening Grob_Opening_Other_variations
0OW4a,8/4q3/P4pk1/2Np1p1r/3PnQp1/4P1P1/6P1/5RK1 w - - 1 36,f1a1 e7h7 c5e4 h5h1 g1f2 h1a1,1809,76,92,1781,crushing endgame long quietMove sacrifice skewer,https://lichess.org/S5ws3YLz#71,
0NTUs,r1bqkb1r/1p3ppp/p1n1pn2/8/2BP1B2/1QP1P3/P4PPP/RN2K1NR w KQkq - 1 9,g1f3 c6a5 c4b5 a6b5,1749,74,83,198,advantage opening short,https://lichess.org/nFJ0nZe5#17,Queens_Pawn_Game Queens_Pawn_Game_Accelerated_London_System
0Mluo,r4rk1/p1p2ppp/2pb1q2/4n3/4P3/3P1N1P/PPP3P1/1RB1QR1K w - - 3 17,c1g5 e5f3 g5f6 f3e1 b1e1 g7f6,1170,75,100,460,advantage long middlegame,https://lichess.org/uzr4b5CF#33,Kings_Gambit_Declined Kings_Gambit_Declined_Queens_Knight_Defense
06Vqh,r1b1kb1r/pp3ppp/2n1pn2/2Pp4/8/2q1BNP1/P2NPPBP/R2Q1RK1 b kq - 0 9,f8c5 a1c1 c3e3 f2e3 c5e3 g1h1,1575,77,92,498,advantage long opening,https://lichess.org/f6Zl087m/black#18,Queens_Pawn_Game Queens_Pawn_Game_Symmetrical_Variation
0UeKN,2k4r/1p6/p1bBp1Q1/8/3pr3/1B2q1P1/PP5p/2R2R1K w - - 0 34,b3e6 e4e6 c1c6 b7c6,1361,75,89,1192,advantage discoveredAttack master middlegame short,https://lichess.org/sELCLKgD#67,
04LYr,2r2rk1/1p3ppB/p2p1b2/8/3q4/5R2/P5PP/1R1Q3K b - - 0 26,g8h7 f3h3 h7g8 d1h5 d4h4 h3h4 f6h4 h5h4,1404,73,95,18016,advantage clearance middlegame veryLong,https://lichess.org/8kBsDzrJ/black#52,
07YE8,3r2rk/ppq5/6b1/2p1p1R1/2PbP2Q/1P6/P4P1P/3R3K b - - 0 39,h8g7 g5g6 g7g6 d1g1 g6f7 h4h7 f7e6 h7c7,1751,75,86,124,advantage attraction exposedKing middlegame sacrifice skewer veryLong,https://lichess.org/bkumMP6A/black#78,
0EAdy,8/p2r1kp1/1p2b3/n3P3/5BP1/P2BK2P/8/7R w - - 3 38,h1f1 d7d3 e3d3 e6c4 d3e4 c4f1,1504,75,88,329,advantage attraction endgame exposedKing long sacrifice skewer,https://lichess.org/45JVGMbG#75,
0GbCa,r4q1k/5p1p/4pPpR/pP1pP1Q1/2n3N1/8/1Pr3PP/4R2K b - - 12 34,c2b2 h6h7 h8h7 g5h4 h7g8 g4h6,1467,75,79,257,attraction crushing kingsideAttack long middlegame sacrifice,https://lichess.org/L1lgbMsX/black#68,
0J0D0,r2qk2r/p1pbb2p/1n2p1p1/4P3/1np5/2N2NQ1/PP3PPP/1RB1KB1R w Kkq - 1 17,a2a3 b4c2 e1d1 d7a4,1488,74,88,2493,advantage discoveredAttack opening short,https://lichess.org/uSwbKxmn#33,Queens_Gambit_Declined Queens_Gambit_Declined_Baltic_Defense
0MiTz,r3r1k1/1p3pp1/7p/p2P4/PqB1nQ2/1P5P/1B4P1/3R1K2 b - - 2 27,e8e7 d5d6 e4d6 f4d6 e7e1 f1f2 e1d1 d6d1,2043,75,84,581,advantage middlegame veryLong,https://lichess.org/kOUAgxTD/black#54,
0GEJw,1rb2rk1/p4pbp/2P2np1/q7/2B1p3/2N1BP2/PPPQ2PP/1K1R3R w - - 0 15,c3e4 b8b2 b1b2 f6e4,2034,76,82,149,advantage discoveredAttack intermezzo middlegame queensideAttack short,https://lichess.org/dE0yvNO1#29,Sicilian_Defense Sicilian_Defense_Dragon_Variation
03ZK3,6k1/1b2q1r1/p4b2/1p2pQ2/4P3/P1N5/1PP3PP/5R1K b - - 8 32,g7g5 f5f6 e7f6 f1f6,1243,77,95,19031,advantage middlegame short,https://lichess.org/U0hVKTRM/black#64,
03xmY,1RQ2bk1/7p/3p1rp1/2p5/P1P1p3/8/q4PPP/1R4K1 w - - 2 35,c8c6 a2f2 g1h1 f2f1 b1f1 f6f1,1096,77,96,6577,backRankMate endgame long mate mateIn3 sacrifice,https://lichess.org/mktOIBNP#69,
097CY,4r1k1/1pp3pp/1pn2p2/8/PB6/1P4P1/2r1NP1P/2R1RK2 b - - 0 22,c6b4 c1c2 b4c2 e1c1 c2b4 c1c7,1678,76,87,873,advantage clearance endgame long skewer,https://lichess.org/025p4zGX/black#44,
0NFMY,8/2R4R/6p1/5pk1/8/7P/4rrPK/8 w - - 1 38,h3h4 g5g4 c7c4 f5f4,1189,77,91,4294,crushing defensiveMove endgame rookEndgame short,https://lichess.org/uuwC8FWX#75,
02Ps5,2k3r1/p4prp/8/2p5/8/NPPp1P2/PB1P1K1P/4R3 w - - 6 23,a3c4 g7g2 f2e3 g8e8 e3d3 e8e1,1051,75,100,476,advantage endgame long skewer,https://lichess.org/CcsRDtwu#45,
0DMNp,1r1qr1k1/1p2bppp/p1bp1n2/8/NPPBP3/3P3P/4BPP1/1R1Q1RK1 w - - 1 17,d4b6 c6a4 b6d8 a4d1,1209,79,81,671,advantage opening short,https://lichess.org/9aH64SYu#33,Sicilian_Defense Sicilian_Defense_Staunton-Cochrane_Variation
05bWa,3rr1k1/pp3ppp/1qn5/2bp1b2/2P5/PP3N1P/1B1NBRP1/R4QK1 w - - 3 17,b3b4 c5f2 f1f2 e8e2,1727,77,95,17899,advantage kingsideAttack middlegame pin short,https://lichess.org/EFcum3DT#33,French_Defense French_Defense_Kings_Indian_Attack
0ZMP4,2kr2nr/ppp2ppp/2nq4/1B6/3P2b1/2N2N2/PPP3PP/R2Q1RK1 b - - 3 11,c6d4 d1d4 d6d4 f3d4,1468,75,85,766,advantage opening short,https://lichess.org/dwb9bSlp/black#22,Vienna_Game Vienna_Game_Vienna_Gambit
088Ur,3b4/p4pk1/1p1N2p1/1P5p/8/7P/P4PP1/6K1 b - - 0 32,d8c7 d6e8 g7h6 e8c7,899,77,100,1472,crushing endgame fork short,https://lichess.org/p0achxsr/black#64,
0U6bS,r3k2r/ppp2pp1/2p1b3/2b1q3/4P1p1/2NP2P1/PPP2P1P/R1BQ1R1K w kq - 1 12,f2f4 h8h2 h1h2 e5h5 h2g2 h5h3,1935,77,95,12357,attraction kingsideAttack long mate mateIn3 middlegame sacrifice,https://lichess.org/PrYpQsN9#23,Russian_Game Russian_Game_Three_Knights_Game
02wKw,6R1/ppp3P1/3k4/2qp4/8/1P6/PK6/8 b - - 0 44,d6e6 g8e8 e6d7 g7g8q,894,81,96,3028,advancedPawn advantage clearance endgame promotion queenRookEndgame short,https://lichess.org/HYKB0E8O/black#88,
0ANlg,r2q1rk1/pp3ppp/2b2b2/2pp4/2B5/2NP1Q1P/PPP2PP1/3RR1K1 w - - 0 15,c4d5 f6c3 d5c6 c3e1,1548,72,94,20846,advantage middlegame short,https://lichess.org/NZN8ONtS#29,Sicilian_Defense Sicilian_Defense_Closed
06lHd,r5r1/4k2p/1p1b1n2/3P4/1PP1p2R/p1B1P3/6PP/5RK1 b - - 1 29,g8g6 c3f6 g6f6 h4h7,1358,76,95,14604,advantage middlegame short,https://lichess.org/8peXrtfH/black#58,
0F9mY,6k1/pp3pp1/2p4p/4P3/8/1Q1nq3/2R3PP/R5K1 w - - 0 30,g1h1 d3f2 c2f2 e3b3,1341,76,92,13478,crushing discoveredAttack endgame master short,https://lichess.org/QvzpjwXL#59,
08HWr,r3k1nr/ppp4p/2n3p1/3q4/1b2p1b1/3BPNBP/PP3PP1/RN1Q1K1R b kq - 2 11,e4f3 d3g6 h7g6 d1d5,1093,79,90,118,advantage discoveredAttack master middlegame short,https://lichess.org/1g3fMkbC/black#22,Queens_Pawn_Game Queens_Pawn_Game_Accelerated_London_System
0AK1I,6k1/1pQbq1p1/3b1p1p/1r1P4/R2BP3/6P1/5P1P/1R4K1 w - - 1 29,c7c2 b5b1 c2b1 d7a4,1002,79,95,1634,crushing discoveredAttack middlegame short,https://lichess.org/p15b13hH#57,
0DPex,4r1k1/p2qbrpp/4R3/5p2/2p2P2/P1B3P1/1Pp1Q2P/4R1K1 w - - 0 35,e2c2 e7c5 g1f1 e8e6,1123,79,94,1100,crushing discoveredAttack middlegame short,https://lichess.org/ZWBoNtPg#69,
0GRNc,5rk1/p5p1/1p5p/3p1q2/3P4/P1P5/6PP/R3Q1K1 w - - 0 26,e1e5 f5f2 g1h1 f2f1 a1f1 f8f1,1106,74,97,7236,backRankMate endgame long mate mateIn3 sacrifice,https://lichess.org/zjecl00I#51,
0AZKa,r7/pppqn1kp/2np2p1/4p1B1/4P3/P1NP3P/1PP3P1/R4QK1 b - - 1 15,a8f8 g5h6 g7h6 f1f8,1390,74,98,3241,attraction crushing deflection middlegame short,https://lichess.org/EQ1OB1gK/black#30,Bishops_Opening Bishops_Opening_Other_variations
0ZIzH,8/p1p1B1pp/1b6/3Q4/2p4P/2k5/P2R2PK/2q5 b - - 14 41,c1d2 e7b4 c3b4 d5d2,1365,74,95,31597,attraction crushing deflection endgame short,https://lichess.org/DseXchGD/black#82,
0KgEn,r2q1rk1/5p2/bpn3Pp/p2pP3/P2P3b/2PQ4/2B4P/RNB2RK1 w - - 1 21,g6f7 f8f7 d3g6 f7g7,1092,76,96,538,advantage middlegame pin short,https://lichess.org/HaOs5Kuk#41,
0ElQM,r2q1rk1/ppp3pp/1b3p2/3Bp3/3nN3/3P1Q1P/PPPB1PP1/R4RK1 b - - 0 13,d8d5 e4f6 f8f6 f3d5,979,77,90,124,advantage discoveredAttack kingsideAttack middlegame short,https://lichess.org/kPjVvbWL/black#26,Bishops_Opening Bishops_Opening_Berlin_Defense
06xNZ,1k1rr3/2p1qpb1/p1p3pp/3n4/2R4P/4PP1B/PP1Q1P1B/1K5R w - - 0 21,c4c6 d5c3 d2c3 g7c3,1967,76,92,1464,advantage middlegame queensideAttack short,https://lichess.org/QW6O8R25#41,
04xSr,8/5k2/4r3/3K4/8/8/8/7R b - - 20 64,f7e7 h1h7 e7f6 h7h6 f6g5 h6e6,939,77,100,414,crushing deflection endgame exposedKing long rookEndgame skewer,https://lichess.org/wxWVQA0E/black#128,
0INxZ,5k1r/4nppp/p2B4/3pp3/3n1q2/3Q1P2/PP1K3P/2R2R2 w - - 3 28,d3e3 f4e3 d2e3 d4f5 e3f2 f5d6,1638,75,96,12334,attraction crushing exposedKing fork long middlegame,https://lichess.org/q2QfXILg#55,
0TwJN,r1bqkb1r/ppp1pppp/2np4/4P3/2QP4/5N2/PPP2PPP/RNB1K2R b KQkq - 1 7,c8e6 d4d5 e6d5 c4d5,1242,74,95,15240,advantage fork opening short,https://lichess.org/Sz1SRuZG/black#14,Alekhine_Defense Alekhine_Defense_Normal_Variation
0Igue,r2q1rk1/pp2bppp/2p1pn2/3nNbB1/1P6/P1NP4/2P1BPPP/1R1Q1RK1 w - - 3 13,d1d2 d5c3 d2c3 f6d5 g5e7 d5c3,1808,74,94,13502,attraction crushing long middlegame,https://lichess.org/XkX1Vare#25,Scandinavian_Defense Scandinavian_Defense_Mieses-Kotroc_Variation
0AMpA,r1bq1r2/ppp1ppbk/2n3pp/4P2n/8/2NB1N2/PPP2PPP/R1BQ1RK1 b - - 0 11,c6e5 f3e5 g7e5 d1h5,1669,74,94,8612,crushing discoveredAttack opening pin short,https://lichess.org/HsDi7dvS/black#22,Nimzowitsch_Defense Nimzowitsch_Defense_Williams_Variation
0OWYA,r4rk1/2p3bR/p2p4/1p1PpqN1/2P2B2/8/PP1Q4/2K1R3 b - - 0 27,f5f4 h7g7 g8g7 g5e6,1683,74,97,11957,attraction crushing master middlegame sacrifice short,https://lichess.org/93SiWWXx/black#54,
0IbaT,3nk1r1/prq2pp1/4p2p/3pP2Q/1bpP1N2/4B1P1/P4RPP/5RK1 w - - 0 26,f4e6 d8e6 f2f7 c7f7 f1f7 b7f7,1317,76,82,344,advantage hangingPiece long middlegame,https://lichess.org/JbsmBX93#51,
0ViIE,3r2k1/pb3p1p/5Bp1/1B3n2/8/5N2/qP3PPP/2R2RK1 b - - 3 20,d8c8 c1c8 b7c8 f1d1,1963,74,78,112,advantage defensiveMove middlegame short,https://lichess.org/vzYVhkJK/black#40,
0Jfan,3r2k1/pp6/6Pp/4Q1p1/2P5/P2p2P1/1P3K1q/3R4 w - - 1 36,f2e3 h2e2,1144,76,97,5622,endgame master mate mateIn1 oneMove,https://lichess.org/2mUTPiJG#71,
01J3q,r3r1k1/ppq1ppb1/2p3nN/2Pp3p/3Pn2N/1P2P2P/PB3QP1/R4RK1 b - - 9 23,g7h6 f2f7 g8h8 h4g6,1276,75,97,20640,fork mate mateIn2 middlegame short,https://lichess.org/CUMxzqX2/black#46,
0Fv5R,r4rk1/ppq2ppp/1bp1p3/3P2B1/4N3/3n2QP/PP3PP1/3R1RK1 b - - 0 18,e6d5 e4f6 g7f6 g5f4 g8h8 f4c7,2075,74,93,7963,crushing discoveredAttack long middlegame sacrifice,https://lichess.org/Hq11S989/black#36,Van_Geet_Opening Van_Geet_Opening_Dunst-Perrenet_Gambit
04lr7,2r3k1/1p1bB2p/p6r/P2Pbp2/2P1p3/1P6/4B1PP/2R2R1K w - - 6 32,g2g3 e5g3 h2h4 g3h4 e7h4 h6h4 h1g2 f5f4,2078,75,93,7814,advantage defensiveMove kingsideAttack middlegame pin veryLong,https://lichess.org/Beo7RcuQ#63,
0L5tk,4rr1k/p2q2pp/2pb1p2/3Q4/1P6/P1N5/1B1P1PPP/R4RK1 w - - 0 20,d5d3 d6h2 g1h2 d7d3,1054,75,100,154,advantage discoveredAttack kingsideAttack middlegame short,https://lichess.org/s3XQakcg#39,
0EYJ9,1bkr4/p4Qp1/Pq2R1p1/1Pp4n/2Pp4/3P3P/3r1PP1/5RK1 b - - 2 27,b6c7 e6c6 c7c6 b5c6,1362,74,98,4538,advantage middlegame pin short,https://lichess.org/bcrn8PF7/black#54,
039vE,rn2k3/pp3p2/2pp4/4p1r1/2P1P1b1/2NP2Pq/PP1Q1P1N/R4R1K w q - 0 20,d2g5 g4f3 h1g1 h3g2,939,76,99,824,kingsideAttack mate mateIn2 middlegame pin short,https://lichess.org/aSrUOp85#39,
02dAS,r1b2rk1/6pp/p1pp4/4n3/1PP1p1pq/P1N1P3/1B2BPP1/2RQ1RK1 w - - 0 17,g2g3 h4h3 c3e4 e5f3 e2f3 g4f3 d1f3 f8f3,1808,75,88,703,advantage kingsideAttack middlegame veryLong,https://lichess.org/pHu5DdoO#33,English_Opening English_Opening_Kings_English_Variation
0HuR9,1b4k1/5pp1/1P4rp/2Pp1q2/3Pbn2/1Q3N1P/P4PP1/R4BRK w - - 1 28,a1e1 f4h3 g2h3 e4f3 b3f3 f5f3,1988,75,93,3324,advantage deflection kingsideAttack long master middlegame,https://lichess.org/RxdaK0t1#55,
085yj,8/kp3p2/p2Bp1p1/P2rP2p/b1rP4/7P/3R1PPK/1R6 b - - 17 37,c4d4 d2d4 d5d4 d6c5 a7b8 c5d4,1324,76,96,19593,attraction crushing endgame fork long,https://lichess.org/k4bhR7aO/black#74,
01FCo,1k2r2r/1Pp2pb1/1n1p3p/3Pq1p1/1Q1NP3/2P2P2/P4R1P/R3K3 b Q - 0 22,g7f6 d4c6 b8b7 c6e5,987,77,96,2213,crushing fork middlegame short,https://lichess.org/ppE9yTN1/black#44,
05010,r1b1r1k1/pp3ppp/1bq5/8/3n1Q2/1PN2P2/P1P1N1PP/R1B2R1K w - - 2 16,e2d4 c6c3 c1d2 c3d4,1451,73,96,33174,advantage hangingPiece opening short,https://lichess.org/lr2MYnfP#31,Scandinavian_Defense Scandinavian_Defense_Blackburne_Gambit
0CJ7z,8/ppR2pp1/4pr2/2k5/1r2P3/8/6P1/3R2K1 b - - 3 31,c5b5 c7b7 b5c5 d1c1 b4c4 b7c7,1361,75,96,10877,crushing endgame long pin rookEndgame,https://lichess.org/6y7Wg99z/black#62,
0Df5w,r2k4/pp1n2p1/2ppB2p/8/4P3/3PK3/PPP5/5R2 b - - 2 23,d7c5 f1f8 d8e7 f8a8,785,91,85,149,advantage endgame short skewer,https://lichess.org/pwvIhhuR/black#46,
0Bm8l,2r2r1k/pp2QBbp/1q4p1/8/5R2/1P6/2nN2PP/5R1K b - - 4 24,g7h6 f7g6 b6g6 f4f8 h6f8 f1f8 c8f8 e7f8,1811,75,92,1307,advantage discoveredAttack middlegame veryLong,https://lichess.org/4HevnXr7/black#48,
03LO0,r2qkbnr/pp2pppp/2np4/2p5/Q1b5/4P1P1/PP1PNPBP/RNB1K2R b KQkq - 1 6,c4e2 g2c6 b7c6 a4c6 d8d7 c6a8,1150,82,93,1453,advantage deflection long opening,https://lichess.org/81BQyLgw/black#12,English_Opening English_Opening_Symmetrical_Variation
0IMwU,4r1k1/pp1q1ppp/5b2/2pB4/1PPn4/8/PB3PPP/R2Q2K1 w - - 0 18,b4c5 d4e2 g1f1 f6b2,1325,74,100,720,crushing discoveredAttack master middlegame short,https://lichess.org/usvHV9OE#35,Sicilian_Defense Sicilian_Defense_Alapin_Variation
0Ep7A,r1b1k2r/pp1nbppp/4p3/3pP3/3B4/q7/3NBPPP/2RQ1RK1 b kq - 0 14,e8g8 c1a1 a3b4 a1a4 b4d4 a4d4,2068,76,87,482,advantage long master opening trappedPiece,https://lichess.org/mHxDIyow/black#28,Indian_Defense Indian_Defense_Knights_Variation
0Q3gl,6k1/1R4p1/7p/5r2/3n1P2/6P1/r2N3P/5RK1 w - - 1 26,f1f2 a2d2 f2d2 d4f3 g1g2 f3d2,1663,74,94,12271,advantage attraction endgame fork long sacrifice,https://lichess.org/GQAW2qQj#51,
0Kfdk,r6r/pp3R2/6kN/8/6p1/2P3P1/PP3PP1/R6K w - - 1 29,f7b7 h8h6 h1g1 a8h8 f2f3 h6h1 g1f2 h1a1,1401,76,94,19021,advantage endgame hangingPiece quietMove skewer veryLong,https://lichess.org/iWoJVn90#57,
0XhdW,r1b1k2r/ppp2ppp/2pb1n2/4N3/5P2/8/PPPPK1PP/RNB1R3 b kq - 2 9,c8g4 e5g4 f6g4 e2f3 e8d7 f3g4,1299,74,93,882,crushing discoveredAttack long middlegame,https://lichess.org/XTmLIzMN/black#18,Ruy_Lopez Ruy_Lopez_Berlin_Defense
0ATAT,5k2/p1p4p/1r3p2/8/2KPn3/1BP2R2/P1P4P/8 w - - 2 37,a2a4 e4d2 c4d3 d2f3,1095,80,94,5219,crushing endgame fork short,https://lichess.org/FekK8qHY#73,
033ej,5k2/6pp/p5p1/1r2N3/1P5n/2P2P2/P4P1P/4R1K1 w - - 1 35,a2a3 b5e5 e1e5 h4f3 g1f1 f3e5,1314,73,93,8435,advantage attraction capturingDefender endgame fork long,https://lichess.org/TDlPSkTD#69,
0Tw4N,rn1k4/pbNp1ppr/1p6/2P5/8/2P1P1P1/P3PK1P/R4B1R w - - 1 17,c7a8 b7h1 f1g2 h1g2,1373,76,93,3456,advantage hangingPiece middlegame short,https://lichess.org/0Q4NOfBU#33,English_Opening English_Opening_Kings_English_Variation
0Kmlv,r1bqkbr1/ppp1p3/2n4p/3p3n/3P3B/2N1P3/PPP2PPP/R2QKB1R b KQq - 0 10,h5f6 h4f6 e7f6 d1h5,1217,77,70,209,advantage opening short,https://lichess.org/Bp6FH8X1/black#20,Queens_Pawn_Game Queens_Pawn_Game_London_System
0OcnW,5r2/pr3p2/2pkp1p1/R2p4/1P2P2R/5KP1/5P2/8 b - - 0 33,b7b4 e4e5 d6e5 h4b4,1321,75,94,9800,advantage discoveredAttack endgame rookEndgame short,https://lichess.org/DNxePKcz/black#66,
0JlEy,8/pb3p2/1p3Pp1/2p1k1P1/P1P1P1KP/1P3R2/4R3/7r w - - 5 52,f3d3 b7c8 g4f3 h1h3 f3g2 h3d3,1882,74,90,300,advantage endgame long skewer,https://lichess.org/LlSL0X6B#103,
03mei,r1bk3r/ppp2ppp/8/8/8/4P1P1/PP1P1bBP/R1Bn1K1R b - - 0 11,h8e8 f1e2 c8g4 g2f3,1238,77,93,5627,advantage defensiveMove middlegame short,https://lichess.org/7JbUaK6r/black#22,English_Opening English_Opening_Kings_English_Variation
03FZ5,8/8/3k1np1/p4p2/1pBP1Pp1/1P2K1P1/7P/8 b - - 1 45,f6d5 c4d5 d6d5 e3d3 d5d6 d3c4 d6c6 d4d5,1123,79,93,6373,crushing endgame veryLong zugzwang,https://lichess.org/aIAd9tS2/black#90,
03Bwi,2k4r/p1p3b1/Pp1p4/1P1P1b1p/2B1rBp1/6P1/5P1P/2R2RK1 w - - 1 23,c4d3 e4f4 g3f4 f5d3,1169,77,94,2343,advantage discoveredAttack middlegame short,https://lichess.org/GJkCaccS#45,
0273Q,4r1k1/7R/8/p5p1/2PnB3/3P2p1/P7/6K1 w - - 1 38,h7h5 d4e2 g1f1 g3g2 f1g2 e2f4 g2f3 f4h5,2122,77,93,6810,advancedPawn attraction crushing endgame exposedKing fork master veryLong,https://lichess.org/euTOGOgv#75,
0APhT,r4rk1/2q1bp2/2p4Q/p1n1pbN1/Pp2n1PP/1B6/1PP1NP2/2K2R1R b - - 0 19,e7g5 h4g5 c5b3 c2b3,1162,76,94,724,advantage middlegame short,https://lichess.org/oioExqKH/black#38,
06O8g,r2q1rk1/1pp1b1p1/p1n2n1p/3pN3/1P5B/2NP4/P1P2PPP/R2QR1K1 w - - 1 15,c3d5 f6d5 e5c6 b7c6 h4e7 d5e7,1694,74,93,446,advantage hangingPiece long opening,https://lichess.org/FDN2plpU#29,Three_Knights_Opening Three_Knights_Opening_Other_variations
09ZOA,8/1p6/8/p1k5/Pr3R2/8/5PPK/8 w - - 1 44,g2g3 b4f4 g3f4 b7b5 a4b5 c5b5,2303,79,91,5075,crushing endgame long rookEndgame,https://lichess.org/kkVV0935#87,
0C6Ra,7r/K1k4P/1p5R/2p5/P1P5/8/1P6/8 w - - 1 57,a7a6 h8a8 a6b5 a8a5,885,77,99,1113,endgame mate mateIn2 rookEndgame short,https://lichess.org/s1y7wxo0#113,
07uT4,4R3/1p4pk/p1p1Q2p/3p1Pb1/6P1/6q1/PP6/4K3 w - - 2 39,e1d1 g3d3 d1e1 g5h4,1873,75,94,13712,endgame mate mateIn2 short,https://lichess.org/gtLohvrG#77,
0GxLY,8/p1r2pkp/5bp1/p7/8/R3BPP1/5P1P/6K1 b - - 1 29,f6c3 a3c3 c7c3 e3d4 g7f8 d4c3,1169,77,89,1252,advantage attraction endgame fork long sacrifice,https://lichess.org/NCJqk8Jp/black#58,
08jQH,1r3r2/p4pkp/1n2p3/Q6N/2PP2P1/7P/4PP1q/2R1K3 b - - 2 23,g7h8 a5g5 h2h1 e1d2 b6c4 d2c3 h1c1 g5c1 f8c8 c1h6,2752,92,92,322,advantage middlegame quietMove veryLong,https://lichess.org/sJPVNUQD/black#46,
0Aj3m,8/7p/6nk/2pQ4/P1Pr4/5p2/8/5K2 w - - 2 41,d5f3 d4f4 f3f4 g6f4,1296,75,94,3710,crushing endgame pin short,https://lichess.org/DUgPl1GL#81,
0JOyR,8/7p/6r1/P1p4k/2N2R1P/1P1PPR1K/2P5/6r1 w - - 9 42,c4e5 g1h1,1065,76,95,5925,endgame mate mateIn1 oneMove,https://lichess.org/2AeLW43m#83,
07EoQ,rr6/2q1kp2/6pB/ppp1P2n/P2p3P/1P1P4/2P2R1Q/1K3N2 b - - 3 33,b5a4 f2f7 e7f7 e5e6 f7e6 h2c7,1761,74,97,2229,advantage attraction discoveredAttack long middlegame sacrifice,https://lichess.org/XgksArwf/black#66,
0FGiH,b2r1rk1/p4pb1/P3p2p/1B4p1/3Pq1n1/1Q2N3/4NPPP/R2R2K1 w - - 7 25,f2f3 e4e3 b3e3 g4e3,1018,75,99,1253,advantage kingsideAttack middlegame short,https://lichess.org/PK29XWrK#49,
0AH5m,3r3b/p6p/1p3p1P/5n1k/6R1/2r1BPP1/P5K1/4R3 b - - 1 33,c3e3 e1h1 f5h4 h1h4,1458,74,96,24835,endgame master mate mateIn2 short,https://lichess.org/Mze6VHaE/black#66,
08v0J,R4nk1/pp3ppp/7q/2pP4/2P1bN2/P2B2QP/1P1K2Pn/8 w - - 0 23,d3e4 h2f1 d2e2 f1g3,887,79,98,742,advantage fork master middlegame short,https://lichess.org/UPxftEAe#45,
0BovX,1r6/8/5Rp1/K1P4p/3Pb1kP/8/8/8 b - - 8 44,g4h4 f6f4 h4g3 f4e4,762,76,100,233,advantage endgame fork short,https://lichess.org/zSaB0N0l/black#88,
06Eew,6k1/1p4r1/p1p2P1p/3pr1qP/1P3RP1/P3p2Q/8/5R1K b - - 0 37,g7f7 f4f5 e3e2 f5g5,914,81,90,1595,advantage endgame short trappedPiece,https://lichess.org/T9QEN6nV/black#74,
02dIM,3rrknQ/pR3p2/2pq4/3p1BP1/3P4/4P3/P7/1K5R b - - 2 31,d8b8 h8g7 f8g7 h1h7 g7f8 h7f7,2206,76,91,1866,attraction long master mate mateIn3 middlegame sacrifice,https://lichess.org/qZp4t5tw/black#62,
0902z,2k1rbr1/ppp3pp/3p4/8/3qP3/2NPB1Q1/PP4PP/n4R1K b - - 1 15,d4d3 g3h3 c8b8 e3a7 b8a7 h3d3,1673,75,94,1713,crushing discoveredAttack long middlegame,https://lichess.org/ZH29XrtE/black#30,Kings_Gambit_Declined Kings_Gambit_Declined_Queens_Knight_Defense
0BaII,r1b2rk1/1pq2ppp/2pbpn2/p3N3/3P1B2/P1NQ4/1PP2PPP/2KR3R w - - 4 15,d3g3 f6h5 g3f3 h5f4 f3f4 f7f6,1688,73,95,10663,advantage long middlegame,https://lichess.org/FzAjt1Wz#29,Scandinavian_Defense Scandinavian_Defense_Mieses-Kotroc_Variation
083C6,rnbqk2r/pp3ppp/4pn2/1Nb5/2p5/6P1/PP2PPBP/RNBQ1RK1 b kq - 2 8,e8g8 d1d8 f8d8 b5c7,1196,82,91,5563,advantage master opening short,https://lichess.org/mVRBXx6p/black#16,Catalan_Opening Catalan_Opening_Open_Defense
0Fchb,3r2k1/5ppp/1N2p3/8/3n4/1P5P/2R2PP1/6K1 w - - 0 31,c2d2 d4f3 g2f3 d8d2,1139,77,97,7076,advantage discoveredAttack endgame short,https://lichess.org/CPPCIK0N#61,
04MUq,r4rk1/1bpn1pb1/1p3qpp/p2Pp3/P3P3/1Q3N2/3N1PPP/1BR2RK1 b - - 1 21,d7c5 c1c5 b6c5 b3b7,1324,77,86,1157,advantage capturingDefender middlegame short,https://lichess.org/Gu0Y21gP/black#42,
03FNc,3r3r/2p1nk1p/1p3p1B/p4P2/3N4/2P5/b1P3PP/3RR1K1 b - - 1 22,h8g8 e1e7 f7e7 d4c6,1260,76,84,283,attraction crushing middlegame sacrifice short,https://lichess.org/3gImg7o7/black#44,
0HwGS,r3k1nr/p2b1ppp/2p4q/3pb3/4P3/P4B2/1PPBNKP1/R2Q1R2 b kq - 0 19,h6h2 f1h1 h2h1 d1h1,1035,81,90,1876,advantage middlegame short trappedPiece,https://lichess.org/Msd5Y9LP/black#38,Queens_Pawn_Game Queens_Pawn_Game_Krause_Variation
0CMKk,8/4R2P/1p6/8/4p1P1/pk4K1/5P2/7r w - - 3 49,g4g5 a3a2 e7a7 h1h7 a7h7 a2a1q,1904,73,95,15390,advancedPawn crushing deflection endgame long promotion rookEndgame,https://lichess.org/hwBR3VM9#97,
0MeVD,r3k2r/pp1b1ppp/nq1p4/4p3/1PPNB3/P6P/2Q2PP1/2B2RK1 b kq - 0 15,b6d4 c1e3 d4e4 c2e4,1998,76,92,1672,advantage middlegame short trappedPiece,https://lichess.org/rcGRD7p4/black#30,Englund_Gambit_Complex_Declined Englund_Gambit_Complex_Declined_Other_variations
0Ue00,1r3rk1/1b4pp/p1pNp3/2p2p2/2Pq4/3P2Q1/PP3PPP/R4RK1 w - - 1 19,f1e1 f5f4 g3g4 d4d6 g4e6 d6e6,1430,75,91,1938,crushing interference long middlegame,https://lichess.org/L1Pu5z97#37,Sicilian_Defense Sicilian_Defense_Moscow_Variation
0WCuA,r4rk1/pp2ppbp/6p1/q1pPn3/4P3/2P1BP2/P2QBP1P/1R2K2R w K - 3 14,c3c4 e5f3 e2f3 g7c3 d2c3 a5c3,1752,75,94,15556,clearance crushing long middlegame pin sacrifice,https://lichess.org/FieEmEHR#27,Grunfeld_Defense Grunfeld_Defense_Exchange_Variation
02KwH,r5k1/4r1pR/3pNPP1/8/1pp1P3/p7/2P5/1K6 b - - 0 38,e7e6 f6f7 g8f8 h7h8 f8e7 h8a8,1445,75,96,20505,advancedPawn crushing endgame long rookEndgame skewer,https://lichess.org/BopX9I6I/black#76,
0Cwzy,4rrk1/3bq3/p1pnp2p/2pp4/6Pp/1P1PPN1P/PBP5/R3QR1K w - - 2 22,f3h4 f8f1 e1f1 e7h4,894,77,88,226,advantage kingsideAttack middlegame short,https://lichess.org/rvQvYmvK#43,
0WKWQ,r2q1b1r/pp2pkp1/2p2n1p/5b2/3P4/2N2N2/PPP1Q1PP/R4RK1 b - - 1 11,f5g6 f3e5 f7g8 e5g6 d8d4 g1h1,1586,77,96,10134,crushing defensiveMove deflection long middlegame,https://lichess.org/ScnyoTod/black#22,Blackmar-Diemer_Gambit_Declined Blackmar-Diemer_Gambit_Declined_OKelly_Defense
03Cnf,8/pp5R/3k4/3Nn3/4P3/1KP5/8/4r3 w - - 12 46,h7b7 e1b1 b3c2 b1b7,740,80,88,712,crushing endgame short skewer,https://lichess.org/RaY7sOQ1#91,
0ATQO,2R5/8/1p1k4/6p1/3q4/5bP1/2Bp3P/1R3K2 b - - 5 43,d2d1q b1d1 f3d1 c8d8 d6e5 d8d4,1698,75,95,7227,crushing endgame exposedKing long pin skewer,https://lichess.org/CzJVbJIr/black#86,
07QDy,4r1r1/pp3p1k/5p1p/6q1/8/P1P2R2/5PPQ/4R1K1 w - - 10 27,e1e8 g5c1 e8e1 c1e1,1072,75,98,6825,endgame mate mateIn2 short,https://lichess.org/V7ubxiPa#53,
04Upq,5rq1/p2k4/npp1p2Q/3pR3/3P4/3P2P1/PP3P1P/6K1 b - - 3 32,a6b4 e5g5 g8f7 g5g7 d7d6 g7f7,1692,75,95,7749,crushing endgame long pin,https://lichess.org/aY3B6fff/black#64,
0N2xy,2k2b2/1pp2p1p/p7/4QPpq/2b2p2/8/PPP1B1PP/R1Br1K1R w - - 4 18,f1f2 f8c5 e5c5 h5e2,2076,76,94,11679,deflection mate mateIn2 middlegame short,https://lichess.org/so09VMrH#35,Kings_Gambit_Accepted Kings_Gambit_Accepted_Bishops_Gambit
0BQev,8/8/1rpk4/5Rp1/3p2P1/1B6/P1P4b/2K5 w - - 6 39,f5g5 h2f4 c1d1 f4g5,808,77,100,149,advantage endgame fork short,https://lichess.org/eYwMP6VG#77,
0NSnl,4q1k1/2r1P1pp/6b1/p2B4/P2N2P1/4B2P/2p4K/5R2 b - - 0 33,g8h8 f1f8 e8f8 e7f8q,1010,82,94,8729,advancedPawn fork mate mateIn2 middlegame promotion short,https://lichess.org/lbK1frtR/black#66,
0EhFq,1N3kn1/2p2b2/p2p1qp1/3P3p/2PQ4/4P3/PP4PP/6K1 b - - 6 31,a6a5 b8d7 f8e7 d7f6,969,79,98,4408,crushing endgame fork master short,https://lichess.org/RMlSLy6S/black#62,
0EdJt,r1bqk2r/p1pp1ppp/2p5/8/1b6/2P1B3/P1P1QPPP/R3KB1R b KQkq - 0 9,b4c3 e3d2 e8f8 d2c3,970,76,100,287,advantage discoveredAttack middlegame short,https://lichess.org/yPfThl6b/black#18,Scotch_Game Scotch_Game_Schmidt_Variation
0ReqM,1r3rk1/1p1qp1bp/p2p2p1/2p2bN1/P1P2PP1/3P3P/1PQ1N1BK/5R2 b - - 0 23,f5e6 g5e6 d7e6 g2d5 e6d5 c4d5,1371,75,97,12879,crushing long middlegame pin,https://lichess.org/CJCLPXC0/black#46,
02tfs,8/3Q4/6p1/3p1kP1/3qpp1p/1P5P/P4PK1/8 b - - 5 43,f5e5 d7g7 e5f5 g7d4,1198,77,94,1505,crushing deflection endgame master queenEndgame short skewer,https://lichess.org/k5ZDFVOf/black#86,
0Z1g7,5rk1/pp2qrpp/3b4/2pQ4/4P3/2PP1R2/PP4PP/5RK1 b - - 1 18,b7b6 f3f7 f8f7 f1f7 e7f7 d5d6,1368,75,96,21822,advantage long middlegame,https://lichess.org/LJBYUkRB/black#36,Italian_Game Italian_Game_Two_Knights_Defense
04QUG,4r1k1/p1q2pbp/1pp3p1/2QbP3/8/1PR2N2/P4PPP/4R1K1 w - - 0 21,c5d6 c7d6 e5d6 e8e1 f3e1 g7c3 d6d7 c3f6,1493,75,86,207,advantage defensiveMove middlegame veryLong,https://lichess.org/eg3MTW2S#41,
03VbK,r1bqkb1r/pp3pp1/5p1p/3p4/3N4/2NQ4/PPP2PPP/R3K2R b KQkq - 1 10,f8b4 d3b5 c8d7 b5b4 d8e7 b4e7,1393,75,95,10950,advantage fork long middlegame,https://lichess.org/GGpgKUvV/black#20,Scandinavian_Defense Scandinavian_Defense_Other_variations
05em4,r3r3/p2qkppp/3b4/2pQ4/8/4P3/PP3PPP/RN2K2R w KQ - 0 20,e1g1 d6h2 g1h2 d7d5,867,82,97,553,advantage discoveredAttack kingsideAttack middlegame short,https://lichess.org/LFStrQ3U#39,
0Fru3,r2q1rk1/pppn2b1/3p4/3PpppB/8/2P3NP/PP3PP1/R2Q1RK1 b - - 1 17,d8f6 g3f5 f6f5 h5g4 f5g6 g4d7,2013,74,91,1072,advantage long middlegame sacrifice skewer,https://lichess.org/FAsYB15d/black#34,Kings_Pawn_Game Kings_Pawn_Game_Alapin_Opening
0SUAL,8/5b2/pr6/1p1k1p2/1KpPpP2/4P3/R3B3/8 b - - 6 39,b6h6 e2c4 b5c4 a2a5 d5e6 a5a6,1817,77,91,2064,crushing endgame interference long master sacrifice,https://lichess.org/0bZDzqs5/black#78,
0J4Dt,r2qkb1r/pQ1n1ppp/5n2/8/3p4/2NP2P1/PP3P1P/R1B1K1NR w KQkq - 1 11,c3d5 d8a5 c1d2 a5d5 b7d5 f6d5,1614,76,93,9095,advantage long opening,https://lichess.org/R6ePlHGQ#21,Hungarian_Opening Hungarian_Opening_Other_variations
0EnBo,8/7p/3N2pk/1P6/8/2n2P2/1r4PP/5RK1 w - - 1 42,f1c1 c3e2 g1f1 e2c1,751,87,96,1359,advantage endgame fork short,https://lichess.org/MEDaPmYz#83,
0Qojk,5rk1/ppp2ppp/1n6/8/5RP1/q2P3P/2P1QPK1/4R3 w - - 0 23,e2e7 a3e7 e1e7 b6d5 e7e4 d5f4,1354,77,96,16140,advantage endgame fork long master,https://lichess.org/NE5eHmpH#45,
0RKhu,3R4/1b3p1p/p4pk1/P2P1N2/1p4P1/3r4/5PKP/8 b - - 0 34,b7d5 d8d5 d3d5 f5e7 g6g5 e7d5,1396,76,96,11792,advantage attraction endgame fork long master sacrifice,https://lichess.org/65Cy4FHY/black#68,
09CfA,r2q1r1k/pppnn1p1/3p3p/1P1Qp3/8/P1N2N1P/5PP1/R1B1R1K1 w - - 1 17,d5b7 d7c5 b7a8 d8a8,1314,76,93,10910,advantage middlegame short trappedPiece,https://lichess.org/dbHcldC2#33,Italian_Game Italian_Game_Giuoco_Piano
0EaNA,8/8/p7/7p/2R2p1k/2P2Kr1/P1P3P1/8 w - - 1 52,f3f4 g3g4 f4f3 g4c4,868,93,93,492,crushing endgame rookEndgame short skewer,https://lichess.org/Mf3zVdIJ#103,
084Ml,1r5k/5p1p/4pPp1/p3P1P1/2p1B3/2P2N2/Pq1Q3P/7K w - - 2 36,h1g2 b2d2 f3d2 b8b2,806,79,100,382,advantage clearance endgame pin short,https://lichess.org/XknpfryX#71,
0VLbL,5rkr/2q3b1/5p1B/pp1p1P1Q/2pPP3/P1P5/1P5R/4R1K1 w - - 1 37,h5g6 c7h2 g1h2 h8h6 g6h6 g7h6,1654,73,93,9686,advantage attraction exposedKing fork long middlegame,https://lichess.org/vLLWOavp#73,
0S7yy,8/8/1R1R3p/1p4pk/6n1/P5K1/1r6/8 w - - 2 50,d6d5 b2b3 g3g2 g4e3 g2f2 e3d5,1292,74,96,21484,crushing endgame exposedKing fork long,https://lichess.org/1yDMqNMq#99,
0EcvY,2r1r3/pp1bn2p/4k1p1/5p2/2N1P3/6P1/PP2B2P/1K1R3R b - - 2 22,d7b5 d1d6 e6f7 c4e5 f7g7 e2b5,1211,75,97,781,advantage discoveredAttack long middlegame,https://lichess.org/ja7qeath/black#44,
08ETF,8/1pp2kpp/3n2p1/p7/P1Pr2P1/1P3K1P/8/5R2 b - - 5 29,d4d3 f3e2 f7e7 e2d3,960,87,92,858,advantage discoveredAttack endgame short,https://lichess.org/xz36K3Tu/black#58,
0MNpI,r1bq1rk1/1p1nbppp/p1npp3/6P1/3NP3/1BN5/PPP2P1P/R1BQK1R1 w Q - 3 11,d4e6 f7e6 b3e6 g8h8,1117,82,92,3361,advantage master opening short,https://lichess.org/MyQewv5O#21,Sicilian_Defense Sicilian_Defense_Najdorf_Variation
06Bop,r2q1rk1/1b2npbp/2p3pB/ppp3N1/4p2Q/P1NP4/1PP3PP/R4RK1 b - - 1 14,e7f5 f1f5 g6f5 h6g7 g8g7 h4h7,1686,74,93,505,advantage attraction discoveredAttack kingsideAttack long middlegame,https://lichess.org/NVGQwUXo/black#28,Sicilian_Defense Sicilian_Defense_Closed
0Hd99,8/8/3b2NP/8/2p1kp2/2K5/6P1/8 b - - 0 44,f4f3 g2f3 e4f5 h6h7 f5g6 h7h8q,1426,74,97,19873,advancedPawn crushing endgame long promotion,https://lichess.org/kBYtYwBJ/black#88,
0Z0ve,r3r1k1/p1bq2p1/1p2p1Qp/3n1p1N/1P1P1P2/P3R3/6PP/2B2RK1 b - - 7 28,d5e3 h5f6 g8f8 f6d7,1329,76,93,8339,crushing kingsideAttack middlegame pin short,https://lichess.org/oz9Iw5Kk/black#56,
04NEq,rnb1kbr1/pppp1Npp/5q2/2n5/2B5/5P2/PPPP2PP/RNBQK2R w KQq - 1 7,b1c3 f6h4 g2g3 h4c4,1582,76,96,11891,advantage fork opening short,https://lichess.org/uZ73yQJE#13,Russian_Game Russian_Game_Damiano_Variation
0NeO2,5rk1/1b3ppp/pq2pn2/1pr5/4P3/P1N2Q1P/BP3PP1/2RR2K1 w - - 0 22,c3a4 b5a4 c1c5 b6c5,1748,74,93,200,advantage hangingPiece middlegame short,https://lichess.org/dTUQGSty#43,
0HKPN,r1b2rk1/ppq1npb1/2n3pp/4p3/Q3B2B/2N2N2/PPP2PPP/2KR3R b - - 0 13,c8g4 e4c6 e7c6 a4g4,1832,75,93,13370,advantage discoveredAttack middlegame short,https://lichess.org/1ZLuQd4k/black#26,Van_Geet_Opening Van_Geet_Opening_Other_variations
00ymq,Q7/4ppbk/6pp/5q2/4n3/4PNBP/Pr3PP1/3R2K1 w - - 2 31,a2a4 e4g3 f2g3 f5c2,1506,76,93,3372,clearance crushing middlegame short,https://lichess.org/V4mcVabC#61,
0PbUc,7r/2k1p2p/R1b2ppb/4p3/2B1P3/2N4P/2P3P1/6K1 b - - 0 27,h8a8 a6c6 c7c6 c4d5 c6c7 d5a8,1609,74,96,12727,attraction crushing endgame exposedKing long sacrifice skewer,https://lichess.org/gLapnX57/black#54,
07Pg2,rn1q1rk1/ppp3pp/4P3/8/4p1n1/3P2N1/PPP2KPP/R1BQ1B1R w - - 1 12,f2g1 d8d4 c1e3 d4e3,1152,79,93,6782,kingsideAttack mate mateIn2 opening short,https://lichess.org/eZAnAglI#23,Elephant_Gambit Elephant_Gambit_Other_variations
0aKPm,4R3/2p3rk/1b1p1qp1/3B3p/2P5/6P1/3Q1PK1/8 b - - 3 42,f6d4 e8h8 h7h8 d2h6 g7h7 h6f8,1598,73,97,23122,attraction endgame long mate mateIn3 sacrifice,https://lichess.org/x1yNptfz/black#84,
0QjUD,rn1q3r/pppnb1pp/4k3/8/5B2/5QP1/PPP3KP/RN5R b - - 1 14,e6f7 f4c7 d7f6 c7d8,1341,75,99,1819,advantage discoveredAttack middlegame short,https://lichess.org/o8kGI323/black#28,Kings_Gambit_Accepted Kings_Gambit_Accepted_Cunningham_Defense
0Ozx4,3r2k1/pb2R3/1p1B3p/2pq2p1/8/2P3P1/P1Q3PP/6K1 b - - 3 33,d8d6 c2h7 g8f8 h7g7,1381,74,96,25840,endgame mate mateIn2 short,https://lichess.org/yExzM8LZ/black#66,
0FaLK,r4rk1/5ppp/p2b3q/3Q4/3P4/5N2/5PPP/RR4K1 w - - 5 25,b1b6 d6h2 f3h2 h6b6,1480,76,95,19237,advantage discoveredAttack middlegame short,https://lichess.org/iay2pR0B#49,
0Z3Ky,rr4k1/3nqpbp/b2p1np1/1NpPp3/p1B1P3/P2Q1N1P/1PP2PP1/R1B2RK1 w - - 5 16,b5c7 a6c4 d3c4 d7b6 c4e2 e7c7,1555,76,93,978,advantage discoveredAttack long middlegame,https://lichess.org/fxAC8Mve#31,Pirc_Defense Pirc_Defense_Other_variations
038TX,3r2k1/5ppp/brn1p3/2Q5/8/Rp1q1NB1/3N1PPP/1R4K1 w - - 1 25,c5b6 d3b1 d2b1 d8d1 f3e1 d1e1,1169,78,95,3768,backRankMate clearance fork long mate mateIn3 middlegame sacrifice,https://lichess.org/0P7kSZ1h#49,
04p6y,2r2qk1/pr5p/4p1pP/3bNpQ1/2pP4/2P3R1/P4PP1/2R3K1 w - - 1 32,e5g6 h7g6 g5g6 g8h8,1337,76,71,111,advantage defensiveMove middlegame short,https://lichess.org/NqVoZiSQ#63,
0A4hH,2r5/p3kp1R/1p2n1pP/4p3/8/2PB1P2/PPP1KP2/8 w - - 1 27,d3g6 e6f4 e2d2 f4g6,906,84,96,2934,advantage endgame fork short,https://lichess.org/y0zP5rdU#53,
0KJ1N,rnb1r1k1/ppp1b1pp/5B2/3q4/3NN3/8/PPP2PPP/R2QR1K1 b - - 0 12,g7f6 e4f6 e7f6 e1e8,1137,89,94,1276,crushing discoveredAttack kingsideAttack opening short,https://lichess.org/u6Zb78YW/black#24,Philidor_Defense Philidor_Defense_Other_variations
02y4j,q1rr2k1/1b2bpp1/p2ppn1p/8/2P1P3/P2B1N2/1B2QPPP/3RR1K1 b - - 0 22,f6e4 d3e4 b7e4 e2e4 a8e4 e1e4,915,91,95,391,advantage long master masterVsMaster middlegame,https://lichess.org/ksubAP2z/black#44,
0I1MJ,6k1/p1q2ppp/8/3p4/6n1/4BR2/PPP3PP/R2Q2K1 w - - 1 22,f3f7 c7h2 g1f1 g4e3 f1f2 e3d1,1660,74,96,15384,advantage endgame fork long,https://lichess.org/w7NGgDcH#43,
00Nay,r2q1r2/ppp2pk1/3p1n2/4p1p1/2B1P3/2NP2Q1/PPP5/2K4R b - - 0 19,g7g6 g3h3 f8h8 h3f5 g6g7 f5g5,1864,75,96,5783,crushing deflection long middlegame quietMove,https://lichess.org/wMvkJfcA/black#38,
0DNDW,r3rbk1/5p1p/p5p1/4n3/4NQ2/6Pq/1P3P1P/R1B2RK1 b - - 5 28,e5g4 f4g4 h3g4 e4f6 g8h8 f6g4,1590,74,95,17678,advantage attraction fork long middlegame sacrifice,https://lichess.org/PNmLRayy/black#56,
0GKdF,2kr3r/pp1n1pp1/2p1p3/5b1p/NP1P2nP/P4Nq1/2PB2B1/R1Q1R2K w - - 4 18,d2f4 g4f2 h1g1 f2h3,1407,76,94,2467,advantage kingsideAttack middlegame short,https://lichess.org/Nt0lazv3#35,Scandinavian_Defense Scandinavian_Defense_Main_Line
0ZldG,rnb2r1k/p6p/2p3pb/1p2p1q1/3PPp2/1BP2PP1/P2QNB1P/R4RK1 w - - 1 16,d4e5 f4g3 d2g5 g3f2 g1f2 h6g5,1544,73,95,19965,advancedPawn advantage kingsideAttack long middlegame sacrifice,https://lichess.org/sn3xBjHQ#31,Slav_Defense Slav_Defense_Other_variations
0WlPP,r5r1/1p1k1p1p/1q2p3/4P1b1/3n4/2N1Q3/PPPB3P/2KR3R w - - 1 22,e3f2 d4b3 c2b3 b6f2,1390,75,96,19757,advantage discoveredAttack middlegame short,https://lichess.org/KandNyn1#43,
03SUf,r2q3r/pp2kpp1/2n1pb2/3p4/3n2Q1/2NB4/PPPB1PPP/3RR1K1 b - - 6 19,f6e5 e1e5 c6e5 g4d4,1952,74,94,6088,capturingDefender crushing deflection middlegame short,https://lichess.org/V6XSIpyo/black#38,Caro-Kann_Defense Caro-Kann_Defense_Other_variations
05lpq,rn3rk1/pb3p1p/4p1pQ/1qp5/7R/6P1/P1P4P/3RK3 b - - 1 21,f8e8 h6h7 g8f8 h7h6 f8e7 h6g5,2354,88,91,460,advantage kingsideAttack long middlegame,https://lichess.org/tllc9KDV/black#42,
0O01P,r6r/p4k2/3pq3/1Q2p3/4P3/2PP2P1/PP3R1p/7K b - - 0 32,f7e7 b5b7 e6d7 f2f7 e7f7 b7d7,1167,78,92,1986,advantage attraction deflection endgame long,https://lichess.org/5HUG5TCv/black#64,
06NUk,8/8/8/pp6/1r1k1PR1/6P1/5K2/8 b - - 0 48,a5a4 f4f5 d4c3 g4b4 c3b4 f5f6 a4a3 f6f7 a3a2 f7f8q,970,76,91,558,advancedPawn crushing discoveredAttack endgame promotion rookEndgame veryLong,https://lichess.org/ZgvY6lpB/black#96,
0JBM2,r2qk2r/1ppn2pb/p3p2P/3pPpbQ/8/2P1P3/PP1N1P2/R3KBR1 b Qkq - 1 16,e8f8 h6g7 f8g7 g1g5 d8g5 h5g5,1786,75,94,4378,advancedPawn attraction crushing long opening,https://lichess.org/1VzzXGtD/black#32,Queens_Pawn_Game Queens_Pawn_Game_Accelerated_London_System
05Tl1,6k1/5p1p/3R1np1/1p3q2/2bB4/2P4P/2r2PP1/Q5K1 b - - 7 33,f5f4 a1a8 g8g7 d4f6 f4f6 d6f6,1801,76,93,7741,advantage long middlegame,https://lichess.org/CqRiQ1lv/black#66,
07aKu,6k1/5p1p/3p4/4qp2/1Q3B2/7P/6PK/r7 b - - 1 34,e5c5 b4b8 g8g7 b8b2 f7f6 b2a1,1613,77,95,23827,advantage endgame fork long,https://lichess.org/FP9xAJUE/black#68,
0PGLo,5r1k/8/p3pqp1/1p5p/4Qn2/5N2/PPB3PP/5RK1 w - - 0 35,f3e5 f4h3 g1h1 f6f1,1227,77,92,10478,deflection discoveredAttack mate mateIn2 middlegame short,https://lichess.org/WnNBfQmp#69,
09aCO,r7/p1RR4/1p2r2p/2p3p1/5k2/5P2/PP3PKP/8 b - - 3 33,e6e2 d7f7 f4e5 c7e7 e5d4 e7e2,1136,76,96,4191,crushing endgame long rookEndgame skewer,https://lichess.org/qacLxjjE/black#66,
04sEr,r3kb1r/p2b2p1/2p1pp2/q3P1N1/Pn1PB2p/1Q5P/1P2NPP1/R4RK1 w kq - 0 20,e5f6 a5g5 f6g7 g5g7,1913,75,95,11017,advantage hangingPiece middlegame short,https://lichess.org/BvoVH1oz#39,
071Gu,r2qk2r/pp2nppp/2nbb3/1Bp1p3/3pP3/3P1NN1/PPP2PPP/R1BQK2R w KQkq - 1 9,f3g5 d8a5 c1d2 a5b5,977,92,95,3410,advantage fork opening short,https://lichess.org/8jHV7PA4#17,Van_Geet_Opening Van_Geet_Opening_Other_variations
06krW,r4rk1/pb1q1pp1/1p3b1p/1Nnp4/1P6/4PN2/P3BPPP/2RQ1RK1 b - - 0 15,c5e4 c1c7 d7c7 b5c7,1194,77,90,1392,advantage middlegame short,https://lichess.org/PuUgvRpW/black#30,Queens_Gambit_Declined Queens_Gambit_Declined_Three_Knights_Variation
0KxYw,2r1kb1r/pR3pp1/2n1p2p/3pPn2/3P4/4BN2/P2N1PPP/2R3K1 b k - 0 18,f8a3 c1c6 c8c6 b7b8 e8d7 b8h8,1148,76,93,917,advantage long master middlegame sacrifice skewer,https://lichess.org/N0W4RtSy/black#36,French_Defense French_Defense_Knight_Variation
0M94i,r3r1k1/1p3pbp/p4np1/2PP4/PP5q/2NQB3/5PP1/1R3RK1 w - - 1 23,f2f3 e8e3 d3e3 f6d5 c3d5 g7d4 f3f4 d4e3,2159,76,92,4321,advantage clearance deflection kingsideAttack middlegame pin sacrifice veryLong,https://lichess.org/vpl34H51#45,
0NCxA,8/5R2/4p3/6kp/2B5/4PK2/p7/r7 w - - 0 52,c4a2 a1f1 f3g2 f1f7,1072,85,94,1323,advantage endgame short skewer,https://lichess.org/WwUU88zX#103,
09pOa,5r2/pp2nr1k/6pp/8/3pBP2/P2Pq3/2Q1N2P/5R1K b - - 1 29,e7f5 f1f3 e3f3 e4f3,1668,72,96,21004,advantage master middlegame short trappedPiece,https://lichess.org/O4ItsrkB/black#58,
0SL4I,rk1q1b1r/1p1bpQpp/p1npBn2/3N2N1/3pPP2/8/PPP3PP/R1B1K2R w KQ - 1 12,c1d2 d7e8 f7e8 d8e8,1821,75,88,341,advantage middlegame short trappedPiece,https://lichess.org/nTBNTGYP#23,Sicilian_Defense Sicilian_Defense_Bowdler_Attack
06T8j,r1b1k2r/ppp2ppp/2p2n2/2b5/4P3/2PP1Q1P/PPq2PP1/RNB1KB1R w KQkq - 1 9,b1a3 c5a3 f3e2 c2e2,1453,74,90,1369,advantage opening short,https://lichess.org/UK8k9ggv#17,Petrovs_Defense Petrovs_Defense_Stafford_Gambit
0IeTF,r4rk1/p3bppp/1qPp1n2/1p2p1B1/4P3/1PN2Q1P/1PP2PP1/R4RK1 w - - 1 14,c3d5 f6d5 e4d5 e7g5,1084,83,93,2751,advantage discoveredAttack middlegame short,https://lichess.org/ZLXyLFuy#27,Pirc_Defense Pirc_Defense_Other_variations
049L6,r1bqk2r/ppp2pp1/2nb3p/4p3/2B5/2P2N2/PPP2PPP/R1BQR1K1 w kq - 0 9,f3e5 d6e5 c1f4 d8d1 a1d1 f7f6,2305,87,86,159,advantage defensiveMove discoveredAttack long opening,https://lichess.org/pwg04r5J#17,Russian_Game Russian_Game_Italian_Variation
0GaUS,3r1rk1/1pb3p1/p1p5/2PnpqN1/P1Q4p/7P/3B2BK/2R3R1 w - - 2 31,g1f1 e5e4 h2g1 f5e5 d2f4 f8f4,1818,75,94,796,clearance crushing discoveredAttack long middlegame,https://lichess.org/CRW1cY3j#61,
0TxdH,rr6/2k2qpp/p2bbp2/3p1n2/Q1p5/P1P1BN2/B4PPP/R3R1K1 b - - 5 24,c7c8 a4c6 f7c7 c6e8,1214,75,100,411,advantage middlegame queensideAttack short,https://lichess.org/ZjwDGHcX/black#48,
0KtCp,r1bq1rk1/1p3pp1/pn2p3/3p2pQ/2p4P/2PnP3/PPBNKPP1/R6R b - - 3 18,e6e5 h4g5 c8g4 h5g4,1381,74,92,3395,advantage middlegame short,https://lichess.org/elaIOXZA/black#36,Queens_Pawn_Game Queens_Pawn_Game_Accelerated_London_System
0D5rf,rn1qk2r/ppp2ppp/8/3Bp3/1b6/P2P4/2P2PPP/R1BQK1NR w KQkq - 0 10,c1d2 b4d2 d1d2 d8d5,1170,78,82,623,advantage opening short,https://lichess.org/PQBp7K1f#19,Kings_Pawn_Game Kings_Pawn_Game_Mengarinis_Opening
0E4gm,2k4r/ppn5/2p2q2/4pbN1/7p/7P/PPP2Q1K/6RN b - - 0 29,c7e6 g5e4 f6f8 f2f5 f8f5 e4d6 c8c7 d6f5,1978,74,94,7968,advantage attraction fork middlegame pin sacrifice veryLong,https://lichess.org/olgYhnUf/black#58,
0J6T7,r3k2r/p1p1bpp1/2pp3p/4p2b/4P1q1/2NPBN2/PPP1QPPK/R4R2 w kq - 0 13,f3g1 g4h4 g1h3 h5e2,1163,74,96,6303,advantage discoveredAttack middlegame short,https://lichess.org/8IcV7v1G#25,Philidor_Defense Philidor_Defense_Other_variations
0J1rA,6rk/ppp1p2p/2n4q/4b2B/5N2/3PP3/PPP5/R2Q1RK1 w - - 5 28,g1h2 g8g5 h2h3 e5f4 f1f4 g5h5 d1h5 h6h5,2152,75,98,160,advantage exposedKing middlegame veryLong,https://lichess.org/6W9YWVT3#55,
0DhFF,2b1k2r/1p1p1ppp/rq2pn2/p3B3/8/R3P3/2PP1PPP/3QK1NR b Kk - 0 14,b6c5 a3c3 c5e5 c3c8,1509,77,95,21548,advantage middlegame short skewer,https://lichess.org/DrasFhXo/black#28,Polish_Opening Polish_Opening_Outflank_Variation
09Lco,1krq1b1N/1p1b1Qpp/5n2/4p1N1/3n4/8/PPPP1PPP/R1B2RK1 w - - 5 18,c2c3 d4e2 g1h1 d7c6 d2d4 c6d5,2771,108,87,265,advantage long opening,https://lichess.org/MrlfCbOq#35,Italian_Game Italian_Game_Two_Knights_Defense
02lQd,8/p1B5/1pn3k1/2p4p/3b3K/5P2/P7/3R4 w - - 1 33,d1e1 d4f2 c7g3 f2e1,1065,76,97,5267,crushing endgame fork short,https://lichess.org/ANThSdxV#65,
028B5,7r/kpQ2p2/r2R3p/4pb2/2N1q3/8/PP3P1P/K1R5 b - - 3 27,h8c8 d6a6 a7a6 c7a5,1312,74,95,25297,attraction mate mateIn2 middlegame pin short,https://lichess.org/j9q1QKgN/black#54,
02kn2,rnbqk2r/pp3pp1/3bpn1p/1B1pN3/3Q1B2/4P3/PPP2PPP/RN2K2R b KQkq - 2 8,c8d7 e5d7 b8d7 f4d6,1760,77,94,6518,crushing discoveredAttack opening short,https://lichess.org/OrurLtEu/black#16,Torre_Attack Torre_Attack_Classical_Defense
0GhXV,6k1/8/3p2p1/3Pnbq1/8/1r6/5QB1/3R1RK1 w - - 0 31,d1c1 e5f3 f2f3 b3f3 c1c8 f5c8,1627,76,94,9514,crushing long middlegame pin,https://lichess.org/D7TUpIgP#61,
0F1Xm,6bk/1p5p/2p4b/2p1P3/2Pq1P2/1P2N3/P4QBP/6K1 w - - 1 39,e3g4 d4d1 f2f1 d1g4,1428,78,96,21516,advantage endgame fork short,https://lichess.org/lfU4YN4q#77,
0OV8b,5k2/p1q2pb1/1p5p/1Pp3p1/2Pp2n1/P2P4/5RP1/R3Q2K w - - 0 34,e1g1 c7g3 f2f3 g3h4 f3h3 g4f2 g1f2 h4f2,1892,74,95,9851,crushing endgame fork veryLong,https://lichess.org/Qi3pFOKO#67,
04IsZ,5k2/2rR1pp1/5b1p/1P5P/P1B5/1K2r3/8/3R4 w - - 0 36,b3b4 f6c3 b4b3 c3d4 b3a2 c7d7,2521,90,91,2820,advantage discoveredAttack endgame interference long,https://lichess.org/C6DKCvIN#71,
0EyZo,8/ppk3r1/2p5/8/4R3/r4PKB/8/5R2 w - - 10 41,g3h2 a3a2 h2h1 g7h7 h1g1 h7h3,1256,74,95,12821,advantage endgame long master pin,https://lichess.org/eBYCSuZX#81,
0aIwq,r4rk1/pp3pb1/2np1qp1/4pP1p/4P3/2PB2QP/PP4P1/RNB3K1 b - - 3 16,c6e7 c1g5 f6g5 g3g5,1492,76,100,590,advantage middlegame short trappedPiece,https://lichess.org/5f8mLcZF/black#32,Pirc_Defense Pirc_Defense_Other_variations
0Fo3f,qQ2k2r/P4ppp/2pnp3/3p1b2/3P4/6P1/1PP2P1P/R3K2R b KQ - 1 22,e8d7 b8h8 a8h8 a7a8q h8a8 a1a8,1551,74,94,18015,advancedPawn crushing long middlegame promotion,https://lichess.org/BVSlDk8U/black#44,
07ob5,r2k3r/ppq1b1Q1/2p5/4N2p/3P4/4Pn1P/5PP1/2R1KB1R w K - 1 20,e5f3 e7b4 e1d1 c7g7,1363,77,96,11238,crushing discoveredAttack middlegame short,https://lichess.org/7kCnTcGm#39,
0Owq2,r2qk1nr/pbp2pbp/1p1p2p1/4n3/8/1PN2NP1/PBP1PPBP/R2QK2R w KQkq - 0 9,c3d5 e5f3 e2f3 g7b2,1548,74,94,4932,advantage discoveredAttack opening short,https://lichess.org/vDQ7ueN5#17,Van_Geet_Opening Van_Geet_Opening_Other_variations
0T7u5,1rn3k1/5ppb/p3p2p/2QpP3/P1pP2P1/1qP2B2/5P1P/3N1RK1 b - - 1 30,b3a4 c5c7 h7d3 c7b8,1689,75,94,12936,crushing middlegame pin short,https://lichess.org/W6r9a7ah/black#60,
0BYqL,r2k1r2/1p4pQ/4R2p/p1p1b3/P4q2/BBp4P/6P1/R6K w - - 1 28,a3c5 f4h2,950,79,97,4528,mate mateIn1 middlegame oneMove,https://lichess.org/ICmwNtFX#55,
0NXC5,5rk1/2q1rpb1/6pp/pBpRn3/1p4P1/8/PPP1Q1PB/1K3R2 b - - 9 27,e5g4 h2c7 e7e2 b5e2,1829,76,95,14214,advantage middlegame short,https://lichess.org/AAf1Zn79/black#54,
03JjV,r2qk2r/pppbppbp/2n3p1/4P2n/2B2B2/2P3P1/PP3P1P/RN1QK1NR b KQkq - 0 9,c6e5 f4e5 g7e5 d1d5 d7g4 d5f7,2021,78,91,2781,advantage attackingF2F7 long opening,https://lichess.org/L4IEJtBO/black#18,Modern_Defense Modern_Defense_Other_variations
0JSau,5qk1/pp2bp2/6pp/8/3QB1r1/1P5b/P1R2PPP/5RK1 w - - 1 24,f2f3 g4g2 c2g2 e7c5,1719,76,96,18429,advantage middlegame pin sacrifice short,https://lichess.org/3dC0SrW5#47,
0AGou,r4r1k/ppp1n1p1/2n3q1/1B1pPpBb/3P4/P1P2N1P/5PP1/R2Q1RK1 w - - 4 17,a1b1 h5f3 d1f3 g6g5,948,82,80,100,advantage capturingDefender middlegame short,https://lichess.org/YGYPUKXW#33,Ponziani_Opening Ponziani_Opening_Other_variations
04rq6,r3r2k/4Pq1p/2p5/p2p1R2/1bnP1PQB/7P/6P1/5RK1 b - - 3 35,f7g6 h4f6 g6f6 f5f6,1669,75,96,9731,advantage kingsideAttack master middlegame short,https://lichess.org/AValsr2R/black#70,
0CyzE,6k1/1R1p3p/5p2/p1P5/2PK2P1/4P3/7P/r7 w - - 0 38,b7d7 a1d1 d4c3 d1d7,694,97,92,1538,crushing endgame rookEndgame short skewer,https://lichess.org/SgnyxH6o#75,
0CeDJ,r1b1kb1r/pppp1ppp/2n1p3/2P1P3/8/3K1P2/PPP2qPP/RNBQ1BNR w kq - 1 8,c1e3 c6e5 d3c3 f2e3,1605,75,91,501,advantage deflection opening short,https://lichess.org/9lpjK0uo#15,Alekhine_Defense Alekhine_Defense_Mokele_Mbembe
03YMC,1r3rk1/3p1p1p/1qn2p2/4p3/pP2PP2/P2Q2P1/2P3BP/RK1R4 w - - 2 30,d3d7 c6b4 a3b4 b6b4,1777,74,94,1304,advantage middlegame queensideAttack short,https://lichess.org/onoxAWwS#59,
00d9q,1r1q1r2/Q2k3p/2pp1npb/2p2P2/8/2N5/PP3PPP/4RRK1 b - - 0 19,d8c7 e1e7 d7e7 a7c7,1090,83,93,900,attraction crushing deflection master middlegame short,https://lichess.org/kbUk4cWh/black#38,
0EjlR,2N2k2/p5p1/2p1PP1p/4K3/7P/rp6/8/8 b - - 0 39,g7f6 e5f6 a3a4 e6e7 f8e8 c8d6 e8d7 e7e8q,912,78,99,619,advancedPawn advantage endgame exposedKing promotion veryLong,https://lichess.org/YmhHmjmq/black#78,
0TFFZ,rnb1nr1k/3p2pp/3q4/2pNbPPQ/4P3/8/PPPB1P1P/R3K2R b KQ - 4 18,c8b7 g5g6 e8f6 d5f6 d6d2 e1d2,1307,75,93,5183,advantage long middlegame,https://lichess.org/EcocfiVC/black#36,Latvian_Gambit_Accepted Latvian_Gambit_Accepted_Other_variations
0CzZg,r2qkb1r/5ppp/4p3/p1pnP3/P1QP4/5N2/1P4PP/R1B2RK1 b kq - 0 16,c5d4 c4c6 d8d7 c6a8,1173,77,80,1230,crushing deflection middlegame short,https://lichess.org/V1kLKhcU/black#32,Caro-Kann_Defense Caro-Kann_Defense_Classical_Variation
0NQ3I,2rkr3/6pp/1p1p1b2/Q2Pp3/4N2P/3b4/PB6/K1R1R3 b - - 0 28,b6a5 c1c8 d8c8 e4d6,1494,75,96,26211,advantage attraction middlegame short,https://lichess.org/r0F8cooH/black#56,
0IWp1,3r2k1/1pp2ppb/p6p/2PnbP2/1P4P1/P1N2K1P/1BP5/3R4 b - - 1 29,e5f6 c3d5 f6b2 d5e7 g8f8 d1d8,1399,75,90,3138,crushing discoveredAttack kingsideAttack long middlegame,https://lichess.org/VENR5G6D/black#58,
0MeQL,3r4/5kp1/1p5p/p2q4/5R2/1Q2P2P/P5P1/6K1 b - - 3 38,f7g8 f4d4 d5b3 d4d8 g8f7 a2b3,1641,74,96,3142,crushing endgame intermezzo long sacrifice skewer,https://lichess.org/7WfSTJCY/black#76,
077SA,2kr2r1/pppb1pQ1/7p/8/2B1n2q/2P1B3/P4PPP/RN2R1K1 w - - 5 17,g7h6 g8g2 g1g2 d7h3,2158,77,92,6850,attraction crushing kingsideAttack middlegame sacrifice short,https://lichess.org/Z5R8ESNE#33,Italian_Game Italian_Game_Evans_Gambit
07dIM,8/3Q2kp/6p1/5p2/pP1b3P/2q3P1/5PBK/8 b - - 5 44,g7f6 g2d5 d4f2 d7f7 f6e5 f7g7 e5d5 g7c3,2261,77,100,131,crushing endgame quietMove skewer veryLong,https://lichess.org/AK89Rv35/black#88,
0FXwj,5rk1/4Q1p1/6Bp/3p4/8/5pPb/q4P2/4R1K1 b - - 3 34,a2a6 e7f8 g8f8 e1e8,1708,77,96,15069,attraction endgame mate mateIn2 sacrifice short,https://lichess.org/tBgtVEUp/black#68,
05hXk,r2q1r2/pp2bp2/2pp2pk/7p/B1PpPn2/3P1QNP/PP3PRK/6R1 b - - 1 22,e7g5 g3f5 g6f5 g2g5 d8g5 g1g5,1388,75,93,657,advantage discoveredAttack long middlegame,https://lichess.org/K7T66iP8/black#44,
0DZNQ,8/pp4pk/2b1Q3/3N4/8/7P/PP3rPK/8 w - - 3 32,d5e7 f2g2 h2h1 g2e2 e7c6 e2e6,1479,75,96,10272,crushing discoveredAttack endgame long,https://lichess.org/KEPBIUH9#63,
0IUYt,2k5/pp3pp1/4p3/6rr/2PP2b1/4Q3/PP3PK1/3RR3 w - - 4 27,d4d5 g4d1 e3g5 h5g5,1097,79,96,8832,crushing discoveredAttack endgame short,https://lichess.org/AN0EY1tg#53,
0DPSp,r4k1r/4qpp1/p7/2pPp2n/Q3P1p1/2NB4/PP3PP1/3RR1K1 w - - 0 20,g1f1 h5f4 c3e2 h8h1 e2g1 e7h4,2078,76,73,138,advantage clearance long middlegame,https://lichess.org/b04Pku2h#39,
0GxWj,r1b1rnk1/pp3ppp/2pb4/8/3P4/2N1PNqP/PP4P1/R1BQRK2 b - - 2 16,f8g6 c3e2 g3f3 g2f3,1946,74,88,192,advantage opening short trappedPiece,https://lichess.org/BxgGANCI/black#32,English_Opening English_Opening_Anglo-Indian_Defense
04V5S,3qn1k1/1b3pb1/pp1P2pp/2p1p3/P1N5/2N4P/1PPQ1PP1/5BK1 w - - 1 23,c4b6 d8b6 d6d7 e8d6,2020,76,94,6926,advantage defensiveMove hangingPiece master middlegame short,https://lichess.org/L8x5acQn#45,
09fyL,4r1r1/pp3pk1/1b4b1/2p2P2/2pP2P1/q1P4P/P1PQ4/1K2R1R1 b - - 0 25,g6h7 d2g5 g7h8 g5f6 g8g7 e1e8,1654,74,94,2181,crushing deflection long middlegame,https://lichess.org/aAEpm9Su/black#50,
00dwJ,2r5/2r3k1/p1q1b1pp/3pn3/3R4/4P1N1/PQ4PP/R5K1 b - - 7 32,c6c1 a1c1 c7c1 g3f1,1951,78,95,5300,advantage defensiveMove middlegame short,https://lichess.org/jAiL6A2t/black#64,
02cdm,r2qk1nr/p2b1ppp/2pbp3/2ppN3/5P2/1P2P2P/PBPP2P1/RN1QK2R b KQkq - 2 9,f7f6 d1h5 g7g6 e5g6 h7g6 h5h8,1222,74,95,17974,crushing long opening pin trappedPiece,https://lichess.org/qvK8ZwZ2/black#18,Bird_Opening Bird_Opening_Dutch_Variation
03DIX,4rrk1/5pp1/3p3p/p1p5/2q1P3/4Q3/PP3P2/1K2R1R1 b - - 1 23,g7g5 e3g5 h6g5 g1g5 g8h8 e1h1,2421,81,93,3382,endgame long mate mateIn3 sacrifice,https://lichess.org/M4Zq4Q9z/black#46,
091Mz,5k2/1p6/p4pQ1/4pBp1/PP1bP3/5P2/1KP3P1/7q w - - 3 36,b2b3 h1b1 b3c4 b1c2 c4d5 c2c6,1516,80,96,24955,deflection endgame long mate mateIn3,https://lichess.org/UyzXzrGW#71,
0N1Af,rn4nr/pp1k1p1p/2p3q1/3pQ1B1/B3b3/2P4P/P1P2PP1/3RR1K1 b - - 5 16,f7f6 d1d5 e4d5 e5d5 d7c8 d5e6,2071,75,92,9355,crushing long middlegame pin,https://lichess.org/HZlgYIKF/black#32,Philidor_Defense Philidor_Defense_Other_variations
03yAU,8/5ppk/4n2p/1R6/4K3/8/6PP/8 w - - 3 42,e4f5 e6d4 f5e5 d4b5,690,84,99,489,advantage endgame fork short,https://lichess.org/c6VaWYt3#83,
07ohA,1rbqk1nr/1p1p1ppp/p1n1p3/8/1b1NPB2/2N3P1/PPP2PBP/R2QK2R b KQk - 2 8,e6e5 d4c6 b7c6 f4e5,1196,75,100,489,advantage capturingDefender opening short,https://lichess.org/MKkuUd40/black#16,Sicilian_Defense Sicilian_Defense_Closed
0FU1P,r4rk1/pp1q1pbp/2p3p1/2Np2P1/3Pn3/2P1PQ2/PP4P1/R1B1R1K1 b - - 4 19,e4g5 c5d7 g5f3 g2f3,1219,81,93,13675,advantage middlegame short,https://lichess.org/kPY0Mmyu/black#38,Queens_Pawn_Game Queens_Pawn_Game_Chigorin_Variation
0Beii,r2q1r2/p1p3k1/3bR2p/3Q2p1/3P4/5p2/PPPB2PP/4R1K1 w - - 0 24,g2f3 d6h2 g1h2 d8d5,1113,75,100,560,crushing discoveredAttack kingsideAttack middlegame short,https://lichess.org/wzno0TdY#47,
0G1Be,3krr2/ppp1b1Rp/2n1Q3/7p/2PP4/1P6/P4P2/2K1R3 w - - 3 27,d4d5 e7a3 c1b1 e8e6,1907,77,91,2084,advantage discoveredAttack middlegame short,https://lichess.org/VZF0NdXc#53,
0939m,4k3/6p1/3BBp2/2P5/8/3p1P2/1r6/4K3 w - - 0 43,c5c6 b2e2 e1d1 e2e6,1580,73,96,25063,crushing endgame fork short,https://lichess.org/HfwwIcjV#85,
0Pvw6,rn2k1nr/pbpp1ppp/1p2p3/4P3/1B1P4/5N2/PqP2PPP/RN1QKB1R b KQkq - 0 8,b2a1 f1c4 b7d5 b4c3 a1b1 d1b1,1865,74,94,3237,advantage long opening trappedPiece,https://lichess.org/MgXmyAnP/black#16,French_Defense French_Defense_Normal_Variation
0Go8M,3r2k1/2pN1ppp/1pP5/8/8/2n1P3/5PPP/R4K2 b - - 3 29,c3d5 a1d1 d5e7 d7f6 g7f6 d1d8,1573,75,96,25370,advantage discoveredAttack endgame long,https://lichess.org/emAYmn44/black#58,
0DgvG,3rr1k1/pbb2pp1/1p2pn1p/4N3/1qPP4/7P/1BB1QPP1/3RR1K1 b - - 1 21,b4b2 c2h7 g8h7 e2b2,1206,80,93,4979,advantage discoveredAttack middlegame short,https://lichess.org/K0FVXIdG/black#42,
06nNY,r2q1bnr/pp4k1/2pp1Nb1/4p2p/B3P2P/3P1Q2/PPP2P2/R3K1R1 w Q - 5 20,g1g6 g7g6 f3f5 g6g7,2037,77,92,3108,advantage hangingPiece middlegame short,https://lichess.org/OPCo468z#39,
05IZx,r1bq1rk1/ppp3p1/5n1p/4b3/8/2PBB3/PP3PPP/RN1QK2R w KQ - 0 12,e1g1 e5h2 g1h2 f6g4 h2g1 d8h4,1835,76,92,5614,advantage attraction clearance kingsideAttack long opening sacrifice,https://lichess.org/c1UHnY72#23,Scandinavian_Defense Scandinavian_Defense_Other_variations
0Lxt8,2r2b2/1p4kp/1p4p1/5bN1/3q4/1B6/P1P3PP/1R3Q1K b - - 5 24,h7h6 f1f5 g6f5 g5e6 g7f6 e6d4,1547,74,96,23566,advantage fork long middlegame sacrifice,https://lichess.org/rk1RSfGC/black#48,
0REnD,5br1/R2k4/3ppB2/1p1b3p/5n2/5P2/1P3RPP/7K b - - 8 30,d7e8 f2c2 d5c4 b2b3,1640,71,95,17703,advantage middlegame quietMove short,https://lichess.org/jjowPlkj/black#60,
08UuA,3r4/p3kpp1/1p5p/2n1PPN1/2P4P/4K3/P7/7R w - - 0 26,g5e4 d8d3 e3e2 c5e4 e2d3 e4f2 d3e3 f2h1,1045,77,96,3278,crushing deflection endgame exposedKing fork sacrifice veryLong,https://lichess.org/o6gzcNIr#51,
0MfFc,3q2k1/pb3pp1/4p1np/2p5/6Q1/1PP3N1/P4PPP/1B4K1 b - - 1 23,g6f4 g4f4 d8d1 g3f1 d1b1 f4b8 g8h7 b8b7,1422,76,95,16541,advantage endgame fork hangingPiece veryLong,https://lichess.org/KHkLeO7F/black#46,
02IJi,3r2k1/p6p/1p1q2p1/3P1p2/8/3Q2PP/P4P2/4R1K1 b - - 1 28,d6d5 e1e8 d8e8 d3d5,1030,77,95,4319,advantage deflection endgame short,https://lichess.org/rjVWNywA/black#56,
01xmi,r1bqk2r/pp2nppp/4p3/2bnP3/8/3B1N2/PP2QPPP/RNB2RK1 b kq - 1 10,e7g6 d3g6 f7g6 e2b5 c8d7 b5c5,1951,75,95,11319,clearance crushing fork long opening,https://lichess.org/SbKuJPQI/black#20,Caro-Kann_Defense Caro-Kann_Defense_Advance_Variation
05S9J,r3nrk1/p4pp1/1p2b3/2p2PR1/2q5/5PQ1/PP5P/3R2K1 b - - 0 27,e6d5 g5g7 g8h8 g7g4 c4g4 f3g4,2408,76,94,483,advantage kingsideAttack long middlegame,https://lichess.org/yGfvbBMM/black#54,
09sy0,3r2rk/1p3p1p/2pb1p2/p4q2/2P4Q/1P2P1PP/5PB1/1R1R2K1 w - - 2 32,b1b2 d6g3 f2g3 d8d1,1266,75,96,1830,advantage discoveredAttack kingsideAttack middlegame short,https://lichess.org/wcpzMVZI#63,
0IeVE,2r2r1k/pp1b2pB/1q2p3/3p1p2/8/2P4Q/PP1N2PP/4RK2 b - - 1 19,f8f6 h7g6 h8g8 h3h7 g8f8 h7h8 f8e7 h8g7 e7d6 g7f6,1380,75,93,8903,crushing deflection discoveredAttack kingsideAttack middlegame veryLong,https://lichess.org/Uj2PwkVA/black#38,Queens_Pawn_Game Queens_Pawn_Game_Mason_Variation
0T1lL,8/1b5p/1k6/4p3/1P1p4/1K4P1/4BP2/8 w - - 7 46,b3c4 b7a6 c4d5 a6e2,1206,75,92,578,bishopEndgame crushing endgame short skewer,https://lichess.org/zc9vjBoQ#91,
0EcVL,1k1r4/1pq1bQ2/pn1p4/3Rp1P1/4P3/1N2B3/PPP2P2/2K5 w - - 1 22,e3b6 e7g5 f2f4 c7f7,1567,74,92,732,advantage discoveredAttack master middlegame short,https://lichess.org/0rKKXnpA#43,
06xMJ,4r1k1/ppp1nppp/8/8/2BP2n1/1PBQ1N1q/P4P2/R5K1 w - - 2 19,f3e5 h3h2 g1f1 h2f2,999,78,96,2903,kingsideAttack mate mateIn2 middlegame short,https://lichess.org/iMbuDXyU#37,French_Defense French_Defense_Steiner_Variation
0MtUl,3r1r1k/6p1/p5p1/1p4N1/8/1B6/Pp3bPP/3R1R1K w - - 0 29,g5e6 d8d1 f1d1 f8c8 e6f4 c8c1,2036,75,91,934,clearance crushing long middlegame quietMove,https://lichess.org/Iqcw20VF#57,
0LJz5,4r3/p4p1k/1p5P/2bP2p1/3pP3/P4P1R/4K3/7R w - - 1 37,h1g1 d4d3 e2d3 c5g1,1016,77,96,4744,advantage discoveredAttack endgame short,https://lichess.org/CR03CqkB#73,
0N2il,r1b2rk1/pp3ppn/3p4/1BpNpPq1/8/3P3Q/PPP2P1P/R4R1K b - - 3 19,c8f5 h3f5 g5f5 d5e7 g8h8 e7f5,1656,74,95,13510,advantage attraction fork long middlegame sacrifice,https://lichess.org/SMxPgJ14/black#38,Sicilian_Defense Sicilian_Defense_Closed
07yl7,2r2rk1/1q3pbp/p4pp1/1p1Np3/8/1Q1R1P2/PPP2P1P/3R2K1 b - - 5 19,f8e8 d5f6 g7f6 d3d7 b7d7 d1d7,1563,76,94,4697,advantage clearance kingsideAttack long middlegame sacrifice,https://lichess.org/4aa4WjkF/black#38,Sicilian_Defense Sicilian_Defense_Chekhover_Variation
0VbSQ,r5k1/pp3pp1/2p1r2p/3p1q2/4n3/P1PQPN1P/1P2RPP1/4RK2 w - - 10 23,f3d4 e4g3 f1g1 f5d3,1602,77,96,22673,crushing discoveredAttack middlegame pin short,https://lichess.org/uTuIDHaH#45,
04lJt,6rk/2R2Qpr/p6q/4P3/5N2/7P/P4bP1/7K b - - 1 38,f2g3 f4g6 h6g6 f7g6,1022,76,99,941,advantage master middlegame short,https://lichess.org/Cya5Wjoa/black#76,
0HipD,r1bqr1k1/pp3ppp/2p2nn1/6B1/3PP3/2NB4/PPQ1N1Pb/4RRK1 w - - 0 15,g1h2 f6g4 h2g1 d8g5,1258,76,95,26995,advantage discoveredAttack middlegame short,https://lichess.org/9oQZi5Sx#29,Queens_Gambit_Declined Queens_Gambit_Declined_Exchange_Variation
0BUnA,rnb2r2/ppp2kpp/5n2/3qP3/8/8/PPPP2Np/RNBQ1R1K b - - 2 12,c8h3 d1h5 f7g8 h5h3,1819,76,96,13220,advantage middlegame pin short,https://lichess.org/3mRn76OK/black#24,Kings_Gambit_Accepted Kings_Gambit_Accepted_Cunningham_Defense
03aA1,rn2kb1r/ppp1qppp/4bn2/8/2PP4/8/PP2QPPP/RNB1KBNR b KQkq - 2 6,e6c4 e2e7 f8e7 f1c4,643,93,92,1254,crushing discoveredAttack master opening short,https://lichess.org/bpgIxOmu/black#12,Scandinavian_Defense Scandinavian_Defense_Icelandic-Palme_Gambit
0Jbwx,r3r1k1/1pp2ppp/p1n5/q3P3/6b1/3BQN2/PP3PPP/R2R2K1 w - - 4 21,d3h7 g8h7 e3e4 f7f5,1499,76,93,1893,advantage hangingPiece middlegame short,https://lichess.org/QtHoAm4L#41,
0Shhj,r4rk1/1b3pq1/6p1/p1pp3Q/8/2N1P1R1/PPP3PP/5RK1 w - - 3 24,c3d5 g6h5 d5f6 g8h8 g3g7 h8g7,1585,75,89,2128,advantage hangingPiece long middlegame,https://lichess.org/7zp5NQot#47,
03BQX,5Rr1/1pkb2r1/3p1Q2/4p2p/2PqP2P/3Pn1P1/2B5/2R4K b - - 4 42,g7g3 f6d8 c7c6 c2a4 c6c5 d8a5 b7b5 c4b5,2092,76,95,3208,crushing discoveredAttack middlegame veryLong,https://lichess.org/umK2r9MX/black#84,
0OxXD,2r2rk1/1b3pp1/p1q1p3/1p2P1bp/3R4/P5QP/BP2N1P1/3R3K b - - 6 23,g5h4 d4h4 c6g2 g3g2 b7g2 h1g2,1377,75,90,3907,advantage hangingPiece long middlegame,https://lichess.org/03gGnZjP/black#46,
0ANUU,rnbqk2r/ppp1nppp/3P4/2b5/8/5N2/PPP1PPPP/RNBQKB1R w KQkq - 1 5,d6c7 c5f2 e1f2 d8d1 c7b8q a8b8,1552,74,93,5446,advantage attackingF2F7 deflection long opening,https://lichess.org/RyiJlG0C#9,Englund_Gambit Englund_Gambit_Other_variations
0IpXz,rnbk1r2/ppp2Bpp/4p3/8/8/8/PB3KPP/3R2NR b - - 1 15,d8e7 b2a3 c7c5 a3c5 e7f7 c5f8,1178,79,82,1381,advantage long middlegame skewer,https://lichess.org/RiBtMaUk/black#30,Danish_Gambit_Accepted Danish_Gambit_Accepted_Copenhagen_Defense
07Ooh,r3qbBr/ppp1k3/3p1p2/4p3/4P1Q1/8/PP3PPP/nNB2K1R b - - 0 13,a1c2 g4e6 e7d8 e6f6,1339,75,93,385,crushing deflection middlegame short,https://lichess.org/4svkP1Uu/black#26,Center_Game Center_Game_Other_variations
0E3gd,4r3/p7/k1p5/1p1q4/3P4/2b1B2P/P5P1/1R3QK1 w - - 0 34,f1d3 e8e3 d3e3 c3d4 e3d4 d5d4,1384,74,94,4582,crushing endgame long pin,https://lichess.org/14kEGdgb#67,
036Ga,7r/1p2Rpk1/pP1p2p1/P2P4/2rP4/2p5/2P5/2K2R2 b - - 3 38,c4d4 e7f7 g7h6 f1h1 h6g5 h1h8,1603,75,94,5121,crushing endgame long rookEndgame skewer,https://lichess.org/KkQkXoqf/black#76,
02zyG,r4rk1/ppp3pp/1bnq1p2/1B2p3/2P5/1QP1nN2/PP3PPP/R4RK1 b - - 0 14,e3f1 c4c5 g8h8 c5d6,1078,75,100,276,advantage discoveredAttack middlegame short,https://lichess.org/UZDQkZDi/black#28,Italian_Game Italian_Game_Classical_Variation
0UQbB,2kr1br1/ppp2p1p/2n2p2/3qN3/3P2b1/2P3P1/PP3PBP/R1BQ1RK1 b - - 0 11,d5e5 d1g4 g8g4 d4e5,1669,75,93,626,advantage intermezzo master opening short,https://lichess.org/LVG5Ajjw/black#22,Scandinavian_Defense Scandinavian_Defense_Other_variations
0SUya,r1bqk2r/p4pp1/2p1p2p/3p4/4n3/2PQBP2/P1P3PP/R3KB1R b KQkq - 0 12,d8h4 g2g3 e4g3 e3f2,1737,76,87,229,advantage defensiveMove middlegame short,https://lichess.org/LmpOEokW/black#24,Sicilian_Defense Sicilian_Defense_Four_Knights_Variation
0Sn2e,1k6/p2R1p1p/1p6/1P6/4KP2/P7/1P4q1/3R4 w - - 5 56,e4f5 g2g6 f5e5 g6e6 e5d4 e6d7,1296,78,96,18006,crushing endgame interference long queenRookEndgame,https://lichess.org/5amgf8P0#111,
0MSEY,1r1q4/p1pk2p1/Q2b1r1p/8/3N4/8/PPP2PPP/R4RK1 w - - 5 20,a1d1 d6h2 g1h2 f6a6,1305,75,94,5812,crushing discoveredAttack middlegame short,https://lichess.org/WvxXeRlj#39,
0Z0fM,r2q1rk1/3bbppp/p2p1n2/3pp1B1/4P3/1PN2N2/1PP2PPP/R2Q1RK1 w - - 0 14,c3d5 f6d5 g5e7 d5e7,1426,74,93,9194,advantage opening short,https://lichess.org/Mb5E1Ate#27,Ruy_Lopez Ruy_Lopez_Morphy_Defense
0LToI,8/6pp/1PR5/P7/8/4pk2/1r5P/4K3 w - - 4 45,c6c7 b2b1 c7c1 b1c1,1036,84,95,6220,endgame mate mateIn2 rookEndgame short,https://lichess.org/8wH8Q3OE#89,
09IAD,5b1r/5p1p/3kp1p1/8/3P1P2/Q7/PrP3qP/R3K2R b KQ - 2 21,d6d5 a3a8 d5d6 a8g2,1744,76,95,14213,crushing middlegame short skewer,https://lichess.org/JGKpifc5/black#42,
0KlTi,4r1k1/pB3p1p/6pb/8/P2p4/1P1P2PP/2q2P1K/3R1Q2 w - - 0 29,b7d5 e8e2 h2g1 e2f2 f1f2 h6e3,1848,74,95,10229,advantage endgame long pin sacrifice,https://lichess.org/j3GBUrzS#57,
05Nmq,r1bq3r/ppp1kB1p/5pp1/2b1p1N1/3n3Q/3P4/PPP2PPP/RNB1K2R b KQ - 1 11,f6g5 c1g5 e7f7 g5d8,1596,74,95,9350,crushing opening short skewer,https://lichess.org/6HSRIxn3/black#22,Italian_Game Italian_Game_Giuoco_Pianissimo
01kad,1r5k/p4q1p/2Q2p2/4pN2/Pr2P3/1P1n3P/K1P2P2/4R2R w - - 5 27,e1b1 b4b3 b1b3 d3b4 a2b1 b4c6 b3b8 c6b8,2250,74,94,6766,advantage fork middlegame sacrifice veryLong,https://lichess.org/GJLzmM4C#53,
0Kf1S,5r1k/ppp3pp/8/7n/1PB1N3/PN2RnPK/1R3P2/3r4 w - - 1 34,h3g4 f3e5 g4h3 e5c4 b2e2 c4e3,1889,76,94,15439,advantage fork long middlegame,https://lichess.org/2PFKmJ3k#67,
0RdMv,3r2k1/1p3pPp/pb3r2/6q1/3pR3/1N3Q1P/PP3PP1/3R2K1 w - - 3 22,f3g4 g5g4 e4g4 d4d3,1207,77,94,12786,advantage master middlegame short,https://lichess.org/aAautgnM#43,
01Qf0,2r1r1k1/1p2b1p1/p2p1pPp/2nPpP1Q/3pP3/1P1q3P/P2B2B1/R4RK1 w - - 0 22,d2h6 g7h6 h5h6 d3e3 h6e3 d4e3,1829,75,87,113,advantage exposedKing long middlegame,https://lichess.org/A3EsrxaJ#43,
0ZbMc,2k2br1/pbq5/1pn1pp1p/3p4/1PpP4/P1P1B1rP/3N1P1N/R2Q1RK1 w - - 0 19,f2g3 c7g3 g1h1 g3g2,1324,76,95,14141,fork mate mateIn2 middlegame short,https://lichess.org/TO3jIToN#37,French_Defense French_Defense_Advance_Variation
0Ar6p,3r2k1/pp3pp1/2p1p2p/4P2P/8/1Q1b2N1/1qPr2P1/2R1R1K1 b - - 7 26,d2g2 g1g2 b2b3 c2b3,821,90,80,337,advantage hangingPiece middlegame short,https://lichess.org/hOOawFpe/black#52,
0MA8M,5rk1/p3q2p/Qp2b3/4B1p1/2BP4/5P1P/P1P4K/8 b - - 0 34,f8f3 a6c8 g8f7 c4e6 e7e6 c8b7,2003,74,97,2117,advantage endgame long pin,https://lichess.org/34p5L9lA/black#68,
05ox7,rnb1k1nr/ppppqppp/8/b3N3/4P3/P7/1PPP1PPP/RNBQKB1R w KQkq - 1 5,b2b4 e7e5 d2d4 e5e4 c1e3 a5b6,1411,79,88,158,advantage hangingPiece long opening,https://lichess.org/xP0U5P9e#9,Kings_Knight_Opening Kings_Knight_Opening_Other_variations
07eDk,r2qkb1r/pppb1ppp/2n2n2/1B1p2B1/4P3/2Q2N2/PPP2PPP/RN2K2R w KQkq - 0 8,e4e5 f8b4 b5c6 b4c3,1859,76,96,8702,advantage opening pin short,https://lichess.org/TYfW4OI2#15,Ruy_Lopez Ruy_Lopez_Steinitz_Defense
0Qg8N,r3k1nN/5ppp/p3p3/2bp4/3q2P1/P4P1P/2PB4/R2QK2R w KQq - 1 19,h1f1 d4e5 d1e2 e5a1,1576,74,93,11306,crushing deflection middlegame short,https://lichess.org/W1gFFK41#37,Scandinavian_Defense Scandinavian_Defense_Blackburne-Kloosterboer_Gambit
0EFFe,4q1k1/p4pp1/Q6p/3p4/3PrP2/4PR2/P3r2P/2R4K b - - 4 26,e2e3 f3e3 e4e3 c1c8,1946,77,93,11472,advantage endgame pin short,https://lichess.org/Tm6WbTwp/black#52,
0EYTd,r1b1qb1r/2ppk1pp/p4n2/np2N1Q1/3PP3/2N5/PPP2PPP/R1B1K2R b KQ - 4 11,d7d6 c3d5 e7d8 d5f6 g7f6 g5f6,1526,74,94,22168,advantage deflection long opening pin,https://lichess.org/r2iOHFYq/black#22,Ruy_Lopez Ruy_Lopez_Morphy_Defense
03oNr,q3k2r/2p1bpp1/1p1p4/p6b/4P3/P1PP3P/5P2/R1BQ1RK1 w k - 0 20,d1d2 h5f3 d2e3 h8h3 e3f3 h3f3,1682,75,95,3222,crushing discoveredAttack long middlegame,https://lichess.org/kdzz4zDS#39,
08Cgg,2r5/8/7p/8/2Bk2pP/1p4P1/5P2/1R4K1 b - - 0 52,d4c4 b1c1 c4d3 c1c8,756,79,65,126,crushing endgame master rookEndgame short skewer,https://lichess.org/ltjoTxd0/black#104,
0Skdp,r4r2/1p4p1/p2Npp1p/8/2PP4/P4PB1/1Pbbk1PP/3R1RK1 w - - 9 27,f1f2 e2d1 f2f1 d1e2,1461,75,90,926,advantage hangingPiece middlegame short,https://lichess.org/U9tx4zU1#53,
0SdzH,r3k2r/1pp1npb1/p5pp/N3p3/3qP3/BP1B1Q1P/P4PP1/4R1K1 b kq - 4 19,d4c3 d3b5 a6b5 f3c3,1365,75,97,3913,advantage discoveredAttack middlegame short,https://lichess.org/KwyCOMXH/black#38,
01g9q,r2qr1k1/pp3ppp/2pb1nb1/3p4/3Pn1PN/2PBB2P/PPQN1P2/2KR3R b - - 2 14,e4f2 e3f2 g6d3 c2d3,1445,77,66,109,advantage hangingPiece middlegame short,https://lichess.org/OEjSdJcr/black#28,French_Defense French_Defense_Knight_Variation
0TC2z,2r3k1/2p3p1/p3p2p/1pR1N1q1/3Pb2r/P5PP/1P2QP1K/5R2 w - - 2 27,g3g4 g5f4 h2g1 h4h3,1475,75,93,4146,crushing deflection middlegame short,https://lichess.org/lN6T7J2D#53,
0Ie6m,r3q3/pp2r1pk/4p2p/3p4/3P4/2P1Q1RR/PP4PP/6K1 b - - 8 28,e7f7 g3g7 f7g7 e3h6 h7g8 h6h8 g8f7 h3f3 f7e7 h8g7,1908,77,93,2084,crushing deflection endgame sacrifice veryLong,https://lichess.org/G8pecaoI/black#56,
0T9zz,5rk1/4pp2/2pp2p1/p1p3NR/P1P1PP2/1q1P2Q1/6K1/8 b - - 0 25,g6h5 g5e6 g8h8 g3g7,1305,74,92,10376,discoveredAttack endgame mate mateIn2 short,https://lichess.org/LLE1Yt9o/black#50,
0F2a2,r4kr1/p4p1p/b1Q1pq2/2Pp2b1/3PnB2/4P1P1/P4P1P/RN2K2R w KQ - 1 18,c6a8 f8g7 f4e5 g8a8,1511,79,94,15052,advantage defensiveMove discoveredAttack middlegame short,https://lichess.org/RKrVCrOb#35,Indian_Defense Indian_Defense_Other_variations
06g0q,r1b1kr2/2pqnpb1/pp1p3p/3Pp2Q/2P1P2B/2NB3P/PP4P1/R4RK1 w q - 5 18,f1f7 f8f7 a1f1 e7g8,1740,74,94,7716,advantage defensiveMove middlegame short,https://lichess.org/dEtn4IXp#35,Pirc_Defense Pirc_Defense_Other_variations
04HsY,2r5/p4pk1/1p2pqp1/3b4/6Q1/1Pr3N1/P4PPP/1R3RK1 b - - 6 26,c3c2 g3h5 g7f8 h5f6,995,83,93,3432,crushing middlegame pin short,https://lichess.org/bgPsxSvn/black#52,
0GHez,r3r1k1/2q1bppp/p2p4/1ppP4/1n3P2/1P3N1P/1PP2QP1/R1BR2K1 b - - 2 18,e7f6 c2c3 a6a5 c3b4,1529,75,74,125,advantage middlegame short trappedPiece,https://lichess.org/hNW77G98/black#36,Bishops_Opening Bishops_Opening_Ponziani_Gambit
04coX,6k1/1p1b1pp1/p2P3p/8/3P2P1/1P5P/1r3P2/2R3K1 b - - 2 28,d7c6 c1c6 b7c6 d6d7,1290,76,98,1730,advancedPawn advantage endgame sacrifice short,https://lichess.org/KY6fwdpY/black#56,
0BFeV,2qrr1k1/pp3pp1/2p2n1p/8/2bPPB2/P4PP1/1P4BP/R2QR1K1 w - - 1 24,f4e5 e8e5 d4e5 d8d1,1241,76,91,6744,advantage master middlegame short,https://lichess.org/px3fg0jN#47,
03NHo,8/6p1/5p1p/4n3/6kP/1R4P1/2PK4/8 w - - 5 43,b3e3 e5c4 d2e2 c4e3 e2e3 g4g3,1084,76,98,2834,advantage endgame fork long,https://lichess.org/L9JW25Vd#85,
0GOAv,r1br2k1/ppp1b2p/4pqpB/8/5RQ1/3B4/P4PPP/3R2K1 b - - 3 20,e6e5 d3c4 g8h8 d1d8 e7d8 f4f6,1923,75,95,15162,crushing discoveredAttack kingsideAttack long middlegame,https://lichess.org/tAdyM89l/black#40,
0CkWo,6k1/pp1r3R/6p1/2p2b2/5B2/6P1/P4PP1/3rR1K1 w - - 1 27,e1d1 d7d1 g1h2 g8h7,947,79,95,983,advantage endgame master short,https://lichess.org/ekOqzUlg#53,
0UuCv,5Qrk/1p5p/p2pb2B/2p1q3/2PpP3/3P4/PP4PP/R5K1 w - - 1 23,f8e7 g8g2 g1g2 e6h3 g2h3 e5e7,1628,77,95,21524,advantage attraction discoveredAttack endgame kingsideAttack long sacrifice,https://lichess.org/Do37d9U6#45,
0XZ9r,1R6/2p1rrkp/3p2p1/3Pp1P1/3R4/P1n1B1P1/4PPK1/8 b - - 4 35,e5d4 e3d4 e7e5 d4c3,1424,79,96,19115,crushing endgame fork master masterVsMaster pin short,https://lichess.org/Wrk4Wj09/black#70,
0EpFM,r4rk1/pp4pp/2p1p3/2npqp2/4P3/2N3R1/PP1B1QKP/5R2 b - - 0 23,f5e4 f2c5 f8f1 g2f1,2000,77,88,783,advantage hangingPiece middlegame short,https://lichess.org/9R5bi92n/black#46,
07M1s,4k2r/pp1rP1pp/n3Qpq1/2p2n2/P7/2P3P1/2P2P1P/R1B1R1K1 b k - 2 21,d7e7 e6c8 e8f7 e1e7 f5e7 c8h8,1606,75,95,13468,advantage discoveredAttack exposedKing long middlegame,https://lichess.org/K6fUyt9z/black#42,
0WPYk,8/1p3p1p/p2p1kp1/2rPp3/P1r5/2P4P/1P1R1KP1/R7 b - - 6 33,c5a5 b2b4 a5a4 a1a4,1378,74,95,31253,advantage endgame rookEndgame short trappedPiece,https://lichess.org/hMBmqywk/black#66,
0SPIa,3r1rk1/bb3ppp/p3p3/1p2q3/1P2B3/P7/3NQPPP/R4RK1 b - - 0 21,d8d2 e4h7 g8h7 e2e5,1217,76,93,8855,advantage discoveredAttack kingsideAttack middlegame short,https://lichess.org/6MNE8zMf/black#42,
0Kx6o,r3nrk1/2qb1pp1/4p2p/3p3Q/3B4/P1PB4/2P2PPP/R4RK1 w - - 0 18,h5g4 e6e5 d4e5 d7g4 e5c7 e8c7,1571,79,95,17522,advantage discoveredAttack long middlegame,https://lichess.org/bUFwYcFN#35,Sicilian_Defense Sicilian_Defense_Open
0JlJf,r7/2q2k1p/p1p3p1/2PpRb2/5Q2/8/PPP2PPP/6K1 b - - 0 22,a8e8 e5f5 g6f5 f4c7,1361,74,96,21986,crushing discoveredAttack endgame short,https://lichess.org/mfoZBSBQ/black#44,
09Nmb,r4r2/2q2pbk/1pp1b1pp/p1p1p3/P1N1Pn2/1PQPBN1P/2P2PP1/R4RK1 w - - 7 17,c4e5 f4e2 g1h1 e2c3,969,81,100,784,advantage fork master middlegame short,https://lichess.org/tr2eGC8r#33,Sicilian_Defense Sicilian_Defense_Nyezhmetdinov-Rossolimo_Attack
024qM,r1q2rk1/2p3p1/pbp2n2/7P/7B/2N2Q1N/PP3P2/R2R2K1 w - - 0 24,g1h2 f6g4 h2g2 f8f3,1077,78,91,261,crushing discoveredAttack middlegame short,https://lichess.org/C98IYThi#47,
02Inh,3rkb1r/pb2pppp/5q2/3N4/8/3Q1P2/PPP3PP/2KR1B1R b k - 0 13,b7d5 d3b5 d5c6 d1d8 e8d8 b5b8,1590,77,89,5228,attraction crushing discoveredAttack long middlegame,https://lichess.org/BXTsRpDm/black#26,Sicilian_Defense Sicilian_Defense_Open
0N2Hn,r1b2rk1/pppp1pp1/3b1q1p/4n3/3QP3/2N4N/PPP2PPP/R3KB1R w KQ - 0 10,c3d5 e5f3 g2f3 f6d4,1091,77,90,1353,crushing discoveredAttack opening short,https://lichess.org/bJGlVtUH#19,Center_Game Center_Game_Other_variations
0H8OM,r3r1k1/5ppn/p2b2b1/1pp3P1/1N1PPPq1/P1PQ4/1P1B2B1/R4RK1 w - - 0 25,b4c6 g6e4 d3h3 g4h3 g2h3 e4c6,1670,75,95,17601,advantage long middlegame,https://lichess.org/l7z5BVUy#49,
06iAT,5r1k/6bp/3p4/P2q4/1P6/4P1P1/6QP/2R2q1K w - - 0 35,c1f1 f8f1,908,76,99,534,endgame mate mateIn1 oneMove pin,https://lichess.org/lOg6mfQu#69,
0Z6DD,1r4k1/q4r1p/2pp2p1/p3b1N1/Pn2P1n1/Q1N5/1PP3P1/R1B2R1K w - - 0 20,f1f7 g4f2 f7f2 a7f2,1238,76,93,629,advantage kingsideAttack middlegame short,https://lichess.org/z2Iz4FuF#39,
0H1vP,r4rk1/p3bppp/1qn1pn2/3p4/3P4/P1NQ4/1P1BNPPP/R4RK1 b - - 0 14,b6b2 f1b1 b2b6 b1b6,1621,72,94,12494,advantage middlegame short trappedPiece,https://lichess.org/RDdDOBk1/black#28,Horwitz_Defense Horwitz_Defense_Other_variations
0ECYh,5k2/pp3pp1/4pq2/6NQ/3r4/P5P1/1P3P1P/6K1 b - - 1 26,d4d5 g5h7 f8e7 h7f6,1664,76,95,26199,advantage endgame fork short,https://lichess.org/OWQp2R8b/black#52,
04cQs,2k4r/ppqb1Q2/1np5/8/2P2P1p/1B2N2P/PP4r1/R4RK1 w - - 0 22,g1g2 d7h3 g2h3 c7f7,1148,79,92,2173,advantage discoveredAttack middlegame short,https://lichess.org/CqbVjlBI#43,
0QEht,r6r/1pp2k2/1b2b1p1/pP2P3/P3nP1Q/N1P5/6PP/R4R1K w - - 3 24,h4e1 h8h2 h1h2 a8h8 e1h4 h8h4,1690,73,95,16905,attraction kingsideAttack long mate mateIn3 middlegame sacrifice,https://lichess.org/mutYiYKU#47,
0JVNs,8/1p6/2p4k/p1Pp1p2/5qNK/PP2rp2/6R1/Q7 b - - 1 44,f5g4 a1h8 h6g6 g2g4,1633,76,94,17325,advantage endgame intermezzo short,https://lichess.org/edt466lN/black#88,
08sWB,2r2r2/1R5p/3R2pk/N1p1p3/2P5/4b3/P5Q1/4KBq1 b - - 0 35,f8f1 g2f1 e3f2 e1e2,901,78,100,681,advantage master middlegame short,https://lichess.org/JkeiEFTJ/black#70,
07Oac,8/1r6/p1PBPk2/8/4p3/8/1P5P/7K b - - 0 39,b7b2 d6e5 f6e5 c6c7 b2c2 e6e7 c2c7 e7e8q,2342,75,92,4065,advancedPawn crushing endgame master promotion sacrifice veryLong,https://lichess.org/yE31Yxjy/black#78,
0QNjF,rn2k2r/pp3ppp/2p1p3/3pPb1q/3P1Pn1/2N1B2P/PPP1K1P1/R2Q1B1R w kq - 4 11,h3g4 f5g4 e2d2 g4d1 h1h5 d1h5,1524,77,96,24854,advantage long opening skewer,https://lichess.org/FBxbQ3lJ#21,Caro-Kann_Defense Caro-Kann_Defense_Advance_Variation
0O2po,r1b2r2/pp4kp/2pb1n1q/2N1Np2/2BP4/6P1/PP3PP1/2RQ1RK1 w - - 2 22,c5e6 c8e6 c4e6 d6e5 d4e5 f6g4,1882,75,94,9018,advantage long middlegame,https://lichess.org/kP6n0tuy#43,
0O8Jq,2n5/p1Qq2kp/1r1P1pp1/5p2/8/5N1P/5PP1/3R2K1 b - - 2 32,b6b7 c7b7 d7b7 d6d7,1577,75,94,2059,advancedPawn advantage endgame master masterVsMaster sacrifice short,https://lichess.org/iBxV1mZl/black#64,
04f3m,8/8/k5r1/pp3b2/3Q4/6K1/PP6/8 w - - 0 54,g3f4 g6g4 f4e5 g4d4,717,79,100,104,crushing endgame short skewer,https://lichess.org/btZbvLnB#107,
00rEz,r1bqk2r/ppp2ppp/3p4/4p2n/2PBP2b/5PN1/PP4PP/RN1QKB1R b KQkq - 0 9,h5g3 h2g3 h4g3 d4f2 g3f2 e1f2,1470,74,93,2137,advantage long opening,https://lichess.org/KJUAVfza/black#18,Kings_Pawn_Game Kings_Pawn_Game_Maroczy_Defense
08Yg1,8/pp1b2p1/2pk3p/3pN3/3PqPPb/1PN5/PK1R4/5R2 b - - 6 35,e4e3 d2d3 e3d3 e5d3,2170,76,87,134,advantage middlegame short trappedPiece,https://lichess.org/OaTIohe4/black#70,
0LWCD,5rk1/8/7p/3nq1p1/1PQ1Np2/P2p4/5KP1/3R4 b - - 2 42,f8e8 c4d5 e5d5 e4f6 g8f7 f6d5,1517,75,96,12921,attraction crushing endgame exposedKing fork long sacrifice,https://lichess.org/UOVgxFSE/black#84,
0HXST,2k1r3/pp3ppp/8/4nb2/8/2Pr1N2/PP1N1PPP/R1K1R3 b - - 1 17,d3d2 c1d2 e5f3 g2f3,2118,76,87,184,advantage hangingPiece middlegame short,https://lichess.org/5IWNRcls/black#34,Scandinavian_Defense Scandinavian_Defense_Blackburne-Kloosterboer_Gambit
03wAt,2b2rk1/1pp3b1/n2p2B1/3P2N1/qPP2p2/7P/5PP1/1Q3RK1 b - - 0 24,a4b4 g6h7 g8h8 b1g6 b4c3 g6h5,2530,83,90,1692,clearance crushing defensiveMove long middlegame,https://lichess.org/ygIinoK7/black#48,
0Vl99,r2n1rk1/pp2b2p/2p1qp2/4P3/3PN3/2P5/PPQ2RPP/5RK1 b - - 1 20,f6e5 f2f8 e7f8 e4f6 e6f6 f1f6,1763,74,84,177,advantage kingsideAttack long middlegame,https://lichess.org/lFdBP3pd/black#40,
085AY,8/4k3/8/p5rp/R7/3KP3/P7/8 w - - 0 38,d3e4 g5g4 e4f3 g4a4,787,80,100,510,crushing endgame rookEndgame short skewer,https://lichess.org/6nM0IcK1#75,
0WDU1,r1b2rk1/pp3ppp/2n2b2/qB1p4/3N4/2N1P3/PP3PPP/R2Q1RK1 w - - 4 12,c3d5 c6d4 d5f6 g7f6 d1d4 a5b5,1311,75,90,1459,advantage long opening,https://lichess.org/NUKIEZcQ#23,Queens_Gambit_Declined Queens_Gambit_Declined_Traditional_Variation
0WNTU,r4b1r/pp1n2k1/1q2p1pp/3p4/3P1Q1B/2P2P1P/PP3P2/2KR2R1 b - - 3 20,f8d6 g1g6 g7g6 d1g1 g6h7 f4f7,1711,72,97,18003,attraction long mate mateIn3 middlegame sacrifice,https://lichess.org/NQWGIaxe/black#40,
02Ra0,r1b2b1r/ppNp1k1p/2n2p2/8/8/5N2/PqP1PPPP/R2QKB1R w KQ - 1 10,c7a8 f8b4 f3d2 b4d2 d1d2 b2a1,1415,76,95,25767,advantage long middlegame,https://lichess.org/cZU1eXrX#19,Englund_Gambit_Complex Englund_Gambit_Complex_Englund_Gambit
0JoxS,3r1b1r/2pkpppp/p2nb3/1p6/P4B2/3N1N2/4KPPP/2R4R b - - 2 21,f7f6 d3c5 d7e8 c5e6,1061,88,95,802,crushing deflection middlegame short,https://lichess.org/EY7fiu07/black#42,
04EiV,8/p2k4/1p4R1/2p2Pp1/2P3P1/3p1PK1/PP6/7r w - - 0 38,g3g2 d3d2 g2h1 d2d1q,885,79,99,825,advancedPawn crushing endgame promotion rookEndgame short,https://lichess.org/fw4YSAr4#75,
066HE,r3k2r/1p3pp1/p3p1p1/4R3/2Pp2n1/1P1P1B1q/P4P2/RN1Q2K1 w kq - 2 21,e5g5 h3h2 g1f1 h2f2,980,78,96,3670,kingsideAttack mate mateIn2 middlegame short,https://lichess.org/TyeN4ZOm#41,
0C79A,8/1R2k1p1/6Pp/3pK2P/3Pp3/5p2/5r2/8 b - - 1 46,e7e8 e5d6 f2c2 b7b8 c2c8 b8c8,2104,74,94,9999,endgame exposedKing long mate mateIn3 rookEndgame,https://lichess.org/eyRa905P/black#92,
0Qp3v,3r1rk1/1p1q2pp/4p3/p1p1PbP1/2PnpPB1/PP2Q2P/1B4K1/3R1R2 w - - 5 25,d1d2 f5g4 h3g4 d4f5 g4f5 d7d2,1887,74,92,721,crushing discoveredAttack long middlegame,https://lichess.org/IGYSANP2#49,
0C9ct,8/8/2Q5/p5p1/Pq6/1k4K1/6P1/8 w - - 4 46,c6d7 b4f4 g3h3 f4h4,1325,76,95,19115,endgame mate mateIn2 queenEndgame short,https://lichess.org/ChD5nKzB#91,
0LPDY,6r1/p1p5/2p1k1q1/3pP1r1/5pN1/2P2B1Q/P4K2/6R1 b - - 12 37,e6e7 g4f6 g6c2 f3e2 g5e5 f6g8,1897,80,88,124,advantage defensiveMove long middlegame,https://lichess.org/RteqfYBN/black#74,
0CQfb,2r4k/pp2b1pp/2n2r2/3p4/2pP1B2/2P5/P1P1N1PP/R4RK1 w - - 0 18,f4g5 f6f1 a1f1 e7g5,783,94,94,390,crushing discoveredAttack kingsideAttack middlegame short,https://lichess.org/r6Vnym0O#35,Vienna_Game Vienna_Game_Vienna_Gambit
0SXuz,5r1k/6rp/p2q1b2/1ppP1Bp1/2P1p1Q1/7R/PP4PP/5RK1 w - - 0 33,h3h6 f6d4 g1h1 d6h6,1248,77,94,159,advantage discoveredAttack middlegame short,https://lichess.org/eiEW2VxM#65,
03vYY,4r2k/R3N2p/6p1/1p6/1Bbb1P2/5P1P/3K2P1/8 b - - 1 37,d4a7 b4c3 a7d4 c3d4,1171,78,95,6369,endgame master masterVsMaster mate mateIn2 short,https://lichess.org/TwYZufKw/black#74,
0FaHf,5rk1/pp2R1pp/2p2n2/1r6/1P2N3/P4P2/6PP/R6K b - - 6 32,f8f7 e7f7 g8f7 e4d6 f7e7 d6b5,1813,73,95,13885,attraction crushing endgame fork long,https://lichess.org/sebGRtNp/black#64,
0TPv5,8/3R3p/8/4k1pB/1N2pp2/7P/6PK/2q5 b - - 1 42,c1e1 b4d3 e4d3 d7e7 e5d6 e7e1,1828,75,94,3613,crushing endgame long sacrifice skewer,https://lichess.org/6rUAqj3P/black#84,
0TUak,r1b2rk1/1p4p1/1n1bpqPp/2ppN2P/5B2/pPnPN1Q1/P3PPB1/R3K2R w KQ - 2 22,e3g4 f6f4 g3f4 f8f4,1347,75,96,11272,advantage middlegame short,https://lichess.org/GrThBkx1#43,
01vUA,r4rk1/p1pN3p/1p2pppP/8/8/2B5/PPP3b1/2K2R1R b - - 1 23,f8f7 d7f6 f7f6 c3f6,2154,75,90,2450,advantage kingsideAttack middlegame short,https://lichess.org/hRdjeCoO/black#46,
0CWTj,3R3k/6pp/p1q3r1/4rp2/1Q2bR2/P3P3/6PP/6K1 b - - 1 34,e5e8 b4f8 e8f8 d8f8,1276,73,96,31334,backRankMate mate mateIn2 middlegame sacrifice short xRayAttack,https://lichess.org/zudWeX8Q/black#68,
0BlqB,3r1r1k/6b1/p2p4/2p1nN1Q/1p2n3/7P/PP4P1/R5K1 b - - 5 30,h8g8 f5e7,899,76,97,2033,mate mateIn1 middlegame oneMove,https://lichess.org/NmuFvtmC/black#60,
0WEq0,5r2/2q2pk1/p2b2pp/8/4Bp2/7Q/PrP2PPP/3R1RK1 w - - 2 27,d1d6 c7d6 h3c3 d6f6,1371,74,92,2358,advantage hangingPiece middlegame short,https://lichess.org/c8vzXmvm#53,
0CZsI,8/8/1KQ5/8/1p2k3/8/8/1q6 b - - 3 58,e4d3 c6g6 d3d4 g6b1,1305,78,93,5493,crushing endgame master queenEndgame short skewer,https://lichess.org/bfI7D8Qp/black#116,
07lQK,r1br2k1/1pq2pbp/2p2np1/p1n5/P1P5/2BBPN2/1PQ2PPP/RN1R2K1 w - - 5 15,d3e2 c8f5 d1d8 a8d8,1845,75,90,425,advantage opening short,https://lichess.org/nTz3tsXT#29,Kings_Indian_Defense Kings_Indian_Defense_Normal_Variation
07e4t,1r1qkbnr/1b1p1ppp/p3p3/4P3/2p5/2NPB1Q1/PPP2PPP/R3K2R b KQk - 1 12,f8b4 g3g7 b4f8 g7h8,1130,81,93,5988,advantage middlegame short trappedPiece,https://lichess.org/eSg4HArt/black#24,Sicilian_Defense Sicilian_Defense_Closed
0CsSG,r7/8/5p1p/PK1k1p2/5P2/6P1/1R5P/8 w - - 3 39,a5a6 a8b8 b5a4 b8b2 a6a7 b2a2,1054,79,95,212,crushing endgame long rookEndgame skewer,https://lichess.org/uKcpg2Ax#77,
09sDb,3r1rk1/5ppp/p1p5/5q2/1P1bn3/P1P4P/4NPP1/R2QR1K1 w - - 0 21,e2d4 f5f2 g1h1 e4c3 d1f3 f2d4,2138,78,91,1408,advantage capturingDefender long middlegame,https://lichess.org/ERbXKRCN#41,
0IEWh,4k3/6RN/4p1p1/5p2/3r4/n5P1/5PKP/8 b - - 2 32,d4d7 h7f6 e8f8 g7d7,1386,75,97,20274,crushing deflection endgame fork short,https://lichess.org/AyfxziDh/black#64,
0Iwbx,rnb1k2r/pp2bppp/2p5/3q4/3P1B2/5N2/PPP3PP/R2QKB1R w KQkq - 0 9,b2b3 d5e4 f1e2 e4f4,1828,76,94,14538,advantage fork opening short,https://lichess.org/2fwiJfwu#17,Kings_Gambit_Accepted Kings_Gambit_Accepted_Abbazia_Defense
07e02,2q2r2/3kp3/p1ppn1Q1/N1P3b1/1P6/5p1b/PB2P2P/1R1R3K w - - 0 33,e2f3 h3g2 h1g2 e6f4 g2h1 f4g6,2256,77,96,1102,advantage attraction fork long middlegame sacrifice,https://lichess.org/EgLGojnJ#65,
0H9u3,5rk1/5ppp/b3pn2/2pp4/rb6/PN2PP2/2K3PP/RN3B1R b - - 0 20,b4e1 f1a6 a4a6 h1e1,1880,76,96,9179,advantage discoveredAttack middlegame short,https://lichess.org/I3uJIgxS/black#40,
0CL0B,7k/1p4p1/1p3q1p/8/2Q5/1r4NP/2b3PK/4R3 b - - 1 35,b3c3 e1e8 h8h7 c4g8 h7g6 e8e6 f6e6 g8e6,1499,74,95,27603,advantage endgame pin veryLong,https://lichess.org/GUT8VWEu/black#70,
0PqAQ,4kr2/p2rb1pp/8/3pPQ2/3Pn2q/2P1P3/PP1N2PP/R1B2RK1 w - - 1 17,f5h3 f8f1 d2f1 h4f2 g1h1 f2f1,1259,75,95,19095,deflection kingsideAttack long mate mateIn3 middlegame,https://lichess.org/4MH4aPwd#33,Queens_Pawn_Game Queens_Pawn_Game_Mason_Attack
0AMJw,6k1/2q2pp1/pp3n1p/7r/2pR1Q2/P4P2/1PB3P1/6K1 b - - 1 29,c7f4 d4d8 f6e8 d8e8,695,77,98,1044,endgame mate mateIn2 short,https://lichess.org/9kzVQjIh/black#58,
09PzW,r2q1rk1/pp2npp1/4p2p/1Bbpn3/7B/P5Q1/1PP2PPP/RN3RK1 b - - 1 13,d8d6 h4e7 d6e7 g3e5,1189,75,94,3534,advantage middlegame short,https://lichess.org/TdMlWDRt/black#26,Caro-Kann_Defense Caro-Kann_Defense_Other_variations
0VTpy,2kr3r/2p2Qpp/1b6/4p3/8/1KPq4/1P5P/R1B4R b - - 1 25,d3d5 f7d5 d8d5 a1a8 c8b7 a8h8,1395,76,94,1712,crushing long middlegame skewer,https://lichess.org/AY4Svkhy/black#50,
0MiBR,7k/pp5p/8/3p4/3P1qr1/2P4Q/PP4P1/R6K w - - 3 33,h3f3 g4h4 h1g1 f4h2 g1f2 h4f4,1069,80,94,3197,advantage clearance endgame long pin,https://lichess.org/yCQEUuD3#65,
0EbtS,r2r2k1/pb3ppp/1p2pb2/2p1N2P/3q4/1P1P1PB1/2P1Q1P1/4RR1K b - - 0 21,f6h4 c2c3 d4d5 g3h4,1976,74,95,9759,advantage master middlegame short,https://lichess.org/uz8aGECc/black#42,
03yA0,r3kb1r/ppp2ppp/2n1pn2/7q/3P2b1/2N2N1P/PPP1BPP1/R1BQK2R w KQkq - 0 8,c1g5 g4f3 g5f6 f3e2 d1e2 h5e2,1354,76,91,2467,advantage long opening,https://lichess.org/Ok7P1lNc#15,Scandinavian_Defense Scandinavian_Defense_Mieses-Kotroc_Variation
0ISvp,5r1k/6p1/1p1Q3p/b7/Pp1B2q1/3p2P1/6P1/2R3K1 b - - 1 36,g4f5 d6h6 f5h7 d4g7,1842,77,95,16047,crushing endgame pin short,https://lichess.org/xnEOgEQk/black#72,
0L97V,4r1k1/R1p2ppp/3p4/3Ppq2/1nP5/2N1nPPb/4N3/2BQR1K1 w - - 0 19,c1e3 f5f3 e2f4 f3g3,1867,77,90,977,advantage kingsideAttack middlegame short,https://lichess.org/NpRG56Hp#37,
0PPwj,2r3k1/p3qp1p/6p1/2p1Pp1P/2Q5/2P5/PP1r1PR1/6RK b - - 0 35,e7e5 h5g6 h7g6 g2g6 g8f8 g6g8 f8e7 g8c8 e5e4 c4e4,1781,76,96,6758,crushing endgame pin skewer veryLong,https://lichess.org/ia2JGT1A/black#70,
09Xpo,2b1r1k1/4pp1p/3p1npB/3q2P1/2Q5/5Pr1/1P2B2K/1R3R2 b - - 2 29,d5f5 h2g3 f5h3 g3f2,1680,74,93,4204,advantage hangingPiece middlegame short,https://lichess.org/PBeGbBrU/black#58,
0D4YP,3k4/8/8/8/1p6/5qp1/2R5/2R3K1 b - - 2 50,b4b3 c2d2 d8e8 c1e1 e8f7 e1f1,1777,74,96,13820,crushing endgame exposedKing long pin queenRookEndgame,https://lichess.org/RGMh5Hzg/black#100,
0D3Pa,r1b1k2r/pppp1ppp/1qn2n2/2b5/1PB1P3/2PPBQ2/P4PPP/RN2K1R1 w Qkq - 3 12,b4c5 b6b2 f3e2 b2a1,1298,76,95,22727,advantage opening pin short trappedPiece,https://lichess.org/uIYKVzG2#23,Italian_Game Italian_Game_Blackburne-Kostic_Gambit
0BKc3,8/8/p5R1/k1N1p3/P4b2/1K1P4/5P2/1r6 w - - 3 43,b3c2 b1c1 c2b3 c1c5,973,93,94,485,advantage endgame master short skewer,https://lichess.org/yaAfMzbV#85,
03726,r3q2k/6b1/p5pp/1nQ1Nr2/5P2/2P5/PP4PP/R3R1K1 b - - 0 23,a8c8 e5g6 e8g6 c5c8,1200,78,94,983,advantage deflection kingsideAttack master masterVsMaster middlegame short,https://lichess.org/chVzwZ2c/black#46,
07Yag,1k6/1p5q/p1Q5/4p2r/P1P5/3P2Pr/5P2/1R2R1K1 w - - 1 34,g1f1 h3h1 f1e2 h1e1 e2e1 h5h1 e1d2 h1b1,2396,94,91,999,attraction crushing endgame skewer veryLong,https://lichess.org/m7vLK1MP#67,
00Rcs,3k4/ppp2p1r/4p2P/5n2/3Pp1N1/2P2K2/P1P3P1/7R w - - 0 30,f3e4 f5g3 e4f4 g3h1,849,89,95,2246,crushing endgame fork short,https://lichess.org/6z8dEdCK#59,
0DGl1,1r3rk1/1bp1bpp1/p6p/2p2q2/4N3/2PQ2P1/PPB2P1P/2RR2K1 b - - 4 23,b8d8 e4f6 e7f6 d3f5,991,81,94,1142,crushing discoveredAttack kingsideAttack middlegame short,https://lichess.org/uabsygWU/black#46,
01s5n,3r4/p4ppk/2q4p/2NpPb2/1P1Q4/2P2P2/P6P/3R3K w - - 11 41,c3c4 d5c4 d4d8 c6f3,1102,81,83,333,advantage discoveredAttack endgame pin sacrifice short,https://lichess.org/vJr2AQeC#81,
0Z3fF,2r1b1k1/pR2Bpbp/4p1p1/2p1P3/2p3P1/q1P2Q1P/5PB1/6K1 b - - 3 27,e8c6 f3c6 c8c6 b7b8,1543,75,91,772,advantage middlegame sacrifice short,https://lichess.org/lVRLixla/black#54,
05Nbl,6k1/1p1n1pbp/1q1p1np1/4P1B1/p3P3/5B2/PP2NPPP/2Q3K1 b - - 0 20,d7e5 c1c8 g7f8 g5f6,1124,77,96,4926,advantage deflection middlegame short,https://lichess.org/LnQDFD8y/black#40,
0I4GW,6r1/k3r2q/Pp6/3Q4/1P3B2/7P/5p2/2R2R1K w - - 3 38,h1h2 h7h3 h2h3 e7h7 f4h6 h7h6 d5h5 h6h5,1561,75,97,13998,attraction mate mateIn4 middlegame sacrifice veryLong,https://lichess.org/AB5vCS4r#75,
0DWzD,8/Q4Pp1/1p2K1kp/2p5/8/5r1P/8/8 w - - 3 52,e6e7 f3f7 e7d6 f7a7,1036,77,100,531,crushing endgame queenRookEndgame short skewer,https://lichess.org/GxpE3fA9#103,
0NJ00,r6r/1p2k1Q1/1p2p2p/3p1q2/2nP4/8/PPP2PPP/4RRK1 b - - 0 20,f5f7 e1e6 e7e6 f1e1 e6d6 g7f7,1369,74,96,19530,attraction crushing deflection long middlegame pin sacrifice,https://lichess.org/IH88mQHF/black#40,
0I3Jn,kr5r/p1b5/2p1p1p1/2qnPpNp/P2P1PnP/2B2QP1/6B1/1R2R1K1 b - - 0 29,c5c3 f3c3 d5c3 g2c6,1961,77,89,921,capturingDefender crushing discoveredAttack master middlegame short skewer,https://lichess.org/Z8eGyI64/black#58,
0UaKd,4r3/pkp2ppp/2Nr4/3P4/3Rb3/1P5P/P2R2P1/2K5 b - - 9 28,e4d5 c6a5 b7b6 d4d5,1611,74,97,15795,advantage endgame intermezzo short,https://lichess.org/rXversDt/black#56,
0LJZh,5r2/1b1r1pkp/p3p3/6p1/1P4P1/PBPp4/3R1KP1/4R3 b - - 6 35,f8e8 b3a4 e8c8 a4d7,1555,73,94,25988,advantage endgame short,https://lichess.org/c88dVseN/black#70,
0Duxl,rkbq1b1r/1p3Bpp/p3pn2/n1p1p3/QP6/2P2N2/P2P1PPP/RNB2RK1 b - - 0 12,c8d7 a4a5 b7b6 a5a3,1615,75,85,1100,advantage opening short,https://lichess.org/MLCTlDCQ/black#24,Sicilian_Defense Sicilian_Defense_Bowdler_Attack
0PIQ2,1k5r/1pp1r3/p5p1/1b3pnp/2NP3R/P2BP1P1/1P3P2/1KR5 w - - 3 27,c4e5 e7e5 d4e5 b5d3,1596,74,92,476,advantage capturingDefender middlegame queensideAttack short,https://lichess.org/UStgobPO#53,
06Acy,r3kR2/p2b2p1/2p1p3/1p1pNp2/5n2/P7/1PP1B3/2K4R b - - 0 24,e8f8 h1h8 f8e7 h8a8,1606,76,90,436,advantage endgame short skewer,https://lichess.org/3ryjTkha/black#48,
06rHV,1k1r4/1pp1p3/6p1/1N6/5Pp1/P4n2/1PP1K2R/3R4 b - - 0 23,d8d1 h2h8 d1d8 h8d8,992,88,95,2640,endgame mate mateIn2 short,https://lichess.org/D6sevKno/black#46,
0Gdmy,rnb3k1/p1p3pp/1q3n2/7Q/2P5/3P4/PP3RPP/R1B3K1 w - - 3 15,h5e5 b6f2 g1f2 f6g4 f2g3 g4e5,1499,75,95,15703,attraction crushing fork long middlegame sacrifice,https://lichess.org/N9f2ZV4k#29,Russian_Game Russian_Game_Italian_Variation
06ZCX,r3k2r/pp3ppp/2n1b3/1BQ3n1/q2P4/P3P3/2R2PPP/3K2NR b kq - 4 15,a4a5 b5c6 b7c6 c5a5,1123,77,88,1434,crushing discoveredAttack middlegame short,https://lichess.org/ncECm58k/black#30,Queens_Gambit_Declined Queens_Gambit_Declined_Queens_Knight_Variation
04qZR,8/p4q1k/1p1b4/1P3rpp/3P4/6P1/1B2Q2P/4R1K1 w - - 2 30,e2e6 f5f1 e1f1 f7e6,1036,79,94,5812,crushing deflection endgame short,https://lichess.org/TqWNErou#59,
00AhO,r1b2rk1/2q2p1p/1p2pbp1/pP6/2P1Q3/P2B1N2/5PPP/3R1RK1 w - - 0 20,e4a8 c8b7 a8a7 f8a8 a7a8 b7a8,1366,75,95,2034,advantage clearance long master middlegame trappedPiece,https://lichess.org/9PjjgfVE#39,
0AopX,2kr2nr/3b1pp1/p1n1p2p/1p1pP3/1q1P4/1B3N2/P1Q2PPP/1RR3K1 b - - 3 16,c8b7 b3d5 e6d5 b1b4,1285,77,91,1158,advantage discoveredAttack middlegame short,https://lichess.org/yZxUmczx/black#32,French_Defense French_Defense_Advance_Variation
00hxr,r4rk1/pp3ppp/4p3/3pB1qB/Q1p5/2PbP3/PP1N1P1P/R3K2R w KQ - 0 15,e5g7 g5h5 a4d1 h5d1 a1d1 g8g7,1717,77,93,1494,advantage hangingPiece long middlegame,https://lichess.org/4QIugid6#29,Queens_Pawn_Game Queens_Pawn_Game_Accelerated_London_System
06WBO,6k1/rb2rpb1/p1q1pR1p/1p2B3/3P2QN/1P6/P2N2PP/6K1 b - - 8 27,c6c1 f6f1 f7f5 g4g7 e7g7 f1c1,2075,77,86,310,advantage defensiveMove long middlegame,https://lichess.org/VEh9JRJW/black#54,
0ZQHL,3r4/2r2kp1/1pP1R3/pB1P1p1p/P7/3K2n1/2RN2P1/8 w - - 3 40,d2f3 d8d5 f3d4 d5d4 d3d4 f7e6,1314,76,91,1579,advantage exposedKing long middlegame,https://lichess.org/M1caQNA7#79,
0Kkla,2k3r1/ppp2p2/2p2pqp/4P1r1/5Q2/3B4/PPP2Pb1/R5RK w - - 0 22,g1g2 g5h5 g2h2 g6g2,1897,75,95,10907,clearance kingsideAttack master mate mateIn2 middlegame pin short,https://lichess.org/jwfCHSXN#43,
0TgTo,r1bq2rk/5p1p/p2p1PpQ/2pPnN2/1pP2R2/5B1P/PP4P1/3N1nK1 b - - 1 25,c8f5 h6h7 h8h7 f4h4,1612,78,95,17295,attraction kingsideAttack mate mateIn2 middlegame sacrifice short,https://lichess.org/YWAKdHpt/black#50,
0WsUF,rnbqk2r/ppp2ppp/3b4/3pN3/3Pn3/8/PPPNQPPP/R1B1KB1R b KQkq - 2 6,e4d2 e5c6 d2e4 c6d8,1543,75,96,14497,crushing discoveredAttack opening short,https://lichess.org/YTwBHUam/black#12,Russian_Game Russian_Game_Damiano_Variation
0SCTT,r3kr2/1p2n1b1/p1n1Q1pp/qB1pP3/3P4/2N5/PP4PP/R1B2RK1 w q - 2 17,c3d5 f8f1 b5f1 a5d5 e6d5 e7d5,1961,75,93,618,advantage kingsideAttack long middlegame,https://lichess.org/NxS2gnU2#33,Sicilian_Defense Sicilian_Defense_Alapin_Variation
04Vom,r1bQ4/3p2pk/3B1p1p/pNP2P2/P3q3/3n4/1P4PP/R4RK1 w - - 0 27,d6f8 c8b7 f1f3 a8d8,1854,75,93,5774,crushing discoveredAttack middlegame quietMove short,https://lichess.org/TguJkcMT#53,
04HwQ,rn2kbnr/p6p/b1p1p1N1/3q1p1Q/PppPN3/4P3/1P3PPP/R1B1KB1R b KQkq - 0 11,h7g6 h5h8 f5e4 h8g8,2015,75,90,1512,advantage hangingPiece middlegame short,https://lichess.org/SWBWkth7/black#22,Semi-Slav_Defense Semi-Slav_Defense_Noteboom_Variation
0ZLzT,1k1r4/2p3p1/qp1pBb2/pN1P3p/2P1P1n1/P2Q2P1/1P3r1P/R1B3K1 b - - 7 27,f2h2 e6g4 h5g4 g1h2,1392,74,94,11653,advantage middlegame short trappedPiece,https://lichess.org/P4rtDJ90/black#54,
06xdw,r1b1nrk1/3p1pp1/p1n4p/1pQ1p3/1B2P3/3q1N1P/5PP1/3R1RK1 b - - 1 19,d7d6 c5c6 d3c4 c6a8,1953,75,92,763,advantage hangingPiece middlegame short,https://lichess.org/kwQjaKWy/black#38,
0TlJ1,r2q1rk1/1bp2ppp/n3p3/p1bpP3/B7/2N2P2/PP2N1PP/R1BQK2R w KQ - 0 14,e2d4 d8h4 g2g3 h4d4 d1d4 c5d4,1408,78,92,398,advantage long opening,https://lichess.org/nPjRXdfZ#27,Kings_Pawn_Game Kings_Pawn_Game_Other_variations
0B9iA,2r1brk1/6p1/4p1P1/ppbp1p1R/5B1q/2PBP2P/PP6/2KQ4 b - - 4 24,h4f2 h5h8 g8h8 d1h5 h8g8 h5h7,1262,74,95,21727,attraction kingsideAttack long mate mateIn3 middlegame sacrifice,https://lichess.org/nMds3cZ9/black#48,
0FJwr,r1br3k/pp3pp1/4p3/q3n1N1/4BQ2/2P4P/P4PP1/R5K1 b - - 4 22,f7f6 f4h4 h8g8 h4h7 g8f8 h7h8 f8e7 h8g7,1613,75,74,198,advantage deflection kingsideAttack middlegame veryLong,https://lichess.org/E0e1GvU6/black#44,
00p93,1k1r1b1r/n1p3p1/p5p1/1pn1P3/P2B2Pq/2P2Q1P/1PB1K3/R6R b - - 0 24,c5e6 d4a7 b8a7 a4b5 d8d2 e2d2,2146,75,94,11556,crushing long middlegame pin queensideAttack,https://lichess.org/TAw4No8T/black#48,
0EI8t,5rk1/2p3pp/Q4p2/1r1q4/1b6/1P5P/PB1P1PP1/R2R2K1 w - - 2 23,b2c3 f8a8 a6b5 d5b5,1875,75,95,15604,advantage middlegame short trappedPiece,https://lichess.org/39kMejrq#45,
01xVK,2b2rk1/3pbppp/3r4/q7/2p5/6P1/PPQ1PPBP/R1B1K2R w KQ - 2 16,c1d2 d6d2 c2d2 e7b4 d2b4 a5b4,1473,74,95,15161,crushing long master middlegame pin sacrifice,https://lichess.org/GXCpY5SI#31,Benko_Gambit_Accepted Benko_Gambit_Accepted_Fully_Accepted_Variation
01vlR,1r2k1nr/N3pp1p/6p1/8/8/8/PbP2PPP/R1B1K2R w KQk - 0 14,a1b1 b2c3 e1e2 b8b1,915,96,93,1522,crushing discoveredAttack middlegame short,https://lichess.org/VAGMnN9z#27,Sicilian_Defense Sicilian_Defense_Accelerated_Dragon
03I6Q,2r2rk1/1p3ppp/pqn1b3/2bpPp2/3N1P2/2P1BN2/P5PP/1R1Q1R1K b - - 8 17,b6c7 d4e6 f7e6 e3c5,1156,75,99,696,advantage discoveredAttack middlegame short,https://lichess.org/MCU0LaJS/black#34,French_Defense French_Defense_La_Bourdonnais_Variation
0NPKQ,1k4r1/p3pp2/5b2/Qb1rp3/2p5/R7/PqPB1PP1/3RK1N1 b - - 1 21,a7a6 a5b6 b8c8 a3a6 c4c3 a6a8,1843,77,89,703,advantage discoveredAttack long master middlegame queensideAttack,https://lichess.org/mcQvWXs7/black#42,
0PG72,r3k2r/p1qnbppp/2p2n2/1p2p1B1/4P3/P1N1Q3/BPP2PPP/3R1RK1 w kq - 8 15,f2f4 e7c5 e3c5 d7c5,1580,75,96,11306,crushing middlegame pin short,https://lichess.org/FhXyos71#29,Philidor_Defense Philidor_Defense_Other_variations
0KZ21,1B6/8/1P5K/5p2/1P2k1p1/P2r4/8/8 b - - 0 47,d3d7 b8c7 f5f4 b6b7 d7c7 b7b8q,1495,75,96,26895,advancedPawn advantage endgame long promotion quietMove,https://lichess.org/bzAdkiyx/black#94,
037Zo,4r3/1p2r1k1/p2p4/4bpp1/3B2n1/1BP3P1/PP2R2P/4R1K1 w - - 6 38,h2h3 e5d4 c3d4 e7e2 e1e2 e8e2,671,98,89,916,crushing discoveredAttack kingsideAttack long middlegame,https://lichess.org/mXCRSTqO#75,
09cMc,2kr3r/ppp2pp1/2p2n2/2q4p/2N1P1b1/3P4/PPPQBPPP/R3K2R w KQ - 4 13,e1c1 f6e4 e2g4 h5g4 d2e3 c5e3 f2e3 e4f2,1740,73,95,9910,advantage middlegame veryLong,https://lichess.org/b57d5g8y#25,Russian_Game Russian_Game_Stafford_Gambit
0Dv9N,2r2k2/p1q2p1Q/1pP1p2p/3p4/6P1/P3P3/5P2/2R3K1 b - - 1 30,c7d6 h7h8 f8e7 h8c8,699,85,83,329,crushing endgame short skewer,https://lichess.org/eSxznAjH/black#60,
0AGUY,r1k1r3/3R2pp/p1p1Bb2/1p2N3/n7/2P5/1P3PPP/4R1K1 w - - 6 22,d7a7 e8e6 a7a8 c8b7,1962,76,94,4891,crushing middlegame sacrifice short,https://lichess.org/ZZzuIehV#43,
0MoBR,R7/P7/8/5pp1/5k2/r6P/6PK/8 w - - 0 45,h2h1 f4g3 a8b8 a3a1 b8b1 a1b1,1397,73,96,22425,endgame long mate mateIn3 rookEndgame,https://lichess.org/oHcrraDU#89,
0E3lD,rn1qkb1r/pp3ppp/3pB3/7Q/4n3/8/PPP2PPP/RNB1K2R b KQkq - 0 8,d8f6 h5b5 b8c6 b5b7,1513,75,93,5126,advantage opening short,https://lichess.org/Rh6biUQd/black#16,Sicilian_Defense Sicilian_Defense_Modern_Variations
0Bwxu,r2qr1k1/pp1n1ppp/3p1b2/2pN1P2/8/3P1RQ1/PPP3PP/R1B4K b - - 4 15,d7e5 d5f6 d8f6 c1g5 f6g5 g3g5,1339,75,94,5699,crushing kingsideAttack long middlegame pin trappedPiece,https://lichess.org/XKvnNqrK/black#30,Sicilian_Defense Sicilian_Defense_Closed
0EFQs,r2q1rk1/pp2ppbp/5np1/3N4/P1Q1P3/7P/1P3PP1/R1B2RK1 b - - 0 15,a8c8 c4c8 d8c8 d5e7 g8h8 e7c8,1586,74,96,16486,attraction crushing fork long middlegame sacrifice,https://lichess.org/IxV5TCwM/black#30,Queens_Gambit_Accepted Queens_Gambit_Accepted_Other_variations
0M6l5,3r1rk1/pb2q1p1/1p5p/3Ppp2/1P2B3/P3P2P/3Q1PP1/2R1R1K1 w - - 0 26,d2a2 f5e4 d5d6 e7f7,1341,76,90,3151,advantage hangingPiece middlegame short,https://lichess.org/LyVssPd4#51,
0MbZF,rnb2rk1/2q2pbp/1pP1p1p1/1B1pN3/3PN3/4P3/5PPP/1RBQ1RK1 b - - 0 17,g7e5 d4e5 d5e4 d1d6 c7d6 e5d6,1780,77,83,103,clearance crushing long opening,https://lichess.org/27qs8sPO/black#34,Semi-Slav_Defense Semi-Slav_Defense_Normal_Variation
0GP70,r3k1r1/ppp2p2/2n1b3/2bqp1Bp/Q6N/2PP3P/PP2BPP1/R4RK1 w q - 1 14,e2f3 e5e4 f3e4 d5g5,2034,75,87,766,advantage discoveredAttack middlegame short,https://lichess.org/Oicr0FnL#27,Russian_Game Russian_Game_Three_Knights_Game
0A2V0,6k1/5ppp/r4n2/2b5/5P2/2P1p1P1/PP2Q2P/6K1 w - - 0 33,e2a6 e3e2 g1g2 e2e1q,752,83,98,2213,advancedPawn crushing discoveredAttack endgame promotion short,https://lichess.org/fJAT7lzH#65,
0RoDl,1kr1qr2/P3b1pp/1p2p3/1P1pPn2/1Np5/2P2Q2/5PPP/R4RK1 b - - 0 24,b8a8 b4d5 e6d5 f3d5,1298,76,100,676,advantage middlegame queensideAttack short,https://lichess.org/dGV1jEcb/black#48,
0Hp5x,r1b3k1/ppp2pBp/5Pp1/2Q5/3pr3/3Pq2P/PPP3P1/R4R1K b - - 4 24,c8h3 d3e4 e3g3 f1g1,2122,76,92,6078,advantage defensiveMove middlegame short,https://lichess.org/sL0LEh54/black#48,
0D03o,2kr1b1r/ppp2ppp/2n1p3/3n4/6B1/2N4q/PPP2P1N/R1BQ1RK1 b - - 1 12,d5c3 d1d8 c6d8 g4h3,1501,75,88,3536,advantage opening short,https://lichess.org/WL98ksPV/black#24,Scandinavian_Defense Scandinavian_Defense_Modern_Variation
0KvQJ,3R4/p5nk/2q3pp/8/3Bp3/2r2p2/P2Q3P/1K6 b - - 1 37,c3d3 d8h8 h7h8 d2h6 h8g8 h6g7,1724,76,96,16658,attraction deflection endgame long master mate mateIn3 sacrifice,https://lichess.org/Y3DtKCP8/black#74,
01mgz,2rq1rk1/1b3ppp/p2p1Nn1/1p3N2/4P3/3Qp3/PPP3PP/R4R1K b - - 0 20,d8f6 f5h6 g7h6 f1f6,1253,77,93,269,advantage discoveredAttack kingsideAttack master middlegame short,https://lichess.org/1E9dZ74A/black#40,
07Zoi,7k/7p/1p6/1P6/P4p2/4pP1P/3rR3/5K2 b - - 2 41,h7h5 e2d2 e3d2 f1e2 d2d1q e2d1,1053,86,93,8544,crushing endgame long rookEndgame,https://lichess.org/ti8XGlJ9/black#82,
01lB9,1qkr3r/pp1b2p1/5p2/3Pn2p/2Pp1B2/P2B2P1/1Q3P1P/1R3RK1 w - - 2 21,b2d4 e5f3 g1g2 f3d4 f4b8 c8b8,890,75,97,2777,advantage fork long middlegame,https://lichess.org/DAhE0yC8#41,
05IZN,8/8/pK3k1p/6pP/6P1/P1r2P2/5R2/8 w - - 0 43,b6a6 c3a3 a6b5 f6e5,1463,74,94,11054,advantage defensiveMove endgame rookEndgame short,https://lichess.org/IM8Jp577#85,
02yVL,3q1rk1/p1p2pp1/brpp1b1p/4p3/Q1P1P3/3P1N1P/P2N1PP1/1R2R1K1 b - - 3 14,d8b8 b1b6 a7b6 a4a6 b8a8 a6a8,1705,75,86,871,advantage capturingDefender long middlegame,https://lichess.org/YqqfiaAM/black#28,Ruy_Lopez Ruy_Lopez_Steinitz_Defense
0AfAr,6rk/1p2q1p1/4p1Rp/3p4/p2P1PQ1/4P2P/5PRK/r7 b - - 5 38,a4a3 g6h6 g7h6 g4g8,1261,74,95,16678,discoveredAttack endgame master mate mateIn2 short,https://lichess.org/jhCnWFYf/black#76,
0BBoq,3r1rk1/p4pp1/2b5/8/2NB2q1/3p3R/P4PPP/Q4BK1 w - - 3 27,h3g3 g4d4 a1d4 d8d4,1080,81,93,2034,advantage middlegame short,https://lichess.org/ajpUs84S#53,
0D7pr,7r/2p3n1/4p2p/6p1/2kPp3/6P1/1P1B1PKP/4R3 w - - 0 33,e1e4 c4d3 e4e5 d3d2,1221,75,96,9045,advantage endgame short,https://lichess.org/xiPA323i#65,
0F4jA,2r5/3b1kb1/1p3npp/pP3p2/3PP2B/q2B1Q2/5P1P/3R2K1 b - - 0 28,f5e4 d3c4 c8c4 f3a3,1522,76,96,8216,crushing discoveredAttack middlegame short,https://lichess.org/RdzwKtkJ/black#56,
0T0hE,r4k2/p4bbQ/2n2pp1/q7/1pB1PNP1/5P2/PPP5/2KR4 b - - 0 21,f7c4 f4g6 f8f7 d1d7 f7e6 h7g7,1573,75,94,6515,crushing deflection exposedKing long middlegame,https://lichess.org/QAPUv0zb/black#42,
027OD,r2q1rk1/1pp2ppp/1pp5/4B3/1P2P2n/P2P1P2/2PQ1P1P/R4K1R w - - 0 16,h1g1 f7f6 e5b2 h4f3 d2c3 f3g1,2093,76,95,8653,advantage fork long middlegame,https://lichess.org/VBQBbp71#31,Ruy_Lopez Ruy_Lopez_Berlin_Defense
0B4Lr,4qrk1/pb2RNbp/1p2Q1p1/7n/1Pr2P2/2P5/P5PP/2B2RK1 b - - 2 25,e8e7 f7h6 g8h8 e6e7,1399,80,94,26560,advantage doubleCheck intermezzo kingsideAttack middlegame short,https://lichess.org/g2opAhMe/black#50,
0TK7b,r2q1rk1/p4ppp/1p2p3/8/1nB5/5b2/PP1BNP1P/2RQ1RK1 w - - 0 16,d2b4 d8g5 e2g3 f3d1,1428,78,94,28175,advantage middlegame short,https://lichess.org/ZFM4f5um#31,Horwitz_Defense Horwitz_Defense_Other_variations
0G5sb,rn3rk1/pp3ppp/2p1bp2/8/8/q2B1Q2/2PKNPPP/3R3R b - - 5 17,b8d7 d3h7 g8h7 f3a3,1433,74,98,613,advantage discoveredAttack middlegame short,https://lichess.org/bZqWOkFT/black#34,Caro-Kann_Defense Caro-Kann_Defense_Tartakower_Variation
09bNT,6k1/p2q2p1/1p5p/8/4RP2/1P3QPK/P2r3P/8 w - - 5 41,g3g4 h6h5 h3g3 h5g4 f3g4 d2g2 g3g2 d7g4,2417,79,94,257,advantage attraction deflection endgame pin veryLong,https://lichess.org/dcuCfBg2#81,
03GbL,r4rk1/1p3ppp/p1q2n2/P1bp4/3P2b1/1B1P4/1P2NPPP/R1BQ1RK1 b - - 0 15,c5d4 e2d4 g4d1 d4c6,956,84,92,369,advantage hangingPiece master middlegame short,https://lichess.org/CpvEgA9b/black#30,Sicilian_Defense Sicilian_Defense_Closed
0Rq4T,6k1/5pp1/4p2p/2Q5/2B5/3P4/1r3PKP/1r3nN1 w - - 1 35,d3d4 f1e3 g2f3 e3c4 c5c4 b1g1,1575,74,97,13127,crushing endgame long pin,https://lichess.org/vCJJLIWG#69,
0135c,8/3n1k2/p3p1p1/3p2P1/2pP2N1/PrP1KP2/1P4R1/8 w - - 4 41,e3d2 b3b2 d2e1 b2g2,754,82,100,204,crushing endgame short skewer,https://lichess.org/cKkSaaA1#81,
07k0u,r5k1/r2bppbp/B4np1/2p1B3/2P5/1PN3P1/1P2PP1P/R2R2K1 b - - 2 18,a7a6 a1a6 a8a6 e5f6 g7f6 d1d7,1854,74,94,12259,advantage capturingDefender long master middlegame,https://lichess.org/WgBaS2r0/black#36,Kings_Indian_Defense Kings_Indian_Defense_Fianchetto_Variation
07fq1,8/2pR2pk/6q1/5p2/8/2P2Q1P/r5P1/7K w - - 0 38,d7c7 a2a1 h1h2 g6d6 f3g3 a1h1 h2h1 d6g3,1467,75,97,10569,crushing deflection endgame fork veryLong,https://lichess.org/TqBPTG1r#75,
0Sc5z,1r4k1/5pp1/p6p/2pPp1q1/2P1P1n1/P5Q1/3N2PP/5RK1 w - - 0 27,g3c3 g4e3 g2g3 e3f1,1664,74,95,16213,advantage endgame master short,https://lichess.org/0Q7JiK9J#53,
08j1w,7k/6pp/2N5/5BP1/7n/q6Q/5R2/4r2K w - - 2 40,h1h2 a3d6 h3g3 e1h1 h2h1 d6g3 f2a2 g3f3,2319,75,92,8578,crushing deflection exposedKing fork master middlegame pin veryLong,https://lichess.org/S1UtTF3W#79,
08FKT,r1bq2kr/ppppb1pp/2n5/6B1/4PP2/8/PPP3PP/R2Q1RK1 b - - 0 12,e7g5 d1d5 g8f8 f4g5,1414,75,95,14181,crushing discoveredAttack intermezzo kingsideAttack middlegame short,https://lichess.org/bcKupAFj/black#24,Russian_Game Russian_Game_Italian_Variation
0TRVJ,3qkbnr/5pp1/bNr1p2p/p2p4/8/4BN2/PPP2PPP/R2QR1K1 w k - 2 16,b6d5 d8d5 d1d5 e6d5,1913,75,88,1166,advantage opening short,https://lichess.org/el2gHSKO#31,Sicilian_Defense Sicilian_Defense_Moscow_Variation
0Ez7t,4q1k1/p4ppp/3r4/8/2P5/NPPn1QPP/P7/R4K2 w - - 4 26,a3c2 d6f6 f3f6 g7f6,1062,80,93,3669,crushing endgame pin short,https://lichess.org/2i5XdggO#51,
05mkR,r1bq1rk1/pppn1ppp/2n5/2b1P3/8/3B1N1P/PP3PP1/RNBQK2R w KQ - 4 10,d3h7 g8h7 f3g5 h7g8,1253,80,92,597,advantage defensiveMove hangingPiece opening short,https://lichess.org/CObKIXmg#19,Scandinavian_Defense Scandinavian_Defense_Marshall_Variation
0Botc,r4rk1/pQ3pp1/2np3p/3Bp2n/4P2q/B1P2P1P/P4P2/3R1RK1 w - - 1 16,d5f7 f8f7 b7a8 f7f8 a8f8 g8f8,1126,78,71,106,crushing long middlegame sacrifice,https://lichess.org/VpE3GGWJ#31,Sicilian_Defense Sicilian_Defense_Smith-Morra_Gambit
0NTUx,1Q1R1rk1/4qppp/8/8/p7/7P/r5P1/3R3K b - - 3 30,a4a3 d8f8 e7f8 d1d8 a2a1 h1h2,1176,76,94,936,crushing defensiveMove endgame long pin,https://lichess.org/92IiMw5a/black#60,
01p5M,1r6/p1p2n2/1pk2Pp1/6r1/8/2N5/PPP4K/3R1R2 w - - 2 24,f1g1 b8h8,1177,76,96,7390,endgame mate mateIn1 oneMove,https://lichess.org/duXviz7r#47,
0IrEE,r4r2/1b2R1kp/3p2p1/p2P4/1pPq1p2/1P4Q1/P5PP/5R1K b - - 1 25,f8f7 e7f7 g7f7 f1f4 d4f4 g3f4,1419,75,96,13834,attraction crushing fork long middlegame,https://lichess.org/ZnypdVio/black#50,
08XPZ,r5k1/ppp3pp/3p1r2/8/2P1P1P1/2P5/P1QB1qPK/R6R w - - 1 20,h1f1 f6h6 d2h6 f2c2,1905,74,95,10044,advantage middlegame short,https://lichess.org/RoXCgLAc#39,
08Hmm,1r4k1/5p2/p2p3p/3N1rp1/8/1P4PP/P1P3P1/3R2K1 b - - 0 27,f5e5 d5f6 g8g7 f6d7 b8c8 d7e5,1597,76,95,22370,advantage endgame fork long,https://lichess.org/6JS3WuXM/black#54,
08pUY,r6r/1p1k2p1/p2p1q1p/3Qnb2/8/1PP5/P4PPP/R1B1R1K1 w - - 0 18,e1e5 f6e5 d5b7 d7e6,904,95,93,1349,advantage defensiveMove middlegame short,https://lichess.org/OUIW7lD8#35,Philidor_Defense Philidor_Defense_Other_variations
06xt9,8/k4R2/p1r5/2N2pP1/4pP2/4K3/1r6/8 b - - 3 44,a7b6 c5a4 b6b5 a4b2,1335,79,95,26375,crushing endgame fork master masterVsMaster short,https://lichess.org/WFUZ6cf7/black#88,
0GLxG,4rrk1/ppp2ppp/3p1P2/2b5/Q5N1/1B5P/PP1q1PP1/5RK1 b - - 0 26,d2b2 g4h6 g8h8 h6f7,1983,74,94,2963,crushing deflection kingsideAttack middlegame short,https://lichess.org/8CFTHfGn/black#52,
0LXst,1r1r2k1/1ppq1ppp/p1np1b2/3B4/QPPP4/4B1P1/P3RP1P/R5K1 w - - 1 18,a1d1 c6d4 a4d7 d4e2,1894,74,93,7693,advantage kingsideAttack middlegame sacrifice short,https://lichess.org/rywLYbnw#35,English_Opening English_Opening_Kings_English_Variation
05uJg,r3q1k1/1p6/p4Brp/2p3PQ/2Pp4/2Pp4/PP5K/R4R2 w - - 4 33,g5h6 g6g2 h2g2 e8h5 h6h7 h5h7,1938,75,96,5050,crushing discoveredAttack long middlegame,https://lichess.org/Mz6CyBNT#65,
07iQw,1r1r2k1/5pp1/6qp/p1pp4/4n3/P1P1PN2/1PQ2PPP/3RR1K1 w - - 8 24,g1h1 e4g3 h2g3 g6c2,1640,73,96,27544,crushing discoveredAttack middlegame short,https://lichess.org/iF3fPLFh#47,
02qPC,r7/6kp/pp1bp3/2p2r2/2P1Q3/1P3P2/P3KP2/7R w - - 1 29,e4e6 f5e5 e6e5 d6e5,787,83,97,1150,advantage endgame fork short,https://lichess.org/5XcscxSA#57,
01rGW,6B1/p2R4/5p1p/r5k1/4b3/6P1/P5PK/8 b - - 9 44,a5c5 d7g7 g5f5 g8h7 f5e6 h7e4,1325,76,93,1561,advantage deflection endgame long skewer,https://lichess.org/Jz8c5wYb/black#88,
0Ixcp,3r1rk1/ppp2ppp/2n5/1B2P3/8/4Q3/PPP4P/2K2RNq b - - 4 16,c6d4 g1f3 h1g2 f3d4,2043,76,94,5876,advantage middlegame short,https://lichess.org/3ATy9Hzk/black#32,Vienna_Game Vienna_Game_Stanley_Variation
01zbX,2rq1rk1/1p2bppp/p3p3/5b2/1n2N3/1P3NP1/PB3PBP/2RQ1RK1 b - - 0 15,f5e4 c1c8 d8c8 d1d4,1769,76,88,294,advantage opening short,https://lichess.org/VUIgD5Ji/black#30,English_Opening English_Opening_Caro-Kann_Defensive_System
0DzAq,r1bqk1nr/ppppbppp/2n5/4p3/2B1P3/2N5/PPPP1PPP/R1BQK1NR w KQkq - 2 4,d1g4 d7d5 g4g7 e7f6,1538,76,89,2129,advantage master opening short,https://lichess.org/lM6K2JnR#7,Vienna_Game Vienna_Game_Max_Lange_Defense
0FnfB,2b2rk1/p3qppp/8/1pp1n2Q/8/P1P1P2P/1P3PPB/3R2K1 w - - 0 27,h2e5 g7g6 e5d6 e7d6 d1d6 g6h5,1655,75,96,12086,advantage endgame long,https://lichess.org/TI1jFBte#53,
0LxOR,2rqk2r/5ppp/p1b1pn2/1pbp4/5B2/1NP1P3/PPQ2PPP/2KR1B1R b k - 3 12,c5b4 c3b4 c6d7 b3c5,1348,76,95,24372,advantage hangingPiece opening short,https://lichess.org/51K9dHyB/black#24,Queens_Pawn_Game Queens_Pawn_Game_Steinitz_Countergambit
04YUe,1r1b1r1k/Rp6/3P1p2/2P4q/1P6/5Kp1/1B4Q1/4R3 w - - 2 38,f3f4 h5g5 f4f3 g5f5 f3e2 f8e8 e2d2 e8e1 d2e1 f5b1 e1e2 b1b2,2694,114,90,1073,attraction crushing interference middlegame veryLong,https://lichess.org/0jJPRtle#75,
0DAHs,r4rk1/pp4qp/2pp2p1/2P5/1P2Ppb1/N1R2n2/P5PP/3QRBK1 w - - 0 26,g2f3 g7c3 d1b3 c3b3,1262,78,82,787,advantage hangingPiece middlegame short,https://lichess.org/L2NlTYrp#51,
0QPrU,r1bq2k1/pppp1ppp/8/4r3/1b6/2NB4/PPPQ1PPP/R3R1K1 b - - 1 11,d8e7 e1e5 e7e5 a1e1,1877,75,87,193,clearance crushing middlegame short,https://lichess.org/r0mHdWij/black#22,Four_Knights_Game Four_Knights_Game_Scotch_Variation
00lIV,r2qr1k1/pb2bppp/2p2n2/3pN1B1/2P5/4P3/PPQ2PPP/3RKB1R w K - 3 13,f1e2 e7b4 e1f1 e8e5,1730,75,94,3619,crushing discoveredAttack middlegame short,https://lichess.org/6IHxFPRp#25,Queens_Gambit_Declined Queens_Gambit_Declined_Normal_Defense
0CAsb,r4rk1/2pq1ppn/p1np2bp/1p2pN2/4P1Q1/2PP2NP/PPB2PP1/2R1R1K1 b - - 0 17,c6e7 f5h6 g7h6 g4d7,1474,74,92,2534,crushing discoveredAttack kingsideAttack middlegame short,https://lichess.org/vInpQTjF/black#34,Ruy_Lopez Ruy_Lopez_Steinitz_Defense
0Bg0q,2r3k1/4bppp/bQn1p3/3p4/2pP4/1N2P1B1/1K1NqPPP/1RR5 w - - 0 25,b6a6 c4c3 c1c3 e2a6,2021,76,89,989,advantage discoveredAttack middlegame short,https://lichess.org/PpBC58hc#49,
0RS6q,rn1q1rk1/1pp1n1p1/pb5p/3ppb2/4N3/2PBPNB1/PPQ2PPP/3R1RK1 b - - 1 15,d5e4 d3c4 g8h7 d1d8,1971,75,96,3058,advantage discoveredAttack middlegame short,https://lichess.org/lh5hZHuE/black#30,Horwitz_Defense Horwitz_Defense_Other_variations
0ATq4,r7/ppR1brk1/2b1p1p1/4P3/5P2/1Q1p4/PP4PP/5RK1 w - - 0 31,b3d3 e7c5 g1h1 f7c7,1234,74,92,3261,advantage discoveredAttack middlegame short,https://lichess.org/XHTN7MnP#61,
0MXFn,r2q1rk1/bp3pp1/p1bpp3/6p1/2PPN2n/3QPN2/PP2B3/2K3RR b - - 1 19,h4f3 e4f6 d8f6 d3h7,1689,77,95,13006,clearance kingsideAttack mate mateIn2 middlegame sacrifice short,https://lichess.org/tYN97esD/black#38,English_Opening English_Opening_Mikenas-Carls_Variation
0Tm3t,8/ppR3pk/5p2/2p3pr/2P1P2P/P4PK1/1r4P1/R7 w - - 0 33,c7c5 g5h4 g3f4 h5c5,1544,75,97,11523,crushing discoveredAttack endgame rookEndgame short,https://lichess.org/16IdBdUc#65,
0Emvq,6k1/4brpp/p3qpn1/1p3N2/6QP/1P6/PBP2PP1/6K1 b - - 2 26,e7c5 f5h6 g7h6 g4e6,1381,74,98,2574,advantage discoveredAttack kingsideAttack middlegame short,https://lichess.org/DxOenRXv/black#52,
0GVJq,r2q2r1/pp5k/4p1bP/3p1p2/1n1P1P1b/1N4NR/PP2B1K1/2RQ4 b - - 4 26,a8c8 c1c8 d8c8 h3h4,1369,75,95,13435,advantage middlegame short,https://lichess.org/QmfXIHYy/black#52,
0LzPe,Qn1q1rk1/4pp1p/p2p2p1/2pP2N1/2P1b3/8/Pb1B1PPP/R3KB1R b KQ - 1 15,b2a1 g5e4 d8b6 f1d3 b8d7 a8c6,2007,74,92,5160,advantage hangingPiece long middlegame quietMove,https://lichess.org/MEGAj7O7/black#30,Kings_Indian_Defense Kings_Indian_Defense_Normal_Variation
0Kaw5,b4rk1/p4p2/1p1Q2p1/2p1n3/2P4q/1P2PpNP/P4P2/3RN1K1 b - - 2 31,h4g5 h3h4 g5h4 d6e5,1869,73,95,14763,advantage deflection middlegame short,https://lichess.org/bS6qHBo1/black#62,
0Bdft,1Q6/P2bk3/3n2p1/2pPq3/8/7P/6P1/7K b - - 11 54,e5d5 a7a8q d5a8 b8a8,929,100,95,1346,advancedPawn advantage endgame master promotion short,https://lichess.org/CgK0ndIS/black#108,
05ngU,1r2k3/p1q1p1r1/3p2p1/3B1b2/2P1N3/1P3nPp/P2Q1P1P/4RR1K w - - 1 31,e4d6 c7d6 d2b2 f3e1,977,83,86,273,advantage hangingPiece middlegame short,https://lichess.org/jAl6Os7I#61,
0UbVU,r2q1rk1/ppp1p1bp/6pB/8/3np3/8/PPPQNPPP/R4RK1 w - - 0 13,h6g7 d4f3 g2f3 d8d2,1663,75,98,713,advantage discoveredAttack middlegame short,https://lichess.org/4CkBa02K#25,Modern_Defense Modern_Defense_Other_variations
0GaJA,2rk1b1r/pp1bpppp/2n5/1B6/8/2P1BN2/P4PPP/3RK2R b K - 4 12,a7a6 b5c6 c8c6 f3e5,2046,79,93,6347,crushing middlegame pin short,https://lichess.org/xE4cHjY1/black#24,Sicilian_Defense Sicilian_Defense_Morphy_Gambit
0AsEn,r2q1rk1/pp2ppbp/2n3p1/2pP4/2B1n1b1/1P2PN2/PB2QPPP/RN3RK1 b - - 0 11,g4f3 g2f3 g7b2 e2b2,1987,75,92,1684,advantage master opening short,https://lichess.org/VhfCgJYO/black#22,East_Indian_Defense East_Indian_Defense_Other_variations
0GM0V,5k2/p3qp1N/1p2p1p1/3p1n2/5b2/1P1Q1P2/PB3P1P/6K1 b - - 0 28,f8e8 d3b5 e8d8 b2f6 e7f6 h7f6,1185,77,92,2259,crushing endgame long pin,https://lichess.org/IxIx3Bwj/black#56,
02UNs,r2q2k1/pb3rbp/1p2Q1p1/3N2p1/8/5P2/PPP2P1P/3RR1K1 b - - 1 17,d8e8 e6e8 a8e8 e1e8,1414,77,79,140,advantage kingsideAttack middlegame short,https://lichess.org/b43dHOzp/black#34,Modern_Defense Modern_Defense_Other_variations
0HHoR,2kr1bnr/1pp3pp/p1n2p2/3P1q1b/B4B2/2N2N1P/PP3PP1/R2Q1RK1 w - - 1 15,d5c6 d8d1 c6b7 c8b7 a4d1 f5f4,1579,77,93,12479,advantage long middlegame,https://lichess.org/hXIqFlyr#29,Queens_Gambit_Declined Queens_Gambit_Declined_Chigorin_Defense
0J5T0,rn2k2r/pp2ppbp/3p1np1/q1pP4/2P1PPb1/2NB1N2/PP4PP/R1BQK2R b KQkq - 4 8,f6e4 d3e4 g7c3 b2c3 a5c3 c1d2,1478,76,94,12552,advantage hangingPiece long master middlegame,https://lichess.org/BJ5nAtK4/black#16,Kings_Indian_Defense Kings_Indian_Defense_Four_Pawns_Attack
0C7cw,8/1P6/K1n4r/2k5/P7/2R5/8/8 b - - 2 78,c5d6 c3c6 d6c6 b7b8q,1305,75,94,13827,advancedPawn crushing endgame promotion short,https://lichess.org/Oa5FjczA/black#156,
0AIOd,2r3k1/2p3pp/1q1p4/8/2b2Q2/7P/1P3RP1/7K b - - 3 39,d6d5 f4f7 g8h8 f7f8 c8f8 f2f8,990,84,95,2228,backRankMate endgame long mate mateIn3 sacrifice,https://lichess.org/6m3s4rF5/black#78,
0J6Gj,3r2k1/pp3p1p/5P2/5Rp1/6P1/2P4P/PP2p2K/8 w - - 0 30,f5g5 g8f8 g5e5 d8e8 e5e2 e8e2,2033,74,95,11438,crushing endgame long rookEndgame,https://lichess.org/t5n6ZGyi#59,
02McK,r1b4k/2qnNpbp/pp3np1/3p2B1/B1pP4/2P5/PP1N1PPP/R3Q1K1 w - - 0 17,e7d5 f6d5 e1e8 d7f8,1460,75,94,2565,advantage hangingPiece middlegame short,https://lichess.org/91Khr5Nh#33,Englund_Gambit_Declined Englund_Gambit_Declined_Reversed_French
00aDl,r5k1/1p3p2/2p1ppp1/3p4/2nP4/1QB2B1P/rPP2PP1/qNKR3R w - - 3 22,f3e2 a1b1 c1b1 a2a1,1432,72,95,31915,attraction mate mateIn2 middlegame queensideAttack sacrifice short,https://lichess.org/pc79SSEd#43,
0BLTa,5rk1/1Qpq1ppp/1p1p2n1/6r1/PB2P3/1P6/2P2PPP/R4RK1 w - - 3 20,b4d2 g5g2 g1g2 d7g4 g2h1 g4f3,2127,75,95,2816,attraction crushing kingsideAttack long middlegame sacrifice,https://lichess.org/vzw7N11L#39,
0641F,r2qkbnr/pbp3pp/1pn2p2/3Bp3/4P3/2P2N2/PP1P2PP/RNBQK2R w KQkq - 0 8,f3e5 f6e5 d1h5 g7g6,1453,74,91,838,advantage hangingPiece opening short,https://lichess.org/IOmZI7Da#15,Kings_Gambit Kings_Gambit_Other_variations
06AFP,2r2rk1/4pp1p/p2p2p1/1ppP2Pn/4P1QP/1PB5/qPK2P2/3R3R b - - 1 19,b5b4 d1a1 a2a1 h1a1,1340,76,82,582,advantage middlegame short trappedPiece,https://lichess.org/TJxCIl33/black#38,Pirc_Defense Pirc_Defense_Classical_Variation
0UqFw,8/pp4pp/2n3k1/8/P7/3N1R2/1r4r1/4RK2 b - - 6 32,b2a2 d3f4 g6g5 f4g2,1585,74,96,22105,advantage endgame fork short,https://lichess.org/qxA7buFK/black#64,
0Imne,r3rk2/n1pnqppB/8/1p1p4/3P4/pPP2N1P/P1Q2P2/2KR2R1 w - - 2 21,g1g7 f8g7 d1g1 g7h8,2001,74,91,2833,advantage hangingPiece middlegame short,https://lichess.org/mvd8hDAK#41,
0DKWs,r7/4k3/6R1/8/3P4/3K4/8/8 w - - 27 61,g6g3 a8a3 d3c4 a3g3,667,89,94,340,crushing endgame master rookEndgame short skewer,https://lichess.org/tuI5vkQ5#121,
02F4S,8/4n1k1/4P3/3p2PP/rp1P4/3K4/P3R3/8 w - - 0 47,e2f2 a4a3 d3c2 a3a2 c2b3 a2f2,1181,76,94,1633,crushing endgame interference long skewer,https://lichess.org/XkKfgmwN#93,
000qP,8/7R/8/5p2/4bk1P/8/2r2K2/6R1 w - - 7 51,f2f1 f4f3 f1e1 c2c1 e1d2 c1g1,1983,75,92,892,crushing endgame exposedKing long skewer,https://lichess.org/r4xUR6fC#101,
00P81,6k1/5p2/4p2p/3pPP2/1R5P/7r/2B5/2b2K2 b - - 0 46,h3c3 b4b8 g8h7 f5e6 c3c2 e6e7,2227,77,93,6715,advancedPawn crushing discoveredAttack endgame long sacrifice,https://lichess.org/SIETCqbJ/black#92,
0C92A,8/4k3/2p1pNp1/ppPn2P1/5P2/3K4/PP6/8 w - - 4 38,f6d5 e6d5 f4f5 g6f5,1349,76,96,10983,crushing endgame short,https://lichess.org/DVIUiARI#75,
066Be,rnbqk2r/pp1p1ppp/2p5/4P1n1/1bBQ3P/8/PB3PP1/RN3KNR b kq - 1 10,d7d5 e5d6 g5e6 c4e6 c8e6 d4b4,2271,81,91,1272,advantage enPassant long opening,https://lichess.org/dpy3v36v/black#20,Danish_Gambit_Accepted Danish_Gambit_Accepted_Copenhagen_Defense
02prq,5r2/1bq1k2Q/p3pr2/1p1n1pN1/5Pn1/8/PP4PP/3RRBK1 b - - 2 27,e7d6 e1e6 f6e6 h7c7 d6c7 g5e6 c7d7 e6f8,2428,77,93,4032,attraction crushing fork master middlegame pin veryLong,https://lichess.org/iK1ujUS7/black#54,
05tEn,rn1qr1k1/p4pp1/1p1b2p1/1Q1p4/3P2P1/2P1BN1P/P4P2/R4RK1 w - - 0 18,b5d5 d6h2 f3h2 d8d5,1023,80,100,128,advantage discoveredAttack middlegame short,https://lichess.org/zSrscI0E#35,Petrovs_Defense Petrovs_Defense_Classical_Attack
0SUy4,3r1k1b/pp2rp2/3N3p/2Q4p/4BP2/2P1P1q1/PP6/2KR4 b - - 0 28,d8d6 d1d6 h8f6 d6f6,1997,74,92,6917,advantage hangingPiece middlegame pin short,https://lichess.org/UqmNuQHX/black#56,
09BZr,3r1rk1/p2nq1bp/1p2p1p1/2p3N1/2P3Q1/1P2B1P1/P4PKP/2R1R3 b - - 2 19,d7e5 g4e6 e7e6 g5e6,1483,75,88,1132,advantage kingsideAttack middlegame short,https://lichess.org/DABgQUYZ/black#38,Scandinavian_Defense Scandinavian_Defense_Modern_Variation
0P5MH,6q1/2p4k/pp1p3b/4p3/8/6K1/PPP2PQ1/7R w - - 2 39,g3f3 e5e4 f3e2 g8g2,1913,78,95,12278,crushing deflection endgame short,https://lichess.org/8RpVzh2O#77,
0ERtW,r3kb1r/pb1q1ppp/1pn1p3/8/3N4/P1PQ2P1/4PPBP/R1B2RK1 b kq - 0 12,f8e7 d4c6 b7c6 d3d7 e8d7 f1d1 e7d6 c1f4,2130,76,93,7299,attraction crushing discoveredAttack middlegame veryLong,https://lichess.org/Wh22KIfs/black#24,Indian_Defense Indian_Defense_Knights_Variation
0R43D,r1b1r1k1/pp1nqppp/2pbp3/4N1P1/3PpB1P/3BP3/PPP2P2/R2QK2R w KQ - 0 12,d3e4 d6e5 e4h7 g8h7,1986,75,91,1123,advantage opening short,https://lichess.org/zXWPBj3U#23,Queens_Pawn_Game Queens_Pawn_Game_Accelerated_London_System
0Sno7,5rk1/pp3pp1/1qp1pb2/3rN2p/1P1P4/P4Q1P/2P2PP1/3RR1K1 b - - 2 27,d5d4 e5d7 d4d7 d1d7,1635,75,95,12350,advantage fork middlegame short xRayAttack,https://lichess.org/UwOaGhQn/black#54,
0B6V0,1rk2b1r/1p4p1/1Q1p3p/5b2/3B4/2K3P1/P1PP1P1q/R7 b - - 2 27,c8d7 b6b5 d7e6 a1e1 e6f7 b5f5,1377,74,94,15188,crushing deflection fork long middlegame,https://lichess.org/VsyYcNBJ/black#54,
07nsG,r5k1/p4pp1/1p5p/2pbn1q1/4R3/2P5/PP3PPP/R2Q2K1 w - - 0 24,d1d5 e5f3 g1h1 g5d5,1092,77,90,153,crushing discoveredAttack endgame pin short,https://lichess.org/TIkMXPXk#47,
0ISSn,4r1k1/r3qppp/p1pb1n2/2p5/N2p4/3PBQP1/PPP2P1P/R3R1K1 w - - 0 18,e3d4 e7e1 a1e1 e8e1 g1g2 c5d4,1336,75,68,177,advantage kingsideAttack long middlegame,https://lichess.org/1yiWYaRt#35,Sicilian_Defense Sicilian_Defense_French_Variation
0NHyW,2krb2r/ppp1qp2/1b1p1n2/1P4pp/2N1P3/2PB3P/P3QPP1/R1B2RK1 b - - 1 15,e8b5 c4b6 a7b6 d3b5,1146,81,93,1124,advantage discoveredAttack middlegame queensideAttack short,https://lichess.org/vWCtgimo/black#30,Italian_Game Italian_Game_Classical_Variation
09rKQ,5r1k/p1p4p/1p2Q3/3pP3/3Pp3/1NP1n1qP/PP2R1P1/6K1 w - - 1 28,e6e7 f8f1,984,75,97,3275,endgame mate mateIn1 oneMove,https://lichess.org/QkyHFulq#55,
04wVb,8/2R3pp/1K6/6k1/3P4/8/2r5/8 b - - 4 43,c2c7 b6c7 g5f4 d4d5 g7g5 d5d6 g5g4 d6d7 g4g3 d7d8q,814,77,100,105,advancedPawn crushing endgame promotion quietMove veryLong,https://lichess.org/9s3fnweJ/black#86,
0Ey1j,rnbqk2r/p5pp/1ppp1n2/4p3/2P1B3/B1P1P3/P4PPP/R2QK1NR w KQkq - 2 10,a3d6 f6e4 d1h5 g7g6 h5e5 e8f7,2159,78,90,323,advantage defensiveMove hangingPiece long opening,https://lichess.org/Z0XxnLKn#19,English_Opening English_Opening_Kings_English_Variation
0EmIS,3r2k1/pp3p2/2b1rp1Q/3p4/5R2/1P4PP/P5PK/4q3 b - - 8 36,e1e5 f4g4 e5g5 g4g5 f6g5 h6g5,968,79,94,377,advantage endgame long,https://lichess.org/EMtEw23i/black#72,
0BjW2,k2r4/pR5p/1bQ2r2/8/1P6/P5P1/6KP/8 w - - 4 36,c6e4 d8d2 g2h3 f6h6,985,79,92,730,advantage endgame short,https://lichess.org/HWe3dsc2#71,
0H8Y8,r1bqkb1r/p1p3pp/2pp4/5P2/4nP2/8/PPP3PP/RNBQKB1R w KQkq - 0 9,f1d3 d8h4 g2g3 e4g3 h2g3 h4h1,1282,76,100,789,advantage long opening,https://lichess.org/GK7V3MT0#17,Kings_Gambit_Declined Kings_Gambit_Declined_Miles_Defense
05qJ2,6R1/p7/1n1p4/3k2Np/4P1pP/3K2P1/5r2/8 b - - 0 43,d5e5 g8e8 e5f6 e8f8 f6e7 f8f2,1665,74,89,288,crushing endgame long skewer,https://lichess.org/lOLTTVEA/black#86,
01JEA,5rkr/1QN5/4R3/p7/P1Pp4/1B1q3P/1P4P1/6K1 w - - 1 44,c4c5 f8f1 g1h2 h8h3 g2h3 f1f2 b7g2 f2g2 h2g2 d3b3,2234,77,93,7812,advantage middlegame sacrifice veryLong,https://lichess.org/rcwW2M7E#87,
050m4,r4rk1/p2b2bp/3Qpnp1/qN4N1/3B4/8/PPP3PP/4RRK1 b - - 2 22,d7b5 d6e6 g8h8 f1f6 f8f6 d4f6 a5b6 e6b6,2295,79,85,114,advantage kingsideAttack middlegame veryLong,https://lichess.org/dNuuTBGl/black#44,
0Y1FU,2R1br2/6pk/Bp2pq1p/p2nNp2/3PpP2/P3P3/1P2QKPP/8 b - - 8 30,e8h5 e2h5 f8c8 a6c8,1404,74,85,499,advantage hangingPiece middlegame short,https://lichess.org/stgZgsm2/black#60,
0109Y,r3r2Q/p3kpn1/5q2/3p4/1p5P/3B1PR1/PPP2nP1/1K2R3 b - - 6 27,e7d7 d3b5 d7d6 b5e8 a8e8 e1e8,2183,77,91,304,advantage long middlegame skewer,https://lichess.org/VLvS4i1J/black#54,
00w6f,rnb1r1k1/pp1p1ppp/1q2pn2/1N6/4P3/B1P2P2/P1P3PP/R2QKB1R w KQ - 5 10,b5d6 b6e3 f1e2 e3c3,1085,78,87,152,advantage opening short,https://lichess.org/1P7Nda81#19,Sicilian_Defense Sicilian_Defense_Pin_Variation
0Uk2e,r6r/pp3pk1/1q4p1/n5N1/P1p1Q3/7P/BPn3P1/R3R2K b - - 0 25,a8e8 e4c2 e8e1 a1e1,1626,75,87,913,advantage hangingPiece middlegame short,https://lichess.org/vxSA0jLE/black#50,
0JSyg,r4rk1/ppp1n1pp/5n2/3Pp3/2P5/3B2Nq/PBQ2P2/R4RK1 w - - 0 19,b2e5 f6g4 d3h7 g8h8,1392,76,98,1085,advantage defensiveMove middlegame short,https://lichess.org/omFnBNYv#37,Queens_Gambit_Declined Queens_Gambit_Declined_Queens_Knight_Variation
0DlsD,2r3k1/2q3p1/1pPrp2p/p4p2/2QNpP2/4P3/PP4PP/2R3K1 b - - 8 29,c7e7 d4f5 e7d8 f5d6,1472,75,95,16929,crushing endgame master pin short,https://lichess.org/64QM3Vhb/black#58,
00kZF,r3r3/1p1n2pk/2p1pq1p/2P5/1p2R3/P2Q1N1P/5PP1/R5K1 b - - 1 24,f6a1 e4e1 h7h8 e1a1,1306,75,91,2497,crushing discoveredAttack middlegame short,https://lichess.org/7skMhb04/black#48,
0KHXO,r2qr1k1/pppbbpp1/3p1n1p/8/3nN3/2NP4/PPP2PPP/R1BQRBK1 b - - 3 14,d7g4 e4f6 e7f6 e1e8 d8e8 d1g4,2050,76,92,777,advantage discoveredAttack kingsideAttack long opening,https://lichess.org/IkJahMj8/black#28,Russian_Game Russian_Game_French_Attack
01e0v,1k1r1r2/2p5/pp3p2/3qn1pp/B4n2/1RQ2N2/PP3B2/5R1K b - - 1 35,g5g4 f2b6 c7b6 b3b6,1870,74,94,2236,advantage middlegame queensideAttack short,https://lichess.org/Tknnokbi/black#70,
0Aujn,2r5/2q1kpp1/4p3/P1p5/2Np1b2/4n2Q/1B2R2P/R5K1 w - - 1 38,h3h4 g7g5 h4h7 e3c4,1988,81,88,1267,advantage defensiveMove middlegame short,https://lichess.org/Z8YOu0AL#75,
04hhS,2r2rk1/B1pn2pp/3p2n1/1NP1p1q1/P4p2/3P2PP/3QPPK1/R4R2 w - - 1 25,c5d6 f4f3 g2h2 g5d2,1509,77,92,2048,crushing discoveredAttack middlegame short,https://lichess.org/7kdfBXdq#49,
0C0CD,r3q1k1/pb4p1/1p2p2p/3pP1b1/3P2P1/BP1B1Q2/P1P4P/6K1 b - - 0 24,e8f7 d3h7 g8h7 f3f7,1098,79,86,596,crushing deflection kingsideAttack middlegame short,https://lichess.org/iUrQH9jd/black#48,
0QEcu,Q7/2K1p1k1/5p2/8/3B4/5P2/2P4q/8 w - - 2 44,c7d8 h2h8 d8c7 h8a8,1845,76,94,6034,crushing endgame short skewer,https://lichess.org/PYuP2lAn#87,
0JlrI,2kr3r/p2bb2p/5p2/qpp1p1p1/P1B1P1P1/1PPP2QP/5P2/RNR3K1 w - - 0 20,c4b5 d7b5 b3b4 a5a6,1986,74,95,13987,advantage middlegame short,https://lichess.org/BplgQs49#39,
00awK,r5k1/2p2Qpp/p7/4b3/8/8/1PP1KR2/2q5 b - - 0 24,g8h8 f7f8 a8f8 f2f8,611,80,100,198,backRankMate endgame mate mateIn2 sacrifice short,https://lichess.org/D9JaNyrl/black#48,
0Yzhd,r1b2rk1/pp3ppp/3pp2N/8/7b/2Q2R2/PPP1q1P1/5R1K b - - 1 25,g8h8 h6f7 f8f7 f3f7 e2f1 f7f1,1434,76,98,2440,advantage kingsideAttack long middlegame,https://lichess.org/Nom7rvwu/black#50,
073kr,5rk1/6p1/2pRq2p/1p2pNn1/4P3/2P1Q1P1/r6P/5RK1 b - - 10 30,e6c4 f5e7 g8h7 f1f8 a2a1 g1g2,1956,76,94,4305,advantage defensiveMove deflection discoveredAttack long middlegame,https://lichess.org/qKfvTIG4/black#60,
03ZZq,7r/1p4k1/p3qp1p/4n1p1/3N2P1/8/PP5Q/K1R5 b - - 0 35,e6d7 c1c7 d7c7 d4e6 g7g6 e6c7,1814,74,93,7400,advantage attraction endgame fork long pin sacrifice,https://lichess.org/hxACmY5P/black#70,
08eZR,r4rk1/ppq2ppp/3b2b1/8/3Np3/2P4P/PP2BQP1/R1B2RK1 w - - 2 18,c1e3 d6g3 f2g3 c7g3 e3f4 g3h4,1735,75,93,2782,advantage long middlegame trappedPiece,https://lichess.org/gslmOLzX#35,Benoni_Defense Benoni_Defense_Old_Benoni
0DBp4,7r/1bp1qp1N/pp1k1p2/3PpB2/2P5/4Q3/PP3P2/2K5 b - - 1 25,b7c8 e3a3 c7c5 d5c6 d6c6 a3e7,1822,75,92,502,crushing deflection discoveredAttack enPassant endgame long skewer,https://lichess.org/b77GbRc7/black#50,
0AoHi,3rb1k1/p3Rpp1/1q5p/1p1P4/4Q3/PPP2PP1/6KP/8 b - - 8 29,e8d7 e7d7 d8d7 e4e8 g8h7 e8d7,1199,75,91,514,advantage attraction clearance endgame fork long sacrifice,https://lichess.org/vcYOBs3Q/black#58,
04WvR,r2q1r1k/1b2bppp/p3p1n1/1p1n3Q/3NN3/2P2R2/PPB3PP/R1B3K1 b - - 3 17,d5f6 e4f6 e7f6 f3h3,2040,75,91,2086,advantage defensiveMove middlegame short,https://lichess.org/VmMin0xo/black#34,Sicilian_Defense Sicilian_Defense_Najdorf_Variation
0QQUt,3r4/p4pk1/4pqp1/1p1nR3/2r3P1/2P2NK1/PP2QP1R/8 b - - 3 32,c4g4 g3g4 f6f4 g4h3 d8h8 h3g2 f4h2 f3h2,1320,75,98,1182,advantage hangingPiece middlegame veryLong,https://lichess.org/gPBlxPCw/black#64,
0F8cf,r1bq1rk1/p4ppp/5b2/1pp1n3/3pPB2/P2P4/BPPN2PP/R2Q1R1K w - - 3 16,d1h5 c8g4 h5e5 f6e5,1282,75,83,278,advantage middlegame short trappedPiece,https://lichess.org/QORH05ET#31,Sicilian_Defense Sicilian_Defense_Bowdler_Attack
09WPA,r1b2rk1/2q1bppp/p1p2n2/2Pp4/1P1N4/2P5/P4PPP/RNBQ1RK1 w - - 2 12,c1g5 f6g4 d4f3 e7g5,1596,74,94,9047,advantage discoveredAttack middlegame short,https://lichess.org/msbg8ezL#23,Sicilian_Defense Sicilian_Defense_Alapin_Variation
0N31o,r4rk1/pp3pp1/1qpbbn1p/3pN3/3P4/1PNB4/P1P2PPP/R2QR1K1 b - - 0 13,b6d4 d3h7 f6h7 d1d4,1138,76,97,1704,advantage discoveredAttack middlegame short,https://lichess.org/lbvCjSYh/black#26,French_Defense French_Defense_Knight_Variation
02Z4F,6Q1/p7/8/1p6/1P3P2/P2kqK2/8/8 w - - 1 58,f3g4 e3g1 g4f5 g1g8,1003,79,94,522,crushing endgame queenEndgame short skewer,https://lichess.org/xu5pvuXh#115,
0MWl8,r2qkb1r/3p1ppp/p3p3/1p6/1n1Nn3/1QP5/PP3PPP/RNB2RK1 b kq - 0 12,b4d3 b3c2 e4c5 b2b4 d3c1 b4c5,1822,74,95,9196,advantage long opening,https://lichess.org/tdmrycKu/black#24,Sicilian_Defense Sicilian_Defense_OKelly_Variation
063io,2br2k1/ppq1rppp/3p4/2pP4/2P5/1P1P2PP/P3RQBK/5R2 b - - 2 23,d8e8 f2f7 e7f7 e2e8 f7f8 f1f8,1587,74,97,10035,deflection kingsideAttack long mate mateIn3 middlegame sacrifice,https://lichess.org/1awiF6ZG/black#46,
01Ie5,8/3R3p/6pk/5p2/5PP1/1r5P/r2B1K2/8 b - - 0 46,b3b2 g4g5 h6h5 d7h7,895,91,95,2161,deflection endgame mate mateIn2 short,https://lichess.org/MSON3n5v/black#92,
0R1HW,r1b4r/pp2qp1k/2np1p1p/2p1p3/4P2Q/3P1N2/PPP3PP/R1B2RK1 w - - 2 16,c1h6 h7g6 h6e3 h8h4,1899,75,90,129,advantage discoveredAttack middlegame short,https://lichess.org/6SxP4F3I#31,Sicilian_Defense Sicilian_Defense_Grand_Prix_Attack
08cza,r1bq1rk1/p1n2pbp/1p1p2p1/2p1n3/2P1P3/2N2NPP/PP2QPB1/R1BR2K1 w - - 0 13,c1g5 e5f3 e2f3 d8g5,946,93,95,760,advantage kingsideAttack middlegame short,https://lichess.org/wYslCH3M#25,Kings_Indian_Defense Kings_Indian_Defense_Fianchetto_Variation
02nKr,r3k3/5qp1/p1bPpBQ1/1p5r/2pP4/8/PP3PPP/R4RK1 w q - 1 23,g6g7 f7g7 f6g7 h5g5 f2f3 g5g7,1524,76,97,16072,advantage long middlegame,https://lichess.org/6mLAcOFK#45,
0Hy93,2r3k1/p4Np1/1p2p2p/8/3P3P/b1q5/4QPP1/4R1K1 w - - 0 30,e2e6 c3e1 e6e1 c8c1 e1c1 a3c1,1342,75,94,3176,clearance crushing endgame long master pin sacrifice,https://lichess.org/RjJMqIq4#59,
0U5yq,r1bqk2r/pp1nbPp1/5n2/1B4p1/8/2N2N2/PP3PPP/R2QK2R b KQkq - 0 12,e8f7 f3g5 f7f8 g5e6,1701,76,88,250,advantage opening short,https://lichess.org/0tDaFzE6/black#24,Caro-Kann_Defense Caro-Kann_Defense_Accelerated_Panov_Attack
004Op,2kr2r1/1bp4n/1pq1p2p/p1P5/1P3B2/P6P/5RP1/RB2Q1K1 w - - 3 26,e1f1 d8d1 f1d1 g8g2 g1f1 g2g1 f1e2 g1d1,2142,76,92,1728,crushing deflection kingsideAttack middlegame pin sacrifice skewer veryLong,https://lichess.org/tneg9Bzk#51,
0GcoK,5r2/4bpk1/8/1b1ppqP1/3P4/P5K1/1P1B2P1/R2Q3R w - - 0 26,d1h5 f5d3 h5f3 d3d2,1570,75,96,27223,advantage fork middlegame short,https://lichess.org/uKgAl4mV#51,
086ae,r2q3r/p3kppp/3bb3/1B6/8/4N3/PP1Q1PPP/R4RK1 w - - 2 19,f1e1 d6h2 g1h2 d8d2,1035,75,97,3011,crushing discoveredAttack kingsideAttack middlegame short,https://lichess.org/cjkX57ah#37,Queens_Pawn_Game Queens_Pawn_Game_Symmetrical_Variation
09Lzt,8/8/1p5p/1K4p1/8/2P3kP/P7/8 w - - 2 45,b5b6 g3h3 b6b5 g5g4 c3c4 g4g3 c4c5 g3g2,972,76,100,470,advancedPawn crushing endgame pawnEndgame quietMove veryLong,https://lichess.org/v1tr7jBR#89,
00DZe,8/5k2/7p/p1P1bPpP/Pp2P3/1P1pBK2/8/8 w - - 1 47,e3f2 g5g4 f3e3 e5d4 e3d3 d4f2,2389,76,94,4912,bishopEndgame crushing deflection endgame long master skewer,https://lichess.org/MVHl8Zy9#93,
0UyFe,6k1/p7/3q1p1p/3pnPp1/3Q4/P2r2PP/6K1/4RR2 w - - 0 37,d4a7 d3g3 g2g3 e5c6 g3g2 c6a7,1860,75,91,2712,crushing discoveredAttack endgame long master masterVsMaster sacrifice,https://lichess.org/7UHp33Nj#73,
0ArJV,1r3k1r/p1b3p1/3qBn2/1p4B1/8/5Q2/PP3PP1/RN2R1K1 w - - 2 21,g5f6 h8h1 g1h1 d6h2,1780,50,90,202641,attraction mate mateIn2 middlegame sacrifice short,https://lichess.org/oXPTkGFx#41,
02E9M,r2qk2r/p1p2ppp/2pb1n2/3p4/2P2Qb1/1PN1P3/PB3PPP/R3KB1R w KQkq - 4 12,f4g5 h7h6 g5g7 h8h7 g7h7 f6h7,2235,75,94,5946,advantage clearance long master middlegame trappedPiece,https://lichess.org/a808BYGC#23,Nimzo-Larsen_Attack Nimzo-Larsen_Attack_Modern_Variation
0BHCQ,8/8/8/5P1K/6p1/6P1/5k1n/8 b - - 0 56,f2g3 f5f6 h2f3 f6f7 g3f4 f7f8q,690,80,100,104,advancedPawn crushing endgame knightEndgame long promotion,https://lichess.org/JlVSWXL2/black#112,
0IfeK,2rk1b1r/5ppp/1q2p3/2pp1b2/QP6/4B2P/4BPP1/2R2RK1 b - - 0 21,b6b4 a4b4 c5b4 e3b6 d8e7 c1c8,1571,74,96,25328,advantage deflection exposedKing long middlegame,https://lichess.org/z212nfCT/black#42,
0FHqf,r4r1k/1p2Npbp/p2pbnp1/8/2BBP3/qP3P2/2PQ2PP/2KR3R w - - 1 16,d4b2 a3b2 c1b2 f6e4 c2c3 e4d2,1787,75,92,2175,crushing discoveredAttack long middlegame queensideAttack sacrifice,https://lichess.org/BxqtkIbL#31,Sicilian_Defense Sicilian_Defense_Dragon_Variation
0YfVa,2kr4/p2r2pp/8/4pb2/1b1nN3/1B3PP1/PPPB2P1/2KR3R w - - 9 21,d2b4 d4e2 c1b1 d7d1 h1d1 d8d1,1473,78,96,18693,backRankMate deflection discoveredAttack long mate mateIn3 middlegame,https://lichess.org/Hg4RNB8V#41,
03M6W,7k/ppp3rr/1b1p1Q2/4p3/4P1q1/P2P2B1/1PP1RP1P/R5K1 w - - 0 24,f6f5 g4g3 h2g3 g7g3 g1f1 h7h1,2044,75,95,12269,kingsideAttack long mate mateIn3 middlegame pin sacrifice,https://lichess.org/UHx9O7Tk#47,
00kCm,2r3k1/3n1pp1/pq2r1p1/2p5/3b4/BP5P/P2N1PP1/R1Q1R1K1 w - - 0 23,a3b2 e6e1 c1e1 d4b2 d2c4 b6f6 c4b2 f6b2,1902,74,93,6346,advantage middlegame veryLong,https://lichess.org/gGz3J9oc#45,
0SyrF,r4rk1/3nqpbp/2p1p1p1/p1PpP3/3P1B1P/6N1/P1BQ1PP1/R5K1 b - - 0 18,e7h4 f4g5 h4g4 c2d1 g4d4 d2d4,1476,76,96,1827,advantage long middlegame trappedPiece,https://lichess.org/EeNbTvN0/black#36,French_Defense French_Defense_Advance_Variation
0EPC8,r1br2k1/1pp2ppp/1qn1p3/p3P3/8/3B1P2/PP1QN1PP/1KR4R b - - 0 15,c6e5 d3h7 g8h7 d2d8,1027,76,89,417,advantage discoveredAttack kingsideAttack middlegame short,https://lichess.org/WhiFjrXQ/black#30,Nimzo-Indian_Defense Nimzo-Indian_Defense_Kmoch_Variation
08c7j,8/7R/4pk2/7K/5P2/6r1/8/8 w - - 2 62,h7h8 g3h3 h5g4 h3h8,1095,77,93,149,crushing endgame master rookEndgame short skewer,https://lichess.org/XrLp6jzy#123,
0Sp5r,r1b2rk1/pp1p1ppp/2pq1n2/4p1B1/2BnP3/2N5/PPPQ1PPP/4RRK1 w - - 4 11,g5f6 d4f3 g2f3 d6d2,1749,75,94,1512,crushing discoveredAttack middlegame short,https://lichess.org/WD0FpOeI#21,Italian_Game Italian_Game_Deutz_Gambit
08rjs,r7/p5k1/3Q3p/6p1/2pP2P1/4r1nP/PP6/R5K1 w - - 2 28,g1f2 g3e4 f2e3 e4d6,1375,75,95,22421,advantage endgame fork short,https://lichess.org/DwwnzhoJ#55,
05hpp,5q1k/7p/p5p1/1p1B4/3b1P2/7P/P2Q3K/8 b - - 1 33,d4c5 d2c3 f8g7 c3c5,1159,75,97,4795,advantage deflection endgame master short,https://lichess.org/v8cBDOgG/black#66,
08DLo,4k3/2q3p1/7p/3pP1bP/1p6/pP1Q4/Pr2N3/K4R2 w - - 0 37,d3d5 b2a2 a1a2 c7c2 a2a1 c2b2,1737,75,95,14120,attraction endgame fork long mate mateIn3 sacrifice,https://lichess.org/4CQUrihz#73,
0Hg6g,rnb2r2/pp4k1/3b1p1p/3BN2q/3P1BpP/8/PPPQ2P1/5RKR w - - 0 17,e5c4 d6f4 d2f4 h5d5,1540,79,95,24315,advantage middlegame short,https://lichess.org/eqDsSv5m#33,Kings_Gambit_Accepted Kings_Gambit_Accepted_Bishops_Gambit
0CL2Z,4r3/ppq3kp/3b1pp1/3Q4/3P1P2/2P1R3/PP3KPP/R1r5 w - - 0 25,a1c1 e8e3 f2e3 d6f4 e3d3 f4c1,1393,75,94,6156,attraction crushing endgame long skewer,https://lichess.org/5ZUgEGtP#49,
0Jj5q,rn1qk2r/ppp1nBb1/3p4/6p1/3PPpb1/2P2N2/PP4P1/RNBQ1RK1 b kq - 0 10,e8f7 f3g5 f7g8 d1g4,1192,76,89,577,crushing discoveredAttack opening short,https://lichess.org/9U4R6Ivm/black#20,Kings_Gambit_Accepted Kings_Gambit_Accepted_Kings_Knights_Gambit
0DMYN,6rk/R4Qp1/2p3p1/7p/3P4/2Pq3P/P4PP1/6K1 w - - 3 34,f7f3 d3b1 g1h2 b1b8 f3g3 b8a7,1219,73,97,22073,advantage endgame fork long,https://lichess.org/A89rdt7F#67,
05vmV,r7/4Rpkp/5qp1/p2P4/P2n4/2Q3PP/1r3PB1/4R1K1 w - - 0 31,e7f7 g7f7 c3b2 d4f3 g2f3 f6b2,1622,75,95,16367,crushing discoveredAttack fork long master middlegame,https://lichess.org/ndRcjMd6#61,
0R1Gz,3Q4/2r3kp/1q3pp1/1P2p3/4R3/7P/4RPPK/2r5 w - - 1 40,e4b4 c1h1 h2h1 c7c1 h1h2 b6d8,1481,74,93,1620,attraction crushing discoveredAttack endgame long sacrifice,https://lichess.org/PGJmY7mM#79,
0FMRN,1r3r2/2p2q1k/3bR1pp/2pP4/4Q3/P4N1P/1P3PP1/4R1K1 w - - 2 32,f3h4 f7f2 g1h1 f2f1 e1f1 f8f1,1132,77,93,9303,kingsideAttack long mate mateIn3 middlegame sacrifice,https://lichess.org/5CfWzwp2#63,
04KNK,r1b4r/pp1n2k1/4p1p1/2qN1p2/2p5/2Q5/PP3PPP/R2R2K1 b - - 1 24,g7g8 d5f6 d7f6 c3f6 g8h7 d1d4 c5d4 f6d4,2280,78,91,1719,advantage kingsideAttack middlegame veryLong,https://lichess.org/WbpgHXh6/black#48,
0KH6Q,r4rk1/ppp2ppp/2pb4/5b2/8/1B3NP1/PPP2q2/R1BQR2K b - - 0 15,d6g3 c1e3 f2e1 f3e1,1912,76,93,1625,advantage middlegame short trappedPiece,https://lichess.org/21IyXyLm/black#30,Bishops_Opening Bishops_Opening_Ponziani_Gambit
0331W,rn3rk1/pp3ppp/4p3/3p1b2/2PPn2P/q1PB1N2/P1QB1PP1/1K1R3R b - - 6 14,e4f2 d3f5 e6f5 d2c1 a3a5 c2f2,2124,86,91,988,advantage discoveredAttack long middlegame,https://lichess.org/CYeYG4HS/black#28,Vant_Kruijs_Opening Vant_Kruijs_Opening_Other_variations
0CnxQ,8/2p5/1p1p1k2/p7/2P2PB1/PP6/3K4/1b6 b - - 2 46,b1f5 g4f5 f6f5 d2e3,962,85,92,2150,bishopEndgame crushing defensiveMove endgame master short,https://lichess.org/cd3xwG0U/black#92,
0OdV7,r2qk2r/p1p2ppp/b1p5/2bpP3/3Nn3/2P5/PP1N1PPP/R1BQK2R b KQkq - 2 10,e4f2 e1f2 c5d4 c3d4,1519,75,94,1259,advantage hangingPiece opening short,https://lichess.org/wjlcpvez/black#20,Italian_Game Italian_Game_Classical_Variation
08qww,3k1b1r/2rb1Qp1/1pn1p2p/p2pP3/3p1P2/8/PPPB2PP/4RRK1 w - - 0 20,f4f5 d7e8 f7e6 e8f7 e6f7 c7f7,2003,76,95,7793,advantage long middlegame trappedPiece,https://lichess.org/YbNxj8eV#39,
0RgVZ,r4rk1/pp1b1ppp/5n2/2qp4/8/P1NQP3/1P3PPP/2R1K1NR b K - 1 14,d7b5 d3b5 c5b5 c3b5,1475,76,94,20148,advantage middlegame short,https://lichess.org/exokzz5s/black#28,Nimzo-Indian_Defense Nimzo-Indian_Defense_Other_variations
0JxjD,r3kr2/pp2qbQp/2np4/2p3N1/2npP3/6BP/P5P1/R4RK1 b q - 0 22,f7g6 f1f8 e7f8 g7b7,1968,73,94,12873,advantage middlegame short skewer,https://lichess.org/tso1WeNz/black#44,
0IQdC,1k6/ppq2p2/5Q2/6p1/6P1/2P1r3/PP6/2KR4 b - - 0 27,a7a6 d1d8 b8a7 f6d4 c7b6 d8a8 a7a8 d4b6,1368,76,97,11803,crushing deflection endgame fork veryLong,https://lichess.org/IpSniMDH/black#54,
04XX8,rn3rk1/p1pq2pp/1p2bb2/3p4/8/1BNP4/PPP1Q1PP/4RRK1 b - - 3 16,f8e8 b3d5 e6d5 e2e8 d7e8 e1e8,1987,76,92,2685,advantage kingsideAttack long middlegame,https://lichess.org/XMnZDfeb/black#32,Owen_Defense Owen_Defense_Other_variations
0LzWc,r4k1r/ppN1n1p1/2n1Q2p/5p2/8/2P2PP1/Pq2B2P/R3K2R w KQ - 0 25,e1g1 b2b6 g1g2 b6c7,1392,76,96,20258,advantage fork master middlegame short,https://lichess.org/1iHHCjRX#49,
0Dao0,r6k/pp1nq1pp/2p2p2/8/2B1P2R/2P5/PP4PP/3Q2K1 b - - 2 20,d7e5 h4h7 h8h7 d1h5,965,88,94,6229,attraction endgame kingsideAttack mate mateIn2 sacrifice short,https://lichess.org/mAX9Cws2/black#40,
0RL4r,5r2/5pbk/b2N1qpp/p2B4/1rP5/6P1/P1Q2P1P/2R1R1K1 w - - 9 27,d6e8 f8e8 e1e8 b4b2 c2b2 f6b2,1982,76,95,2683,advantage long middlegame sacrifice,https://lichess.org/qGJo0iju#53,
0S7hS,r4rk1/pp1bb2p/3n1q2/P2p1pp1/1PpN4/2P2P2/2B1R1PP/RN1Q2K1 b - - 2 21,d6b5 d4b5 d7b5 d1d5,1665,76,92,1879,advantage discoveredAttack middlegame short,https://lichess.org/uP0IiV95/black#42,
082tF,3r2k1/pB3ppp/P3p3/4N3/b2P4/2r1P3/n2K1PPP/R1q4R w - - 0 26,a1c1 c3c1 h1c1 a2c1,1321,76,97,4170,advantage middlegame short,https://lichess.org/w1726a0X#51,
013hi,2k5/bpp2B2/p1np4/4pR2/PP2P1q1/1NPP2P1/5RK1/8 b - - 6 30,a7f2 f7e6 c8d8 f5f8 d8e7 e6g4,1248,75,98,9712,crushing discoveredAttack endgame fork long,https://lichess.org/Ckj1gHe9/black#60,
072a9,r4k2/1b3ppQ/p2p3p/1p6/3bNP1q/3B1R1P/PPP3P1/7K w - - 6 26,e4d6 b7f3 h7h8 f8e7 d6f5 e7d7,2304,77,91,1744,advantage defensiveMove long middlegame,https://lichess.org/WAUdwXJw#51,
0P1qU,8/8/8/3b1p1p/4k1pP/6B1/5RPK/3r4 b - - 35 69,d5e6 f2e2 e4d5 e2e5 d5d6 e5e1,1576,74,95,32124,advantage discoveredAttack endgame long,https://lichess.org/M9iFDj8t/black#138,
0A3xr,r2q1rk1/1b3pp1/4pn1p/ppp5/3P2N1/3QP1P1/PPB2PP1/R4RK1 b - - 1 17,b7e4 g4f6 g7f6 d3e4,997,75,100,399,advantage kingsideAttack middlegame short,https://lichess.org/0vbbJiN8/black#34,Queens_Pawn_Game Queens_Pawn_Game_London_System
0GZ18,2r5/4Q2R/p3p3/1kqpPrp1/1p6/8/PPP5/1KR5 w - - 0 38,e7e6 c5c2 c1c2 f5f1 c2c1 f1c1,1193,79,94,20180,endgame long master mate mateIn3 sacrifice,https://lichess.org/2OQ7qZZw#75,
017u3,r2qk2r/4bppp/p3bn2/1p2N3/5B2/2N5/PP3PPP/R2QR1K1 b kq - 1 19,e8g8 e5c6 d8e8 c6e7 e8e7 f4d6 e7d8 d6f8,2020,74,94,8038,advantage kingsideAttack opening skewer veryLong,https://lichess.org/zSJZUzqR/black#38,Caro-Kann_Defense Caro-Kann_Defense_Exchange_Variation
06J8B,r1b2k2/5ppp/3q1n2/4NP2/1p2P3/3B2QP/6P1/1R4K1 b - - 0 23,c8b7 e5g6 h7g6 g3d6,1186,75,99,1312,crushing discoveredAttack middlegame short,https://lichess.org/CB50kM5n/black#46,
0Hmnw,r1b2r2/6kp/1qp3p1/2n3Q1/pp2P1n1/3B4/PPP1N3/1K1R2NR b - - 1 20,c5d3 g5e7 f8f7 h1h7 g7h7 e7f7,1680,75,93,1474,attraction crushing deflection long middlegame,https://lichess.org/BSBWpnxy/black#40,
02k6v,r5k1/pb2Brpp/1p2p3/4n3/3RP2P/2P5/PPQ1BqP1/2K4R w - - 3 23,h1f1 f2e3 c2d2 e3d2,2211,77,79,277,advantage middlegame queensideAttack short,https://lichess.org/VGogLWOo#45,
0M624,8/8/8/p3k2p/P6P/1P4K1/8/8 w - - 2 49,g3h3 e5d4 h3g3 d4c3 g3f2 c3b3 f2e2 b3a4,1123,81,94,4393,crushing endgame pawnEndgame veryLong,https://lichess.org/DwXrklCs#97,
09fDR,r1bq1rk1/pp3ppp/2pb4/4n3/2B3Q1/2NP4/PPP2PPP/R1B1R1K1 w - - 2 12,g4d4 e5f3 g2f3 d6h2 g1h2 d8d4,1722,74,95,15697,advantage discoveredAttack kingsideAttack long opening sacrifice,https://lichess.org/nnB8ykqS#23,Scandinavian_Defense Scandinavian_Defense_Mieses-Kotroc_Variation
0FjmM,r1b2rk1/p4pp1/7N/2bpp2Q/2p2q1P/2P5/PPR2PB1/6RK b - - 0 26,f4h6 h5h6 g7h6 g2d5 g8h8 d5a8,1089,79,92,949,advantage discoveredAttack long middlegame,https://lichess.org/u3AqrHbE/black#52,
07avT,r4rk1/1p3p1q/2pb2pP/p1n3Q1/P1P1p1RN/3p4/1P3P1P/R1B3K1 b - - 1 26,c5e6 g5f6 a8e8 h4g6 h7g6 g4g6 f7g6 f6g6,2032,75,90,1690,advantage kingsideAttack middlegame veryLong,https://lichess.org/1XGED2lR/black#52,
0Dvd3,r3rbk1/p4pp1/2p2p1p/1p6/3PB3/1PP1PN1q/P1Q5/R4RK1 w - - 0 21,f1f2 h3g4 f2g2 g4e4 c2e4 e8e4,1715,75,87,859,advantage kingsideAttack long middlegame,https://lichess.org/iZ4HglrK#41,
05i3A,5B2/p1p5/1k6/2p4p/P1P2Kp1/8/8/8 w - - 2 36,f4g5 g4g3 g5h5 g3g2 a4a5 b6c6,1686,72,94,12733,advancedPawn bishopEndgame crushing defensiveMove endgame long,https://lichess.org/Hh3wBqun#71,
05LdW,2n5/p1k2q2/1pPr4/3Pp1p1/P7/3Q4/1P3P2/K1R5 b - - 0 41,f7d5 d3h7 c7d8 c6c7 d8e8 h7h8 e8e7 h8c8,1705,74,94,613,advancedPawn crushing endgame master skewer veryLong,https://lichess.org/QmhkWVxC/black#82,
0G5it,6k1/1R1Q3p/2p1np2/p7/2P2Pp1/2K2qP1/PP6/8 w - - 5 41,d7d3 f3d3 c3d3 e6c5 d3d4 c5b7,1187,76,97,13938,attraction crushing endgame fork long master,https://lichess.org/UYlJ1Wx9#81,
03k1q,3r2k1/p1Q2pp1/6rp/5b2/1P1q3P/P2P2P1/4BP1K/3RR3 w - - 0 26,e2h5 d4f2 h2h1 g6g3,1918,75,95,793,crushing deflection middlegame short,https://lichess.org/E5eKAHbA#51,
0Ii0m,rn1qr1k1/pbp2pp1/1p1p1n1p/1P2p3/2P1P3/P2B1N2/1BP2PPP/R2Q1RK1 b - - 2 11,b7e4 d3e4 f6e4 d1d5 b8d7 d5e4,1450,73,95,16980,advantage clearance fork long opening,https://lichess.org/a3jwKYXK/black#22,Vienna_Game Vienna_Game_Other_variations
0L6Rc,2r2rk1/1pq1pp1p/6p1/bPB5/P3N3/6PP/4Q1P1/5RK1 b - - 0 22,b7b6 c5e7 c7e7 e4f6 e7f6 f1f6,1835,74,94,8078,advantage kingsideAttack long middlegame sacrifice,https://lichess.org/2jQH928Z/black#44,
0DIB4,rnb1r1k1/pp2Pp1p/6p1/q3b1B1/2P5/2N5/PP3PPP/R2QKB1R w KQ - 1 12,d1c2 e5c3 c2c3 a5g5,1549,75,96,32109,crushing discoveredAttack opening short,https://lichess.org/WOWEdUv5#23,Kings_Indian_Defense Kings_Indian_Defense_Zinnowitz_Variation
0Emc1,r5k1/1pN3q1/p2pb1pp/2p5/2PbP3/3B1Q2/PP4PP/5R1K b - - 6 21,a8f8 f3f8 g7f8 f1f8 g8f8 c7e6,1598,74,91,1619,attraction crushing exposedKing kingsideAttack long middlegame,https://lichess.org/FRpDVDQA/black#42,
0NXVs,8/6P1/5K2/1R6/2p5/8/1k6/6r1 b - - 0 52,b2a2 b5g5 g1g5 f6g5 c4c3 g7g8q,1563,75,96,15943,advancedPawn crushing endgame long promotion rookEndgame,https://lichess.org/OAayw1MQ/black#104,
0Hr1i,1r2B3/1p2n3/p3k2B/3p2p1/3P4/8/PP3PPP/6K1 w - - 1 33,e8h5 b8h8 h6g5 h8h5,1429,76,96,29125,advantage endgame short,https://lichess.org/2Ud1mptv#65,
0MXJc,r2q1r2/4ppk1/p1np2p1/1pp3N1/4P3/2PP4/PP2Q1PP/R4RK1 b - - 0 16,e7e6 f1f7 f8f7 g5e6 g7h7 e6d8,1673,76,96,24437,crushing fork long middlegame sacrifice,https://lichess.org/lUjwa4oU/black#32,Sicilian_Defense Sicilian_Defense_McDonnell_Attack
0LSIw,r2qk2r/pbpp1pp1/1p6/2b4p/2Q1P1n1/2NB3P/PPP2PP1/R1B2RK1 w kq - 0 11,h3g4 h5g4 g2g3 d8f6,2197,83,89,443,advantage opening short,https://lichess.org/jK0XjQqq#21,Four_Knights_Game Four_Knights_Game_Scotch_Variation
0TnpZ,3rk2r/2q1b1pp/p3pp2/4p3/1PNnb3/P5BP/1Q2BPP1/3R1RK1 b k - 1 20,e8g8 d1d4 d8d4 b2d4 e5d4 g3c7,1605,74,94,9544,advantage long middlegame,https://lichess.org/X1CWOQxJ/black#40,
0BWMu,5r2/4k1p1/p3p3/2P3pR/8/6P1/r4PK1/7R w - - 0 32,h5g5 a2f2 g2h3 f8h8 h3g4 h8h1,1555,75,97,18192,crushing endgame long rookEndgame skewer,https://lichess.org/nKoKdUzN#63,
00xmm,r6r/ppk3pp/2pN4/4P3/1b6/6PQ/PP3PKP/R1Bq4 b - - 2 24,b4d6 e5d6 d1d6 c1f4 d6f4 g3f4,978,83,95,384,advantage long middlegame pin,https://lichess.org/Pci9z8kp/black#48,
09KMK,r1b3k1/1pp3p1/2nq4/p3prpQ/P4p2/1BPP4/1P3PK1/R1B4R b - - 1 23,g8f8 h5h8 f8e7 h8g7,1050,77,100,145,crushing deflection middlegame short,https://lichess.org/Ue7KWAoC/black#46,
0QbOG,r1b4Q/pppk1p1p/8/1P6/2B1P3/2NP4/P1K2bqP/7R w - - 0 18,h1d1 f2d4 d1d2 g2d2 c2d2 d4h8,1335,76,93,4070,crushing discoveredAttack long middlegame,https://lichess.org/srA10rQy#35,Italian_Game Italian_Game_Evans_Gambit_Declined
0ES1n,rr4k1/pRpq1ppp/2n2n2/4p3/P1Pp4/B2P1BP1/P3PP1P/3Q1RK1 w - - 1 14,d1b1 e5e4 b7b8 a8b8 b1d1 e4f3,2180,76,91,5263,advantage long middlegame,https://lichess.org/UMLtfLVi#27,Zukertort_Opening Zukertort_Opening_Black_Mustang_Defense
0DrGp,rn6/1pp3pk/pb2Q2p/4P3/1P1rNq2/P4P2/4BP1P/R3K2R w KQ - 1 18,a1d1 d4e4 f3e4 b6f2,2038,75,92,2287,advantage attackingF2F7 discoveredAttack middlegame short,https://lichess.org/kBCGQogV#35,Reti_Opening Reti_Opening_Other_variations
0XPN8,5rk1/1b4p1/7p/p4B2/5R2/PPp3PP/6r1/3R1K2 b - - 2 37,g2g3 f5e6 g8h7 f4f8 g3f3 f8f3,1211,79,96,26903,crushing deflection discoveredAttack endgame long,https://lichess.org/sIaz5cuq/black#74,
009aD,r4k1r/pp3pp1/4p3/3pP1np/6bq/1PP2P2/P3B1PP/RN1Q1RK1 w - - 1 14,f3g4 h5g4 e2g4 h4h2,1412,75,87,200,advantage kingsideAttack middlegame short,https://lichess.org/aITVdulW#27,Queens_Pawn_Game Queens_Pawn_Game_Krause_Variation
08jHb,r5nr/p1p1q1p1/2Q3k1/4pbNp/7P/8/P1n2PP1/RN3RK1 b - - 2 18,e7d6 c6a8 g8f6 a8h8,1490,76,92,2820,advantage hangingPiece middlegame short,https://lichess.org/WgIrliEF/black#36,Italian_Game Italian_Game_Evans_Gambit
04VZT,8/1pr4p/p7/P5K1/8/2Pk4/8/1R6 b - - 15 38,c7d7 b1d1 d3c4 d1d7,811,80,91,171,crushing endgame rookEndgame short skewer,https://lichess.org/8DNVdqjE/black#76,
05pgH,5rk1/3P4/6p1/3Pp3/4P3/6bb/2Q2PBq/1R2RK2 w - - 1 35,g2h3 f8f2 c2f2 h2f2,1583,75,96,12905,fork mate mateIn2 middlegame short,https://lichess.org/hqxDbY8T#69,
080T4,r3r1k1/pp3pbp/2pR2p1/2n1q3/2PNpQb1/1P4P1/PB2PPBP/5RK1 b - - 3 18,g6g5 f4g4 e5d6 d4f5,1819,74,94,8080,crushing master masterVsMaster middlegame sacrifice short,https://lichess.org/uUmAZq17/black#36,Kings_Indian_Attack Kings_Indian_Attack_Symmetrical_Defense
033Z0,2rbBR2/pk6/bp2p3/3pP3/8/2P1B3/PP4PP/6K1 w - - 8 28,e8f7 d8g5 f8c8 g5e3 g1h1 b7c8,1879,75,93,3340,advantage endgame long master sacrifice,https://lichess.org/xjlyLarY#55,
0OADK,4n1k1/p1p4p/1p3q2/3P2n1/1P1N1p2/P4QP1/5P1P/3R2K1 w - - 0 31,f3f4 g5h3 g1f1 h3f4,1042,76,94,3487,crushing endgame fork master short,https://lichess.org/Ojcr29Zc#61,
06Z0G,2R3nr/2brk2q/3P1p2/1QP1n3/4P3/2B3pp/2PN3p/5R1K b - - 0 29,c7d6 c5d6 e7f7 c3e5,1786,78,92,9077,crushing middlegame pin short,https://lichess.org/zEt66Jzg/black#58,
0NvjT,2br3k/1p4pp/p4b2/8/4B3/2r2P2/4N1PP/R3R1K1 b - - 1 25,c3c2 e4c2 f6a1 e1a1,1096,76,93,447,advantage middlegame short,https://lichess.org/fd8cpxoH/black#50,
0D9wm,5rk1/p2pnppp/8/qb2Q3/3nP3/2N5/PP3PPP/1K1R3R w - - 0 18,d1d4 b5d3 d4d3 a5e5,1573,80,95,21307,advantage discoveredAttack middlegame short,https://lichess.org/7l72MF4j#35,Ponziani_Opening Ponziani_Opening_Other_variations
03d5A,r5k1/1pqbn1p1/pbn5/3pp1PP/3P3N/2PBB3/8/RN3QK1 b - - 0 22,a8f8 d3h7 g8h7 f1f8,1141,77,83,823,crushing deflection kingsideAttack middlegame short,https://lichess.org/0LDpBBrz/black#44,
07PSG,1rkq4/pbp1b2r/1p1p1n1p/4pN2/4Pp2/1BNP4/PPP1QPPP/R3K2R w KQ - 0 20,e2h5 f6h5 b3e6 d8d7 f5e7 h7e7,1577,75,89,263,advantage hangingPiece long middlegame,https://lichess.org/JfTLoL7l#39,
04e2n,5k1r/r4pp1/1qRbp3/p7/Q2P1P2/P2B2P1/3B3P/6K1 b - - 0 26,b6b2 c6c8 f8e7 c8h8,1022,77,94,1606,crushing middlegame short skewer,https://lichess.org/blRwpk5S/black#52,
08n5W,6k1/pp2b1p1/8/2p1qB1p/3p4/PP2r2P/1NP5/3Q1R1K w - - 2 34,b2c4 e5d5 h1h2 e7d6 c4d6 d5d6,1736,74,90,253,advantage exposedKing long middlegame,https://lichess.org/1AuEHRk6#67,
07QcN,r2r2k1/4R1pp/3q4/3P4/2P5/p7/3Q1PPP/4R1K1 w - - 2 32,e7e6 d6e6 e1e6 a3a2 e6e1 a2a1q,1690,75,95,5067,advancedPawn advantage endgame long promotion sacrifice,https://lichess.org/9cFGLwO7#63,
0KN4Z,r1b2k1r/pp4pp/nq6/3QR1B1/8/P1N5/1PP2PPP/R2K4 w - - 3 18,d5d8 b6d8 g5d8 c8g4 f2f3 a8d8,1093,76,98,785,advantage discoveredAttack long middlegame,https://lichess.org/US0sGtnT#35,Italian_Game Italian_Game_Two_Knights_Defense
03YKj,r4rk1/pp1qppbp/5np1/n1pP2N1/4N3/3P1Q2/PPP2PPP/R1B2RK1 b - - 5 12,d7d5 e4f6 e7f6 f3d5,860,101,95,1239,crushing discoveredAttack kingsideAttack middlegame short,https://lichess.org/qtTMSQ1S/black#24,Sicilian_Defense Sicilian_Defense_Closed
07Khq,r1b1rnk1/pp2q1pp/2pb1p2/4p3/4Q2N/2PB2B1/P1P2PPP/R3R1K1 b - - 3 16,e7e6 d3c4 e6c4 e4c4,1519,74,97,11469,crushing middlegame pin short,https://lichess.org/WeYBIoKT/black#32,Indian_Defense Indian_Defense_Other_variations
0LqtI,4r3/6kp/1n2q1p1/2p1N3/ppP1Q3/7P/PP4P1/5R1K w - - 2 32,f1f7 e6f7 e5f7 e8e4,1075,82,93,5704,crushing discoveredAttack endgame short,https://lichess.org/qzpUPr1Z#63,
0Deuc,r4r2/ppq2pkp/2n1b1p1/3p2Q1/2pP3N/2P1R3/PP3PPP/R4BK1 b - - 7 19,c7e7 h4f5 e6f5 e3e7,1483,73,96,31585,crushing middlegame pin short,https://lichess.org/uGdVi6dl/black#38,Russian_Game Russian_Game_Other_variations
0H9kr,1k1r4/pp5R/8/8/P1p3Q1/1Pq3P1/2p2PKP/8 w - - 2 31,g4f4 b8a8 f4c7 d8b8 h7h4 c2c1q h4c4 c3c4,1644,73,95,15641,advancedPawn advantage clearance defensiveMove endgame promotion quietMove veryLong,https://lichess.org/dI3dULN6#61,
0LREo,1r3r1k/pbp1q1pp/5n2/n1P1pp2/8/P3PN2/B1Q2PPP/1RBR2K1 w - - 6 20,c2f5 b7e4 b1b8 e4f5 b8f8 e7f8,2083,76,94,12698,advantage fork long middlegame,https://lichess.org/lOFXRhGr#39,
0A5Iq,r1bq2kr/ppp3b1/2np1n1p/7B/3PpQ1B/2P1P3/PP1N1PPP/R3K2R w KQ - 2 16,d2e4 f6h5 h4d8 h5f4,1265,78,90,275,advantage hangingPiece middlegame short,https://lichess.org/HGbjXeED#31,Indian_Defense Indian_Defense_Other_variations
0LYxU,r1b1rbk1/ppp2p1p/3pn1q1/3N3p/1PP1P2N/8/P4PPP/R2Q1RK1 b - - 3 16,g6e4 d5f6 g8h8 f6e4,1070,85,94,5171,crushing fork opening short,https://lichess.org/LMCXQMOg/black#32,Old_Indian_Defense Old_Indian_Defense_Normal_Variation
06DeN,6k1/R4pp1/3pq2p/6r1/1P6/P3PQ1r/3R1PP1/6K1 w - - 0 32,f3h3 e6h3 a7a8 g8h7,1036,78,98,1052,crushing endgame pin short,https://lichess.org/PutGoKG6#63,
01Z1w,r7/2p2pk1/q4np1/3PQ3/4P3/5PPp/2R2NKP/8 w - - 0 34,g2h3 a6f1 h3h4 a8h8 h4g5 h8h5 g5f4 h5e5,1655,74,96,16972,crushing endgame skewer veryLong,https://lichess.org/3goHO8hu#67,
0J1ZJ,r5k1/p3R2p/1p4p1/2pq1pQ1/8/2P3P1/P1P2P1K/8 b - - 3 30,d5d6 g5h4 h7h5 h4c4 g8h8 c4f7 d6e7 f7e7,2171,76,94,9852,advantage endgame veryLong,https://lichess.org/huyoSIB2/black#60,
0URV9,4k2r/2p5/2q1b2p/4P3/8/8/PQ4PP/5R1K b - - 0 24,h8f8 b2b8 e8d7 b8f8,1570,75,96,16694,crushing deflection endgame short skewer,https://lichess.org/5q3RVrGc/black#48,
0IfAP,r2qk1nr/1b2ppbp/p1np2p1/1ppB1P2/4P3/P4N2/1PPP2PP/RNBQ1RK1 w kq - 2 9,d5f7 e8f7 f3g5 f7e8 g5e6 g7d4,2001,77,84,132,advantage hangingPiece long opening,https://lichess.org/iOQz01Gt#17,Modern_Defense Modern_Defense_Other_variations
0LmPf,r2qrnk1/p3p1bp/1pp1R1p1/3p4/3P4/2PQ1N2/PP1N1PPP/R5K1 w - - 4 17,e6c6 d8d7 d3b5 a8c8 c6c8 d7b5 c8e8 b5e8,2186,76,93,5449,advantage middlegame veryLong,https://lichess.org/8tVgnFCm#33,Dutch_Defense Dutch_Defense_Other_variations
0L8Wk,r1bqk2r/1pp2p2/p1np1n2/2b1p1B1/2B1P3/2NP3P/PPP2PP1/R2QR1K1 b kq - 0 10,c6d4 c3d5 f6d5 g5d8,1654,74,93,1963,advantage opening short,https://lichess.org/euylcwWa/black#20,Italian_Game Italian_Game_Giuoco_Pianissimo
05IuY,r2q1rk1/ppp1ppbp/2np1np1/8/1PB1P3/2PP1N1P/P4PP1/R1BQK2R b KQ - 0 9,f6e4 d3e4 g7c3 c1d2 c3a1 d1a1,1560,75,90,455,advantage long opening,https://lichess.org/gkfdlzGt/black#18,Modern_Defense Modern_Defense_Other_variations
0BmwD,r2q2k1/5ppp/1p2p3/2P5/3p4/1P2PP2/P3QP1P/2R3K1 w - - 0 27,e3d4 d8g5 g1f1 g5c1,1143,77,95,8992,crushing endgame fork short,https://lichess.org/BjDUWdMJ#53,
09LYf,8/4r1k1/Q2b1p2/1p3P1p/2q1N1pP/8/PPP2PP1/4RK2 w - - 3 31,e1e2 e7e4 a6b7 e4e7 b7e7 d6e7,1823,75,95,14983,crushing endgame long pin,https://lichess.org/69NRXAYJ#61,
09VPj,1r3rk1/p1q3bp/1p2p1p1/5p2/2N1R1N1/2P2P2/PPQ3PP/3R2K1 w - - 0 23,e4e6 c7c4 c2e2 c4e2 e6e2 f5g4,1954,75,92,4799,advantage hangingPiece long middlegame,https://lichess.org/TraWGY2Z#45,
0KTA2,b1r2rk1/2p2pp1/p4q1p/1p3N2/6Q1/8/P1P2PPP/1R2R1K1 b - - 3 21,c7c5 f5e7 g8h7 e7c8,1678,74,95,26754,advantage fork middlegame short,https://lichess.org/aml0qf2E/black#42,
022ib,2kr4/2p2pp1/8/1R2PP1p/6n1/8/4Q1PP/3q2BK w - - 1 28,e2b2 d1g1 h1g1 d8d1,1583,74,96,24763,attraction endgame mate mateIn2 sacrifice short,https://lichess.org/RMJWhohP#55,
0Kwzt,r1b1r1k1/ppp2ppp/1b3n2/2BqN3/1P1Pn3/P3P3/5PPP/R2QKB1R b KQ - 2 14,a7a5 f1c4 e8e5 c4d5,1652,75,76,145,advantage opening short,https://lichess.org/nqw0kVus/black#28,Nimzo-Indian_Defense Nimzo-Indian_Defense_Other_variations
015pp,8/8/8/3pp3/5P1R/r3k3/6K1/8 b - - 0 51,e5f4 h4h3 e3e2 h3a3 d5d4 a3a2,1653,75,85,1324,crushing endgame long rookEndgame skewer,https://lichess.org/gORdjPkR/black#102,
0Fjne,r4rk1/1bq1b1pp/p4p2/1p1npP2/3p2N1/PB1P1Q1P/NPP3P1/R4RK1 b - - 1 18,g8h8 b3d5 b7d5 f3d5,1027,77,96,2081,advantage middlegame short,https://lichess.org/QjPc3AWq/black#36,Bishops_Opening Bishops_Opening_Berlin_Defense
0O2Dq,4r3/p1k5/8/5R2/2B2Kp1/P3Pb2/8/8 w - - 1 46,f5h5 e8e4 f4g3 e4c4,1399,79,97,26436,crushing endgame fork short,https://lichess.org/PBJh2gFa#91,
0Cyrz,6k1/p6p/bp2q1p1/2p1Pp2/2P2P2/P1Q5/6PP/3B2K1 b - - 1 31,e6c4 d1b3 c4f7 b3f7,1193,79,94,1620,crushing endgame pin short,https://lichess.org/YJ5eBHH2/black#62,
0B4YH,8/1Q5p/7k/3N4/1p1bp3/6Pq/PPr2P1P/5RK1 w - - 4 29,d5f4 d4f2 f1f2 c2c1 f2f1 h3f1,1357,74,96,17333,endgame long mate mateIn3 sacrifice,https://lichess.org/QJdcctra#57,
0Y9K1,2kr4/p2r2pp/1p1b1p2/2p5/2P2Nn1/1P2B3/P2R1PPP/3R2K1 w - - 2 23,h2h3 g4e3 f2e3 d6f4,1296,75,92,3191,advantage middlegame short,https://lichess.org/34OTnjfF#45,
06vF7,rn2k1nr/1pp2p1p/p2pb1q1/7Q/2BPPp2/2N5/PPP3P1/R1B2K1R w kq - 1 12,h5g6 e6c4 f1g1 f7g6,1618,76,88,1062,advantage hangingPiece intermezzo opening short,https://lichess.org/IQTJw5sl#23,Vienna_Game Vienna_Game_Other_variations
047kN,8/3R1pkp/1p6/p7/P2K4/1R1P2P1/4r2P/2b5 w - - 0 37,b3b6 c1e3 d4c4 e3b6,1172,75,100,195,advantage endgame master short skewer,https://lichess.org/uY7LqDCA#73,
0J0rA,r1b1kb1r/ppppq1p1/2n2n1p/8/5B2/2P2N2/PP2PPPP/RN1QKB1R w KQkq - 0 7,f4c7 d7d6 c7d6 e7d6 d1d6 f8d6,1571,73,95,19565,advantage long opening quietMove,https://lichess.org/ejYkIc1M#13,Englund_Gambit_Complex Englund_Gambit_Complex_Englund_Gambit
0PrZM,1r4k1/pN2Rppp/8/3n4/1B1p4/1P1P4/2r2PPP/5RK1 w - - 3 25,f1e1 d5e7 b4e7 b8b7,1340,75,93,5989,advantage capturingDefender middlegame short,https://lichess.org/cQNOvy8R#49,
0NSOo,r6r/pp1k4/3q1p2/2pp1bp1/6p1/2NP1B2/PPP2PP1/R2QR1K1 w - - 0 20,f3g4 d6h2 g1f1 h2h1 f1e2 f5g4,1140,77,97,976,crushing interference kingsideAttack long middlegame,https://lichess.org/m6QWfHPj#39,
0Cord,3q1k2/1p3p2/2pN1p1P/2P5/1p4R1/8/4rPP1/1K5R b - - 0 32,d8a5 g4g8 f8e7 g8e8 e7d7 e8e2,1795,74,95,2267,crushing endgame long skewer,https://lichess.org/tWu7ny1l/black#64,
0VNqd,r1b1knQ1/ppppq2p/8/4n1p1/4P3/1B6/P4PPP/3R1RK1 b q - 11 17,d7d6 f2f4 c8e6 b3e6 e7e6 g8e6 f8e6 f4e5,1935,75,88,235,advantage exposedKing middlegame veryLong,https://lichess.org/HMGrFISG/black#34,Danish_Gambit_Accepted Danish_Gambit_Accepted_Copenhagen_Defense
0L6qB,r2qk2r/pp2n1bp/3pp1p1/3N4/4Q3/4P3/PPP2PPP/R1B1K2R w KQkq - 0 14,e4e6 d8a5 c1d2 a5d5 e6d5 e7d5,1144,75,96,908,advantage long middlegame,https://lichess.org/9jIsXNLY#27,Benoni_Defense Benoni_Defense_Old_Benoni
0JFtK,2qr4/5kpp/pp2pp2/8/1n2P3/1P4Q1/PB3PPP/5RK1 w - - 3 25,f1c1 c8c1 b2c1 d8d1,1228,75,95,13264,backRankMate endgame mate mateIn2 sacrifice short,https://lichess.org/E336xSTX#49,
09a7a,r2q1rk1/pp2ppb1/3pb1pB/8/2B1P3/2N5/PP1Q2PP/R4RK1 b - - 0 16,e6c4 h6g7 g8g7 d2d4 e7e5 d4c4,1066,77,94,4545,advantage attraction fork long middlegame,https://lichess.org/jOZKoEyy/black#32,Modern_Defense Modern_Defense_Other_variations
01xdm,r3k2r/4bppp/p2p4/2pPp3/4P1n1/2N2P1q/PP1BQP1P/R3K2R b KQkq - 6 15,g4h2 e1c1 h3f3 h1h2 f3e2 c3e2,1903,79,73,282,advantage castling long middlegame,https://lichess.org/kaULwkrz/black#30,Sicilian_Defense Sicilian_Defense_Alapin_Variation
0Asd1,r3q1k1/pp4b1/n1p2prp/4p3/2P1P2Q/2N1B2P/PP1R1PP1/3R2K1 w - - 0 20,h4h5 g6g2 g1g2 e8h5,881,91,87,422,advantage discoveredAttack kingsideAttack middlegame short,https://lichess.org/HX5zC59G#39,
0HE5l,r1b2r1k/1p3p1p/p3p3/5p2/3q1P2/3B3R/PP4PP/R2Q3K b - - 3 19,f8g8 h3h7 h8h7 d3f5 e6f5 d1d4,1775,76,91,1360,advantage attraction discoveredAttack kingsideAttack long middlegame sacrifice,https://lichess.org/YIgr53mW/black#38,Sicilian_Defense Sicilian_Defense_Old_Sicilian
0WtbO,2r2r1n/pp1bq2k/1bp4p/3pPP1Q/2PN3P/1P2P2K/PB6/2R2R2 b - - 0 26,e7f7 h5f7 h8f7 e5e6,1479,75,94,18363,advantage middlegame short,https://lichess.org/hDCr2c2P/black#52,
0L8l3,5r1k/Q5bp/6p1/2P1p3/4P1q1/2B3P1/P6P/4R2K w - - 1 33,c5c6 g4f3 h1g1 f3c3,1540,76,97,17442,advantage endgame fork short,https://lichess.org/YVIXcn5y#65,
0U4gN,3r1rk1/3bRp2/p2p1pp1/1p1P4/8/3B3P/P1P2KP1/4R3 b - - 5 25,f8e8 e7d7 d8d7 e1e8,1440,72,96,34979,capturingDefender crushing deflection discoveredAttack endgame short,https://lichess.org/1TZCGpZ8/black#50,
0KFd4,r3r3/1p4pp/p7/R7/3n4/kP6/P4PPP/2R3K1 b - - 1 28,a3b4 a5a4 b4b5 a4d4,1376,74,95,14985,advantage endgame short skewer,https://lichess.org/dqnXdm3a/black#56,
0Mf9G,r1bqkb1r/ppp1pn1p/2n3p1/3p1P1Q/7N/2P5/PP1P1PPP/RNB1KB1R w KQkq - 0 7,f5g6 h7g6 h5g6 h8h4,1357,78,94,28748,advantage discoveredAttack master opening short skewer,https://lichess.org/IHR8npRS#13,Nimzowitsch_Defense Nimzowitsch_Defense_Colorado_Countergambit_Accepted
0BN01,r2q1r1k/ppp1b1pp/3pBn2/4p3/3nP3/2NPB3/PPPQ1PPP/R3K2R w KQ - 5 11,c3d5 d4e6 d5e7 d8e7,1999,74,90,448,advantage hangingPiece middlegame short,https://lichess.org/EbT146Zb#21,Russian_Game Russian_Game_Italian_Variation
0P1ZJ,6k1/1p3p2/3bq1p1/1P1R3p/2Q5/r3PNPP/4NnK1/8 w - - 0 37,g2f2 e6e3 f2f1 e3f3,1592,76,96,16167,crushing deflection master middlegame short,https://lichess.org/j5AcHkmZ#73,
0C58k,r1bqk2r/pp3pp1/2n1p3/3pP3/3P2Pn/P4N2/1P1bBP2/R1BQ1RK1 w kq - 0 16,d1d2 h4f3 e2f3 d8h4,1025,81,93,1462,clearance crushing kingsideAttack opening short,https://lichess.org/0hj2PfZc#31,French_Defense French_Defense_Knight_Variation
0GzVz,4r2k/7p/2p3pP/4b3/P7/1PPq1b2/KQ6/2R5 b - - 6 39,e5c3 c1c3 d3d4 c3f3,1285,74,96,264,advantage endgame short skewer,https://lichess.org/8jAa5MkG/black#78,
08iVK,5r2/2pk3p/p5pP/3Pp3/P3np2/2pK4/2P5/1r1B1RR1 b - - 1 35,e4g3 d1g4 d7d6 f1b1,1177,75,96,2478,advantage discoveredAttack endgame master short,https://lichess.org/dtlfIbte/black#70,
0NyDh,6k1/1p3ppp/2n5/p2N1b2/2B1p3/PN2b3/1P4PP/5K2 b - - 3 27,f5e6 d5e3 e6c4 e3c4,1480,73,93,10273,advantage endgame hangingPiece master short,https://lichess.org/NF0l8qPq/black#54,
0LTxA,1rb3r1/1k1pP1p1/pp1Qp1Np/2p5/2P3PP/4P3/1P2q3/1K1R4 b - - 3 30,e2g4 g6f8 g4h5 f8d7 h5d1 d6d1 c8d7 d1d7,1973,74,92,438,advantage middlegame veryLong,https://lichess.org/22six82Z/black#60,
02eiu,r4rk1/3bn1bp/1Bpq2p1/3p4/1P2Pp2/2PB4/4N1PP/2RQ1RK1 w - - 0 20,e2f4 f8f4 b6c5 f4f1,1250,76,86,366,advantage kingsideAttack middlegame short,https://lichess.org/dpXiIJCc#39,
0DqBZ,r1b2rk1/pp1p1p1p/1q4p1/3Bp3/3bP3/8/PP1Q1PPP/R1B2RK1 b - - 0 13,d7d6 d2h6 c8e6 c1g5 f7f6 d5e6,1666,75,92,1665,clearance crushing kingsideAttack long middlegame quietMove,https://lichess.org/kpE2XEQy/black#26,Sicilian_Defense Sicilian_Defense_Hyperaccelerated_Pterodactyl
05URT,4kb2/pp1b2pr/4p2N/3pP3/1q1P4/1P2PQ2/P2N2PP/5RK1 b - - 0 19,h7h6 f3f7 e8d8 f7f8 b4f8 f1f8,1335,77,94,24019,advantage deflection exposedKing long middlegame,https://lichess.org/Rzb7aps9/black#38,French_Defense French_Defense_Advance_Variation
0Qr5e,1r3rk1/p3p1b1/2pppnpB/8/1q2P3/2N2P2/PPPQ2P1/2KR3R w - - 2 17,b2b3 f6e4 f3e4 g7c3 d2c3 b4c3,1965,74,95,7299,crushing discoveredAttack long middlegame,https://lichess.org/TVmBASzp#33,Sicilian_Defense Sicilian_Defense_Dragon_Variation
0NZwv,r3k2r/p4ppp/1pq1p3/2bn4/8/2NR2P1/PPQ1PP1P/R1B3K1 w kq - 3 16,c3d5 c5f2 g1f2 c6c2,1222,76,94,9733,crushing discoveredAttack middlegame short,https://lichess.org/IRYCrbnd#31,Queens_Indian_Defense Queens_Indian_Defense_Fianchetto_Variation
0EbdB,r5k1/pp3ppp/4pR2/8/8/2P3Q1/Pq1r2PP/5R1K b - - 1 26,a8f8 f6f7 f8f7 g3b8 d2d8 b8d8 f7f8 f1f8,1325,74,94,10789,endgame mate mateIn4 sacrifice veryLong,https://lichess.org/ctV1mlX7/black#52,
0UFKn,5r1k/5q2/p1n1pr1p/1p1pn2P/5P2/2P5/PPB1Q2N/2R2R1K b - - 0 34,f6f4 f1f4 f7f4 c1f1,1461,75,93,3868,clearance crushing master middlegame short,https://lichess.org/R3GYOUJB/black#68,
0YKTb,8/8/5k1Q/3p2p1/3P4/6P1/4pq2/7K b - - 3 62,f6f5 h6f8 f5e4 f8f2,1360,75,91,2508,crushing endgame master queenEndgame short skewer,https://lichess.org/dGLCfWHX/black#124,
0EWEp,rq6/4k3/1pPp3r/2p1p1pP/2PnPpP1/5P2/1R1QB3/1R1K4 w - - 0 42,b2b6 b8b6 b1b6 a8a1 d2c1 a1c1 d1c1 d4e2 c1d1 e2d4,2000,74,95,12189,advantage attraction exposedKing middlegame sacrifice veryLong,https://lichess.org/YU1R4tFb#83,
0XjxO,r4rk1/ppp2pp1/3p3p/2b2q2/2PnN1b1/1P3N2/PB3PB1/R2Q1RK1 w - - 2 16,e4c5 d4f3 g2f3 g4f3 d1f3 f5f3,1467,77,81,953,advantage kingsideAttack long middlegame,https://lichess.org/ftLhYOTW#31,English_Opening English_Opening_Kings_English_Variation
0GgIf,r2qk1nr/1pp2p2/p2p2pp/4b3/2B1P1b1/2P2N2/PP1N1PPP/R2Q1RK1 w kq - 0 11,c4f7 e8f7 f3e5 d6e5 d1g4 d8d2,1467,76,97,3967,advantage hangingPiece long opening,https://lichess.org/aMUVEzfe#21,Modern_Defense Modern_Defense_Other_variations
0VQ4O,2k1B3/ppp5/4P3/1P4r1/2P1r1p1/6P1/8/3R2K1 b - - 2 35,b7b6 e8d7 c8d8 d7c6 d8e7 c6e4,1358,74,94,17117,crushing discoveredAttack endgame long,https://lichess.org/ja1C65bH/black#70,
0Wsee,2kr1b1r/pp1n1ppp/2p2n2/q3P1B1/2B1P1b1/2N2N2/PPPQ2PP/2KR3R b - - 0 11,d7e5 d2d8 a5d8 d1d8,1320,75,96,1387,advantage master middlegame queensideAttack short,https://lichess.org/l0TQXAUV/black#22,Richter-Veresov_Attack Richter-Veresov_Attack_Richter_Variation
076BL,rn3k2/5ppp/2p1r3/1p2n3/p7/2P2P2/PP2B1PP/R1B1R1K1 w - - 0 20,e2f1 e5f3 g2f3 e6e1,909,101,90,595,advantage discoveredAttack kingsideAttack middlegame short,https://lichess.org/vlzKfXYx#39,
03NlW,r2q2k1/p1p1b1pn/2pp3p/5r1P/8/2N5/PPPBQPP1/R3K2R b KQ - 1 14,e7f6 e2e6 g8h8 e6f5,1069,76,98,6355,crushing fork middlegame short,https://lichess.org/4oReeLxT/black#28,Scotch_Game Scotch_Game_Other_variations
09Npd,8/2k5/2P3p1/pP1Kp1P1/P2b1p2/5P2/8/8 b - - 0 58,d4a1 b5b6 c7b6 d5d6 e5e4 c6c7 a1e5 d6e5 b6c7 e5e4,2091,75,94,11231,advancedPawn bishopEndgame crushing endgame veryLong,https://lichess.org/ytOuIXVO/black#116,
0Ntyt,2kr1bnr/pp4pp/2pp4/4q3/2B1P3/2NP3P/PP2Q1P1/n1BK1R2 b - - 0 14,d6d5 e2g4 c8b8 c1f4 e5f4 g4f4,1449,77,95,21003,crushing long middlegame pin,https://lichess.org/pY5LlsTu/black#28,Kings_Gambit Kings_Gambit_Other_variations
0I8cH,2kr2nr/p1p2ppp/1p2p3/2b5/1P2b3/P2B1N1P/2P2PP1/R1BR2K1 b - - 0 16,e4f3 d3a6 f3b7 a6b7 c8b7 d1d8,1343,76,96,3346,advantage long middlegame queensideAttack,https://lichess.org/U5KXZKdc/black#32,Scandinavian_Defense Scandinavian_Defense_Mieses-Kotroc_Variation
0ALrx,r1bqkbnr/pp4pp/2n1p3/1B6/3p4/4P3/PP3PPP/RNBQK1NR w KQkq - 2 7,g1f3 d8a5 b1c3 d4c3 b5c6 b7c6,1597,73,95,16781,advantage fork long opening,https://lichess.org/t0GA5Zbv#13,Queens_Gambit_Declined Queens_Gambit_Declined_Austrian_Defense
05Qw2,r5k1/3RP1p1/7p/1p6/p4p2/4pP1P/4K1P1/8 b - - 0 42,g8f7 d7d8 f7e7 d8a8,1424,76,95,23161,advantage endgame rookEndgame short,https://lichess.org/TmvqwAIU/black#84,
0Du21,r2qk2r/p4ppp/b1p1p3/8/1b1PP3/5N2/P4PPP/R1BQ2KR b kq - 4 12,c6c5 d1a4 d8d7 a4a6,1110,76,95,10903,advantage fork middlegame short,https://lichess.org/bvEWT7Zn/black#24,Queens_Gambit_Declined Queens_Gambit_Declined_Exchange_Variation
08V9Z,r4k2/1qr1p2p/3p1pp1/3P1P2/b2Q4/2P1RB2/6PP/4R1K1 b - - 0 29,g6g5 e3e7 c7e7 d4f6,1696,75,91,2374,advantage capturingDefender master middlegame sacrifice short,https://lichess.org/XQgQwSOl/black#58,
0Djzu,rn1qkb1r/1pp1pp2/p5p1/5b2/3Pp1n1/2N1B2P/PPP1Q1P1/R3KBNR b KQkq - 0 9,f7f6 h3g4 h8h1 g4f5,1231,76,88,341,advantage opening short,https://lichess.org/2mLGfE14/black#18,Hippopotamus_Defense Hippopotamus_Defense_Other_variations
0TCLD,r2q1rk1/2p2p1p/bp2p1p1/p2p2N1/1b1PPP2/2NQ4/2P1B1PP/R4RK1 w - - 1 16,d3f3 b4c3 f3c3 a6e2,1774,75,89,395,advantage capturingDefender middlegame short,https://lichess.org/YaqDFBRl#31,Bird_Opening Bird_Opening_Dutch_Variation
00HEx,b7/5pk1/R3pn1p/8/3NP3/5P2/6PP/2rB2K1 w - - 1 31,a6a8 c1d1 g1f2 d1d4,985,77,93,1179,crushing endgame fork hangingPiece master short,https://lichess.org/Kl5pBLfs#61,
08XVE,krr5/8/2p3Q1/3q2b1/1p1P1p2/1N5P/1K3P2/4R3 b - - 0 41,f4f3 e1a1 a8b7 b3c5 d5c5 d4c5,2012,75,92,1457,advantage exposedKing long middlegame,https://lichess.org/1mGt5AeT/black#82,
0MJD8,8/3Pk3/1b6/4p2p/1p5P/1R4P1/8/rB2K3 w - - 0 47,b3b4 b6a5 e1e2 a5b4,1158,77,93,955,advantage endgame pin short,https://lichess.org/twhzBfhY#93,
0Gh5x,5bk1/5n1p/2Np2p1/3Q4/p1P2PP1/P3BK1P/8/1q6 w - - 7 40,c6d8 b1h1 f3e2 h1d5 c4d5 f7d8,1497,75,95,21779,advantage endgame long master,https://lichess.org/MaNFkQ2A#79,
0Alkz,4r1k1/ppb2pp1/2p5/3prPqp/P7/2N2R1K/1PQ2N2/R7 b - - 1 29,e5f5 c2f5 g5f5 f3f5 e8e3 h3g2,1812,74,92,1538,advantage defensiveMove long middlegame,https://lichess.org/e38aERxK/black#58,
0UEMM,2r2r2/5pk1/p1nqpn1p/1p1pN1p1/3P4/2PQ3P/PPB2PP1/R3R1K1 b - - 3 20,f8h8 e5f7 g7f7 d3g6 f7e7 g6g7,1525,76,89,556,attraction crushing long middlegame sacrifice,https://lichess.org/ncrIBdH1/black#40,
05A4L,3r2k1/2p1bpp1/4p2p/p1nbP3/1pBn1P2/2P1B2N/PP4PP/2KN2R1 w - - 1 21,c4d5 d4e2 c1c2 e2g1,1111,75,97,6247,advantage fork middlegame short,https://lichess.org/lbSzZPaf#41,
0JZ6U,4k1r1/4qpP1/2p5/1p2Q3/3P2R1/8/5P1K/8 b - - 2 39,e8d8 e5b8 d8d7 b8g8,1003,88,94,2926,crushing endgame short skewer,https://lichess.org/WERUVgPo/black#78,
00q7B,Q6r/p1pqk1bp/3ppnp1/2n5/4P3/2N2N2/PB3PPP/R3R1K1 w - - 2 15,e4e5 h8a8 e5f6 e7f6 c3e4 f6f7 e4c5 d6c5,2441,87,77,119,advantage middlegame veryLong,https://lichess.org/Mkfu17FO#29,Danish_Gambit_Accepted Danish_Gambit_Accepted_Other_variations
0PSkV,5r1k/p1q3p1/1p2Rn1p/5r2/3P3P/1BP2P2/PP3QP1/3R2K1 w - - 5 32,d1e1 f6g4 f2c2 c7h2,1270,76,94,20928,advantage master middlegame short,https://lichess.org/D4OH5KmR#63,
0BlMI,r1b4k/pp1q2p1/2p3p1/3p2n1/3P4/1Q3r2/PP2NPKP/3RBRN1 w - - 2 21,g1f3 d7h3 g2g1 g5f3 b3f3 h3f3,1110,77,94,7759,crushing deflection long middlegame,https://lichess.org/cemooRpi#41,
0WKpg,4r1k1/pp3p2/5p1p/8/1P6/P6Q/8/3Rr1K1 w - - 1 44,g1f2 e8e2 f2f3 e2e3 f3f4 e3h3,1387,75,94,581,crushing endgame exposedKing long queenRookEndgame skewer,https://lichess.org/FWU9fv6S#87,
072gy,r2qk2r/pp3ppp/2n1p3/bN1pPn2/3P4/P4B2/1P3PPP/R1BQ1RK1 b kq - 0 12,c6d4 b5d4 f5d4 d1d4,1926,76,92,783,advantage opening short,https://lichess.org/mQzDVcUO/black#24,Sicilian_Defense Sicilian_Defense_Old_Sicilian
08zf0,rn1q1rk1/pp3ppp/2pbb3/3n4/2BPN3/8/PPP2PPP/RNBQR1K1 w - - 0 12,b1c3 d5c3 b2c3 e6c4,1519,75,95,14812,crushing discoveredAttack opening short,https://lichess.org/vXY18Lkq#23,Philidor_Defense Philidor_Defense_Other_variations
06nff,6k1/8/2p1K3/2PpPP2/8/4p1Nb/7P/8 w - - 0 51,e6f6 d5d4 f6e7 h3f5 g3f5 e3e2 f5d4 e2e1q,2227,76,91,122,advancedPawn advantage endgame promotion quietMove sacrifice veryLong,https://lichess.org/XKbWciyD#101,
05B0n,1r4k1/p1n1pp1p/3p2pQ/q1pP2P1/1rP1P2P/8/1P1RN3/2KN3R w - - 1 23,e2c3 a5a1 c1c2 b4b2 c2d3 b2d2 d3d2 b8b2 d1b2 a1b2 d2e3 b2c3,2397,86,88,680,attraction crushing deflection middlegame queensideAttack veryLong,https://lichess.org/wJMFhxFl#45,
0JSY8,8/6R1/8/3K4/rp3k1p/7P/8/8 b - - 0 56,b4b3 g7g4 f4e3 g4a4,1157,76,96,6722,crushing endgame rookEndgame short skewer,https://lichess.org/UtG0qo7n/black#112,
0XPsO,8/5p2/2R2k1p/5P2/6PP/pb6/1r4B1/5K2 b - - 1 32,f6g7 f5f6 g7h8 c6c8 h8h7 g2e4,1210,76,97,15127,endgame long mate mateIn3,https://lichess.org/YAV3GlVz/black#64,
0KdTL,r2qr2k/pp1n2pB/2pBbp1p/2Pn4/8/5N2/PPQ2PPP/R4RK1 w - - 2 19,f3h4 f6f5 h7g6 d8h4 g6e8 a8e8,1944,76,92,4683,advantage discoveredAttack long middlegame quietMove,https://lichess.org/BVV9A2qs#37,Queens_Gambit_Accepted Queens_Gambit_Accepted_Old_Variation
00TiV,8/1kp5/4n3/3pN3/r2P3R/2K4P/8/8 w - - 5 48,e5f3 a4a3 c3c2 a3f3,1153,83,93,1192,crushing endgame short skewer,https://lichess.org/Wm6c0Vk6#95,
05HHX,3r2r1/p4q1k/2pp3p/4bbp1/5n2/1P2BP1P/P2Q1NPN/3R1RK1 w - - 0 27,h2g4 e5c3 e3f4 c3d2,2274,75,94,3309,advantage master middlegame short,https://lichess.org/bBZgNBIb#53,
00AoZ,8/1R6/p1pk4/6bp/1QP5/P7/KP6/3r2q1 b - - 2 44,g1c5 b7d7 d6d7 b4c5,1043,83,93,3381,advantage deflection endgame short,https://lichess.org/356BAYqk/black#88,
0FTUL,rr4k1/R2n1ppp/2p1pn2/8/P7/2qBBQ1P/2P2PP1/5RK1 b - - 0 17,a8a7 e3a7 b8b7 d3h7 g8h7 f3c3,1539,76,93,2194,crushing discoveredAttack long middlegame,https://lichess.org/FYaBgiA4/black#34,Scandinavian_Defense Scandinavian_Defense_Mieses-Kotroc_Variation
0E7Gw,r1b1nr2/pp3kqB/2n1p2Q/6P1/3p1P2/2N1N2R/PPP4P/R5K1 w - - 1 20,h7g6 g7g6 h6g6 f7g6,600,103,67,362,advantage middlegame short,https://lichess.org/M2AN2Xbg#39,
0UPFR,2kr4/pppr1pp1/3q3p/3P4/1P1Q4/P6P/5PP1/3R1RK1 b - - 2 22,d6d5 d4a7 c7c6 d1d5,1465,74,94,12503,crushing discoveredAttack endgame short,https://lichess.org/CZishduv/black#44,
0QqW7,6k1/7p/6p1/8/qP2p3/2Pp3P/3K2P1/4Q3 w - - 0 43,e1e4 a4c2 d2e3 c2e2 e3d4 e2e4 d4e4 d3d2,1298,75,96,18088,advancedPawn crushing endgame queenEndgame veryLong,https://lichess.org/Hfo0tDX7#85,
0V6WR,r2k3r/1b2q3/p5Qp/1pp5/8/P2PB2P/BbP2PP1/4R1K1 b - - 1 23,b2d4 e3g5 h6g5 e1e7,1874,77,94,12366,crushing discoveredAttack middlegame pin short,https://lichess.org/xPCUTxm1/black#46,
05KW9,8/8/2R3p1/8/7p/4P1PP/1b3k1K/1q5Q w - - 0 42,h1b1 h4g3 h2h1 g3g2 h1h2 b2e5,1292,72,95,26494,advancedPawn endgame long mate mateIn3,https://lichess.org/YemQwP0d#83,
0VGaR,1rr3k1/p5p1/b3pp2/P2p4/1B6/1qP1PP2/3Q2PP/R3K2R w KQ - 1 31,e1f2 b8b4 c3b4 c8c2,1300,74,93,2679,advantage middlegame pin sacrifice short,https://lichess.org/wXJ7NCQc#61,
0DgQe,r2q3r/ppp2k1p/2nn2p1/3b1p2/3PP3/P2B1P2/2Q3PP/R1B2RK1 b - - 0 17,f5e4 f3e4 f7g7 e4d5,1123,75,88,750,advantage discoveredAttack middlegame short,https://lichess.org/BI0Hd3OG/black#34,Queens_Gambit_Declined Queens_Gambit_Declined_Three_Knights_Variation
0CAnT,3rr1k1/ppp2ppp/1b6/1P6/2nB4/2N2N2/P1b2PPP/R1R3K1 b - - 5 18,c4d2 d4b6 d2f3 g2f3 c7b6 c1c2,1995,79,94,8007,advantage long middlegame,https://lichess.org/ZaY8fFIi/black#36,Italian_Game Italian_Game_Giuoco_Piano
01Cds,8/p4k2/b2P4/3N2p1/4p3/2K4P/8/8 b - - 1 45,a6b7 d6d7 b7d5 d7d8q,928,75,89,232,advancedPawn crushing endgame promotion short,https://lichess.org/pKBfo6hS/black#90,
00sys,r1bq1r2/pp2b1pk/2n1pp2/3p4/2pP3N/2P1P1P1/PP1N1PP1/R2QK2R b KQ - 0 13,d8e8 h4g6 h7g8 h1h8 g8f7 d1h5,2285,93,81,353,crushing discoveredAttack long master opening,https://lichess.org/oeasr2cR/black#26,Indian_Defense Indian_Defense_London_System
0Pzgv,q4rk1/5pn1/8/r2B2Q1/2P5/3P3P/1R3PPK/8 b - - 0 31,a8d8 d5f7 g8f7 b2b7,1778,76,93,2479,advantage attraction middlegame sacrifice short,https://lichess.org/cPI9iaXi/black#62,
0A9YO,rn2k1nr/pQp2pbp/6p1/2q5/8/4P3/PP3PPP/RNB1K1NR w KQkq - 1 10,b7a8 c5c1 e1e2 c1b2,1731,76,96,7032,advantage hangingPiece opening short,https://lichess.org/CwFwl9pr#19,Queens_Gambit_Accepted Queens_Gambit_Accepted_Old_Variation
0Jli4,3qkbnr/2p2ppp/2p1p3/3p4/b2N4/2B1PQ2/3P1PPP/1N3RK1 b k - 1 13,f8d6 d4e6 f7e6 c3g7 g8e7 g7h8,1884,76,90,856,advantage discoveredAttack long middlegame trappedPiece,https://lichess.org/SVj9r47q/black#26,Polish_Opening Polish_Opening_Other_variations
0BcqE,r2r4/BR4pk/2p2pp1/4n3/P1P5/2b2BP1/5P1P/3R2K1 w - - 2 29,d1d8 e5f3 g1g2 f3e1 g2f1 a8d8,1820,74,92,1669,advantage hangingPiece long middlegame,https://lichess.org/2mMx2rEs#57,
0I8XT,2r3k1/1p1q1pp1/p1np3p/1p1B4/1P6/P4Q1P/5PP1/4RK2 b - - 5 27,c8e8 f3f7 d7f7 e1e8 g8h7 d5f7,2038,74,97,3193,crushing endgame kingsideAttack long pin sacrifice,https://lichess.org/hLVeDdXq/black#54,
0LZG8,r2q1rk1/pbpnbpp1/1p2pn1p/3pN3/3P2PB/2P2N2/PPQ1PP1P/R3KB1R b KQ - 0 10,f6g4 h4e7 d8e7 e5g4,1547,77,88,602,advantage intermezzo opening short,https://lichess.org/5GDDE3Wd/black#20,Saragossa_Opening Saragossa_Opening_Other_variations
04q9k,rnb2rk1/pp6/4p2p/3p4/3P4/PPqB2QP/5PP1/R4RK1 b - - 1 22,g8f7 d3g6 f7g7 g3c3,1934,76,90,2330,crushing discoveredAttack middlegame short,https://lichess.org/SHMtH4XI/black#44,
0KIHp,8/p4pk1/r4n1p/8/P2Q1R2/6P1/q5PK/8 b - - 7 37,g7g6 d4d3 g6g7 d3a6,1452,72,95,33300,crushing endgame fork short,https://lichess.org/yCHXaY9Y/black#74,
01q52,4r3/pp3ppk/7p/1qpQ3b/5B2/8/PPP2PP1/2K1R3 w - - 3 24,e1e8 b5f1 c1d2 f1d1 d2c3 d1d5,1526,75,95,13268,advantage endgame long skewer,https://lichess.org/R5fcG7MI#47,
03uPF,r1bqk2r/1p3ppp/p1p1p3/4b2Q/1P6/P1NB4/5PPP/2R2RK1 b kq - 1 17,d8f6 c3e4 f6f4 g2g3 f4f5 e4d6 e5d6 d3f5,1751,74,96,7601,crushing discoveredAttack middlegame veryLong,https://lichess.org/ih8Ht641/black#34,Queens_Pawn_Game Queens_Pawn_Game_Chigorin_Variation
0IDcd,4r1k1/ppp2pp1/1r1n2np/8/3N3R/P1PQP3/1B1RKPP1/8 w - - 18 25,h4h1 g6f4 e2e1 f4d3 d2d3 b6b2,1222,75,96,10146,advantage long middlegame pin,https://lichess.org/2UhbN3sd#49,
0D6tG,r1bq1r2/5ppk/1np1pb2/p2p2N1/3P3P/P3P3/1P1N1PP1/R2QK2R b KQ - 1 14,h7g8 d1h5 f8e8 h5f7,1936,76,85,333,advantage kingsideAttack middlegame short,https://lichess.org/DO9xQkgT/black#28,Queens_Gambit_Declined Queens_Gambit_Declined_Traditional_Variation
0KKzx,rnbqk2r/pp3ppp/3p1n2/b1pP4/8/P1N1PN2/1P3PPP/R1BQKB1R b KQkq - 2 8,f6e4 d1a4 b8d7 a4e4,1896,76,95,17965,advantage fork opening short,https://lichess.org/BUyJY255/black#16,Nimzo-Indian_Defense Nimzo-Indian_Defense_Hubner_Variation
01Baj,r1b1r1k1/ppp2ppp/2n5/8/2P1q3/P4N1P/1P1QBPP1/R3K2R w KQ - 2 15,e1c1 e4e2 d2e2 e8e2,1322,75,93,5660,advantage middlegame short,https://lichess.org/SV0DvAns#29,Four_Knights_Game Four_Knights_Game_Other_variations
0Uzmo,3r2k1/2b3p1/p2q1pQ1/4r1B1/1P1pB3/P6R/6PP/3R3K b - - 0 27,e5g5 h3h8 g8h8 g6h7,1677,72,96,17566,attraction mate mateIn2 middlegame sacrifice short,https://lichess.org/DspVUzk1/black#54,
0RDbH,2k5/p4p2/1p5q/8/3QpP2/P3PbPr/2P2R1P/1R4K1 w - - 4 30,a3a4 h3g3 g1f1 h6h3 f1e1 g3g1 e1d2 g1b1,1741,75,91,1029,crushing endgame skewer veryLong,https://lichess.org/oH4yk0wW#59,
0FfNt,r7/5kp1/8/3p1q2/3P4/1PQ1P3/7R/1K6 w - - 1 34,c3c2 f5f1 c2c1 a8a1 b1a1 f1c1,1802,76,96,8479,attraction crushing deflection endgame exposedKing long,https://lichess.org/aYFCAQbR#67,
0Lx1o,r2q1rk1/pbpnp2p/1p1p2Bb/4P3/8/2P2N2/PPQ2PPP/RN3RK1 b - - 0 11,h7g6 c2g6 h6g7 f3g5,1338,74,93,13604,crushing defensiveMove fork opening pin short,https://lichess.org/UXhd9YxS/black#22,Modern_Defense Modern_Defense_Other_variations
0HUDB,7r/r1q2pk1/p1b2RpN/2p1n3/1p2P2Q/2P4P/PPN3B1/5RK1 w - - 6 28,f6f7 e5f7 h4f6 g7h6 f1f4 h6h7,2069,77,92,10028,advantage defensiveMove long middlegame,https://lichess.org/CuOIWWP6#55,
08tTk,1rr3k1/3bppbp/p2p1np1/8/1q1BPP2/1PN3PP/P2Q2BK/2R2R2 w - - 1 19,d2e3 f6g4 h3g4 g7d4 c3d5 d4e3,1852,74,96,1503,crushing discoveredAttack long middlegame,https://lichess.org/xU3YUjsc#37,English_Opening English_Opening_Symmetrical_Variation
0NL4m,r4rk1/1R3ppp/p1p5/3nP3/8/P4Q1B/2q2PPP/5RK1 b - - 0 20,a8b8 f3f7 f8f7 b7b8 f7f8 h3e6 g8h8 b8f8,2045,83,92,137691,backRankMate deflection mate mateIn4 middlegame sacrifice veryLong,https://lichess.org/EwqO4Kcs/black#40,
07byL,4rrk1/2p3p1/p5q1/1p5p/8/2P1BPN1/PP3Q1P/R5K1 w - - 0 23,h2h4 e8e3 f2e3 g6g3,1197,76,88,250,crushing deflection master middlegame short,https://lichess.org/KTP7ztyx#45,
09PCt,r1bq1rk1/pp2p1bp/3p2p1/2pPnP1n/2P5/2NBBN2/PP3PPP/R2QK2R b KQ - 0 11,c8f5 f3e5 g7e5 d3f5 e5c3 b2c3,2237,85,90,752,advantage intermezzo long opening,https://lichess.org/dw1uFZEZ/black#22,Queens_Pawn_Game Queens_Pawn_Game_Other_variations
09orT,1q3k2/5p2/R2nb3/4Q2p/3pP3/1pbB4/5PP1/6K1 b - - 0 44,b3b2 e5h8 f8e7 h8b8,1449,75,87,3119,crushing master middlegame short skewer,https://lichess.org/o5Stzrys/black#88,
0CwTx,r4rk1/ppp2ppp/n4q2/1N6/1B2n3/4P2P/1P2QPP1/3R1K1R w - - 6 19,b4f8 e4g3 f1e1 g3e2,1306,75,94,12712,crushing middlegame pin short,https://lichess.org/BHqJ7zkm#37,Queens_Pawn_Game Queens_Pawn_Game_Colle_System
08Ya8,rn2kb1r/ppp1qppp/8/4N3/3P4/6P1/PPP1Q2P/R4RK1 b kq - 2 13,b8d7 f1f7 e7e6 f7d7,1604,74,94,4589,advantage attackingF2F7 middlegame short,https://lichess.org/tmaqjDCo/black#26,Kings_Gambit_Accepted Kings_Gambit_Accepted_Abbazia_Defense
0UhFt,r2q1k1r/p3bp2/6pp/1p1p1Q1n/8/5N2/PPP2PPP/RN2R1K1 w - - 0 17,f5e5 e7f6 e5e2 f6b2,1486,76,96,12289,crushing middlegame short skewer,https://lichess.org/q9RefmTO#33,French_Defense French_Defense_Knight_Variation
0RcGe,1k1r4/p7/1p1p4/2P2p2/1P5q/P3PQ2/5P2/3R2K1 w - - 0 34,d1d6 d8g8 g1f1 h4c4 f3e2 g8g1 f1g1 c4e2,1655,74,96,8226,advantage deflection endgame veryLong,https://lichess.org/5dpFZyzb#67,
0QGx0,r5k1/1bp2pp1/n3p2p/3r4/6q1/P1Q1PN2/1P2BPPP/2R1K2R w K - 3 17,e1g1 d5g5 g2g3 b7f3 e2f3 g4f3,1767,74,89,184,advantage discoveredAttack long middlegame quietMove,https://lichess.org/g0Sy6jFH#33,Queens_Pawn_Game Queens_Pawn_Game_Other_variations
0EVXh,6k1/pp2rpp1/4pn1p/3p4/3Pq1NQ/P1r4P/5PP1/R4RK1 b - - 7 23,e4d4 g4h6 g8h7 h4d4,1810,74,93,372,advantage discoveredAttack kingsideAttack middlegame short,https://lichess.org/WlMgdhIc/black#46,
099s8,2kq3r/ppp2p1b/3b4/4p2P/2B2nP1/1QPP1P2/PP6/2KR3R w - - 5 21,c4f7 f4d3 d1d3 h7d3,1797,75,88,1672,advantage middlegame queensideAttack short,https://lichess.org/IqddrqGm#41,
0PNRl,6k1/5ppp/p7/2r4n/1pNqP3/1P1p1P2/P2Q2PP/2R4K w - - 1 29,d2b4 h5g3 h2g3 c5h5,1882,79,95,16320,clearance endgame mate mateIn2 sacrifice short,https://lichess.org/BIUoi5l0#57,
008Sk,8/6pp/3Bp2k/p2pP2P/P2bp1PK/8/r7/5R2 b - - 2 37,d4f2 f1f2 g7g5 h4g3 a2f2 g3f2,2102,79,94,12284,crushing endgame long,https://lichess.org/rah6MiKa/black#74,
0C8HD,2r3k1/R6R/1p4p1/8/1Pr1p3/7P/1P1p1PP1/6K1 w - - 0 38,h7d7 c4c1 g1h2 d2d1q d7d1 c1d1,886,100,94,2459,advancedPawn advantage endgame long promotion rookEndgame,https://lichess.org/You3JtHb#75,
0TSWy,1r1q1k1r/2p2pp1/p1Bpbn1p/3N4/Q1Pb4/P5PP/1P3P2/R1B2RK1 b - - 6 17,f6d5 c4d5 e6h3 a4d4 h3f1 g1f1,1714,74,92,580,advantage discoveredAttack long opening,https://lichess.org/UTYDLRn5/black#34,English_Opening English_Opening_Kings_English_Variation
0YfBK,r3k2r/p4pp1/1pn1p1p1/2qpPn2/6N1/5N1P/P4PP1/1R1Q1RK1 b kq - 3 17,e8g8 b1c1 c5a5 c1c6,1569,74,99,495,advantage middlegame short skewer,https://lichess.org/k4Vq1NKs/black#34,Caro-Kann_Defense Caro-Kann_Defense_Advance_Variation
0M5qE,2Q5/p3Q2p/8/5p2/6k1/P1q1p1P1/8/5K2 b - - 0 41,c3c8 e7h4 g4f3 h4f4,1441,75,96,10019,endgame mate mateIn2 queenEndgame short,https://lichess.org/UWKRj6vx/black#82,
06v4c,2kr1b1r/1p3p2/pq1p1p2/3bp2p/2B1P3/1P3P2/1PPQ2PP/2KR2R1 w - - 0 16,c4d5 f8h6 d2h6 h8h6,1134,76,99,798,advantage middlegame pin short,https://lichess.org/nUZ292sx#31,Sicilian_Defense Sicilian_Defense_Najdorf_Variation
001xl,8/4R1k1/p5pp/3B4/5q2/8/5P1P/6K1 b - - 5 40,g7f6 e7f7 f6e5 f7f4,1152,78,94,11433,advantage endgame master masterVsMaster short skewer superGM,https://lichess.org/bEQkfPQD/black#80,
0MwiG,6k1/6b1/p5Qp/4q2P/1R4P1/2P5/PKP5/8 w - - 5 37,b4b7 e5c3 b2b1 c3e1,1127,75,97,7415,endgame mate mateIn2 short,https://lichess.org/pqJdAezL#73,
0CgCr,2k2r2/pp5R/4p3/Bqp5/5rP1/P1PP4/1P1n4/1K1RQ3 w - - 3 29,d1d2 f4f1 h7h1 f1e1,951,84,92,881,advantage middlegame pin short,https://lichess.org/oGpiyXXS#57,
072P4,2k1r2r/5pp1/2p1p3/Q3N2p/P3bP2/1q5P/6P1/2R2R1K w - - 2 26,e5c6 b3h3 h1g1 h3g2,1309,75,94,14351,mate mateIn2 middlegame pin short,https://lichess.org/hzG9Jipa#51,
0ERrd,8/pp3k1p/5p2/8/1PBP2K1/1P4P1/P1r4P/8 b - - 2 31,f7g6 c4d3 f6f5 d3f5 g6f7 f5c2,1180,75,96,5758,crushing endgame fork long,https://lichess.org/dbhoyWsL/black#62,
0PRzJ,r7/1ppk4/q4pr1/P1pNp2p/2PnP3/3P3P/5QP1/RR4K1 w - - 3 32,f2h4 d4f3 g1f2 f3h4,1393,76,98,7666,crushing kingsideAttack middlegame pin short,https://lichess.org/z7z6zNjP#63,
0ZQ04,rnb1k2r/ppp2ppp/5n2/4p3/2PPq3/4B3/P1P2PPP/R2QKBNR w KQkq - 1 8,f1d3 e4g2 d1f3 g2f3,1391,76,93,6330,advantage opening short,https://lichess.org/mhH0R5Hs#15,Scandinavian_Defense Scandinavian_Defense_Mieses-Kotroc_Variation
07ECu,r3k2r/ppp2pp1/3p1nqp/4p3/2B1P1b1/3PBN2/PPP1QP1K/R5R1 w kq - 10 17,h2g2 g4f3 g2f3 g6h5 f3g3 h5e2,1469,75,86,625,attraction crushing deflection doubleCheck long middlegame skewer,https://lichess.org/CkduJhCU#33,Bishops_Opening Bishops_Opening_Berlin_Defense
0HhQb,3q1r2/1r2ppbk/6pp/1ppP1b2/2n4P/4BNP1/1P2RPB1/2Q1R1K1 b - - 1 25,d8d5 f3g5 h6g5 g2d5,1534,76,88,2553,crushing discoveredAttack master middlegame short,https://lichess.org/0vXovVQX/black#50,
0FEhk,8/5nk1/3q4/p3p1pr/1p4R1/1P2QP2/P5P1/2R3K1 w - - 2 50,e3e4 d6b6 g1f1 h5h1 f1e2 h1c1,1460,75,95,1764,crushing endgame long skewer,https://lichess.org/qwAGwabs#99,
0KNFV,r1b1k2r/1pp1qpp1/1bnP3p/1B6/P5n1/1QPp1N2/3B1PPP/RN3RK1 b kq - 0 14,c7d6 b5c6 b7c6 b3b6,1066,85,93,205,advantage discoveredAttack opening short,https://lichess.org/BdemPBzj/black#28,Scotch_Game Scotch_Game_Haxo_Gambit
00Upm,r5r1/1p5k/p2b1Pn1/2p1p1P1/P1PpP3/2P5/1P3KB1/R4R2 b - - 2 29,a8f8 f1h1 g6h4 h1h4,972,78,83,323,advantage middlegame short,https://lichess.org/6s5P4SQT/black#58,
03xkS,8/1p3p1p/8/1R1P1p2/2P2k2/1P5P/1P1r2P1/7K w - - 3 32,b5b7 f4g3 b7e7 d2d1 e7e1 d1e1,1357,74,96,10464,endgame long mate mateIn3 rookEndgame,https://lichess.org/IGrIds0m#63,
0D7h3,3r1k2/1p3pp1/2p1pn1p/2PrN3/q2P2P1/1R5P/P3QP2/3R2K1 w - - 1 36,b3b7 d5e5 e2e5 a4d1,1661,74,93,4260,crushing deflection middlegame short,https://lichess.org/0guQCIL0#71,
0Kzja,6k1/5pp1/2q4p/8/PR1p4/3Q2P1/5PKP/2r5 w - - 1 28,d3f3 c1g1 g2g1 c6f3,1180,77,92,2429,advantage deflection endgame short,https://lichess.org/GhT2EAiK#55,
0IYIu,2r2rk1/p1q1bpp1/Q4nb1/4n3/2N1p2p/1BP4P/PP3PP1/R1B1RNK1 w - - 0 19,c1f4 e5f3 g2f3 c7f4,1158,76,100,1046,advantage discoveredAttack kingsideAttack middlegame short,https://lichess.org/KcZmprns#37,
0Jd6X,r1b2r2/ppp1k1pQ/2n5/4P1N1/4N3/7P/PPq2bP1/R6K b - - 0 19,c8f5 h7g7 e7e8 e4f6 f8f6 e5f6,2101,75,92,546,advantage exposedKing long middlegame,https://lichess.org/zJIqLHAf/black#38,
0CshS,2rr2k1/p4pp1/4pq2/6p1/1P1N2P1/P2Q2P1/5PK1/R6R b - - 0 26,d8d4 d3h7 g8f8 h7h8 f8e7 h8c8,910,76,99,1763,crushing endgame long skewer,https://lichess.org/iT4GuxJe/black#52,
029B5,4R3/6p1/6pp/Bp1kn3/2p3PP/2P3K1/1r6/8 b - - 8 41,b2d2 e8d8 d5c6 d8d2,1008,90,92,512,advantage endgame short skewer,https://lichess.org/zMWriFSO/black#82,
06u2T,r2qr3/ppp1bpk1/2b4p/4Q3/4P2B/2P5/PP1N1P1P/2K4R b - - 0 16,g7g8 h4e7 d8e7 h1g1 e7g5 g1g5,2202,82,89,805,advantage kingsideAttack long middlegame,https://lichess.org/PWDR42e3/black#32,Philidor_Defense Philidor_Defense_Other_variations
0XQWA,rr4k1/5ppp/p1qpp3/1p6/PRnPP3/1R1N4/2P1Q1PP/6K1 b - - 0 25,c6b6 b4c4 b5c4 b3b6,1470,75,92,834,advantage discoveredAttack middlegame short,https://lichess.org/Bb3i48Rd/black#50,
0DuBa,r1r3k1/p2q1pbp/2pB2p1/R2n4/3R4/1PN4P/1PPQ1PP1/6K1 w - - 11 24,c3d5 d7d6 d4d3 c6d5,2098,77,92,4133,advantage hangingPiece middlegame short,https://lichess.org/Xse8Rj1X#47,
09i9K,1r6/pB4kp/6p1/1R6/3P4/2P3bP/PP4P1/6K1 w - - 5 31,c3c4 b8e8 b5e5 g3e5 d4e5 e8b8 b7d5 b8b2,2536,82,81,238,advantage endgame quietMove skewer veryLong,https://lichess.org/xja3celG#61,
05nfZ,N7/1p2b3/2np2kp/p1p1pqp1/8/P1Pr3P/1PQ2PP1/1R3RK1 w - - 0 25,g2g4 d3g3 f2g3 f5c2,1046,76,97,3823,crushing discoveredAttack middlegame short,https://lichess.org/ta7xcFps#49,
0OiVR,3rr1k1/pp1n2p1/n1p3p1/8/3qN2Q/P4B2/1P3P2/R4K1R b - - 1 24,d7f6 h4h8 g8f7 e4g5 f7e7 h8g7,1866,75,94,618,crushing deflection kingsideAttack long middlegame,https://lichess.org/zURgUlNm/black#48,
06cqX,rn1q1rk1/pb3ppp/1N2p3/8/3P4/3B1N2/PP1b1PPP/R2Q1RK1 b - - 0 12,b7f3 d1f3 d8b6 f3a8,1178,76,88,149,advantage master opening short trappedPiece,https://lichess.org/BYSYVzt5/black#24,Nimzo-Indian_Defense Nimzo-Indian_Defense_Other_variations
0FY6x,r1bq1rk1/pp2bpp1/2pp1n1p/4pP2/2P1P2B/2N2N2/PPP3PP/R2QK2R w KQ - 0 11,d1d2 f6e4 h4e7 e4d2 e7d8 d2f3 g2f3 f8d8,1632,74,82,298,advantage exposedKing middlegame veryLong,https://lichess.org/lWXgcNCz#21,Vienna_Game Vienna_Game_Vienna_Gambit
0EmrY,5rk1/1p3p2/pb1p2p1/1q1P4/2rB1PQ1/2P4P/1P2R2K/R7 w - - 1 32,d4f6 c4f4 g4f4 b5e2,1600,75,93,10168,crushing deflection discoveredAttack middlegame short,https://lichess.org/lodJwP6Y#63,
00MWz,8/8/2B5/4pK2/3k1pPp/5n1P/8/8 b - - 3 57,f3g1 g4g5 g1e2 g5g6,821,87,98,2357,crushing endgame quietMove short,https://lichess.org/1sHbVvW6/black#114,
0UlGR,2r5/4bk2/p1nq1pr1/4p2Q/3P3R/7P/1P4P1/5RK1 b - - 1 40,f7g7 h5h7 g7f8 h7g6 d6d4 h4d4,1931,75,92,4646,crushing deflection long middlegame,https://lichess.org/UyjWsWar/black#80,
07CnF,8/6pp/3Pk3/p3Pp2/3p1P2/2r5/2pK2PP/1bR2R2 w - - 2 34,f1f3 c3f3 g2f3 a5a4,1832,76,96,14358,crushing endgame short,https://lichess.org/HnLQmVOn#67,
01LlS,4rrk1/ppp1qppp/8/6N1/4N1P1/b2Q3P/P4P2/1R4K1 b - - 0 24,h7h6 e4f6 g7f6 d3h7,917,77,100,216,clearance kingsideAttack mate mateIn2 middlegame sacrifice short,https://lichess.org/2D65uUUV/black#48,
0FFYy,r1r5/p3R1pp/5pk1/8/4P3/4BN2/2qN1KPP/8 b - - 2 22,c8e8 f3h4 g6h5 e7g7 e8e7 g7e7,1900,74,93,3908,crushing deflection long middlegame,https://lichess.org/tnlZhQ9m/black#44,
0OAOl,r4rk1/1b4pp/p2q4/3P1p2/1P6/P1Q4P/2B3P1/R4RK1 b - - 0 27,d6d5 c2b3 d5b3 c3b3,1136,76,91,3126,crushing middlegame pin short,https://lichess.org/7hHEh0oG/black#54,
0Fm1B,rn2kb1r/pp3pp1/2p1pnp1/8/3q1B2/2NB3P/PPPQ1PP1/2KR3R b kq - 1 12,f8e7 c3b5 d4a4 b5c7,1789,75,95,15604,advantage middlegame short,https://lichess.org/A3t50Q52/black#24,Scandinavian_Defense Scandinavian_Defense_Main_Line
08iP2,r4rk1/1p2bppp/p2qpn2/4P3/8/1PBP1P1P/1P2Q3/R3K1R1 b Q - 0 20,d6b6 g1g7 g8g7 e5f6 g7h8 f6e7,2230,76,95,1601,advancedPawn advantage attraction discoveredAttack fork long middlegame,https://lichess.org/rMuQbA6Y/black#40,
0Hv0T,1k6/p5R1/8/Np6/4b1KP/2P5/P4r2/8 w - - 0 44,h4h5 f2g2 g4f4 g2g7,1033,88,94,1418,crushing endgame short skewer,https://lichess.org/Pcz3SHjX#87,
092FX,8/6p1/1K6/P2p4/8/4Bkp1/5P2/8 w - - 0 73,b6c5 g3g2 a5a6 g2g1q,1315,80,94,20178,advancedPawn bishopEndgame crushing endgame promotion short,https://lichess.org/1wHCMuMW#145,
0QgRJ,r2qk2r/p2b1ppp/2B2n2/2b3N1/2n1p3/P4Q2/1PPP1PPP/RNB1K2R w KQkq - 0 12,g5e4 d7c6 e4f6 d8f6 f3f6 g7f6,1624,75,96,2168,advantage hangingPiece long opening,https://lichess.org/7TWxdeCH#23,Italian_Game Italian_Game_Two_Knights_Defense
0Ku7X,2k4r/1bp5/1p1p1q2/pP1Pp1rp/P4P1Q/4N3/2P3PK/R4R2 b - - 0 27,g5g2 e3g2 f6h4 g2h4,1544,75,92,2958,advantage hangingPiece middlegame short,https://lichess.org/SaBy039M/black#54,
01iqw,r3kb1r/1p3pp1/p1p1b3/4p1Bp/4P3/2NQ1PP1/PPP2qBP/R6K b kq - 1 16,f7f6 g5e3 e6c4 e3f2 c4d3 c2d3,1703,74,93,6641,advantage long middlegame trappedPiece,https://lichess.org/4rnErNBz/black#32,Sicilian_Defense Sicilian_Defense_Taimanov_Variation
0SEz0,r1bq1rk1/pp4pp/2p5/3nN3/3PRP2/1Q6/PP4BP/5RK1 b - - 0 22,a8b8 e5c6 b7c6 b3b8,1269,75,97,13638,advantage middlegame short,https://lichess.org/iYXfcbli/black#44,
0Wn6C,r2q1rk1/1pp1npp1/1b5p/pP1np2b/P1B5/1QPPBN1P/3N1PP1/R4RK1 w - - 0 15,f3e5 d5e3 f2e3 b6e3,1445,75,93,474,advantage kingsideAttack middlegame short,https://lichess.org/r9SVvl7T#29,Italian_Game Italian_Game_Giuoco_Piano
0DaNL,6k1/3R4/3P2pp/5p2/8/4r2P/6PK/8 w - - 0 32,d7e7 e3e7 d6e7 g8f7 e7e8q f7e8,958,77,100,497,crushing endgame long rookEndgame,https://lichess.org/dRVOe2eg#63,
0U0pt,5r2/1p1bp2k/p1pp2p1/7q/2P1P3/1P3N2/PQB1N1P1/1K6 w - - 2 32,e2g3 h5g4 g3f1 g4g2,1962,76,90,1077,crushing master middlegame short skewer,https://lichess.org/1tWwk4xb#63,
0Enjj,r1b2rk1/1pq3b1/p4pp1/4p2p/8/2P1BQ2/PP1N1PPP/R2R2K1 w - - 0 17,d2e4 c8g4 f3g3 g4d1,1429,75,93,4575,crushing middlegame short skewer,https://lichess.org/o6SXA0nZ#33,Sicilian_Defense Sicilian_Defense_Modern_Variations
0a7O0,5rk1/pppq1r1p/3p2p1/3N4/2P3nQ/1P5P/P2R2P1/4R1K1 b - - 0 26,g4e5 e1e5 d6e5 d5f6 f7f6 d2d7,1483,73,94,19381,advantage discoveredAttack fork long master middlegame sacrifice,https://lichess.org/72OlTZ5J/black#52,
0Pxmz,4k2r/2pn1pp1/4p2p/q7/1bQP4/5P1P/PrPB2P1/R3KB1R w KQk - 3 19,d2b4 b2b4 c4c3 b4b1 e1d2 a5c3 d2c3 b1a1,1740,74,93,1701,crushing discoveredAttack exposedKing middlegame veryLong,https://lichess.org/dTDWNLCk#37,Scandinavian_Defense Scandinavian_Defense_Mieses-Kotroc_Variation
0FSDu,r2q4/pp1n4/2p1p1PQ/3p1k2/5P2/2P1P3/PP1K2P1/r7 b - - 2 25,d7f6 h6g5 f5e4 g5e5,1158,76,96,9766,endgame mate mateIn2 short,https://lichess.org/yDWHbVJv/black#50,
05XlR,r1b1k1nr/pp1ppp1p/6pb/4P3/1qBP4/8/PP1N1PPP/R1BQK2R w KQkq - 3 10,d1f3 h6d2 c1d2 b4c4,1300,78,93,3773,advantage opening short,https://lichess.org/50uyS3AS#19,Sicilian_Defense Sicilian_Defense_Accelerated_Dragon
01tbt,8/pp1k4/3P2P1/2P2n2/P1K3N1/7p/8/8 w - - 3 44,c4d5 f5e3 g4e3 h3h2 d5d4 h2h1q,987,92,78,206,advancedPawn crushing endgame knightEndgame long promotion sacrifice,https://lichess.org/Wetici7a#87,
0WQDx,r3kb1r/pp3ppp/3p1B2/2pNp3/4P3/3P1bPq/PPP1NP1P/R2QR1K1 w kq - 2 14,d5e3 g7f6 e2f4 e5f4 d1f3 f4e3,1642,76,89,1836,advantage hangingPiece long opening,https://lichess.org/B4qCDv55#27,Sicilian_Defense Sicilian_Defense_Closed
0N8ra,8/1B2b2p/p2rPkp1/5p2/5P2/6P1/1r5P/R3R1K1 w - - 2 30,b7a6 d6d2 e1e2 d2e2 a6e2 b2e2,1756,73,95,14522,advantage endgame long,https://lichess.org/s6mR6dyT#59,
0RvLp,4r1k1/p1p2pp1/2pq2bp/8/P1PN4/2R1P2P/3P1PP1/1r1QR1K1 w - - 1 22,d1e2 b1e1 e2e1 d6d4,1853,74,81,153,advantage kingsideAttack middlegame short,https://lichess.org/3hKmhs9L#43,
0Tnt5,r1b1Q3/6rk/p3p2p/1p1pP3/2pPq1P1/6K1/5PP1/7R b - - 4 34,c8b7 h1h6 h7h6 e8h5,1429,76,95,31324,attraction endgame mate mateIn2 sacrifice short,https://lichess.org/wM8xRibl/black#68,
0Nga2,4r2k/3b1pp1/p2p3p/1p1Br3/3QPq2/P7/1PP2PPP/4R1RK w - - 7 23,f2f3 e5h5 g2g3 f4f3,1678,75,93,1608,advantage kingsideAttack middlegame short,https://lichess.org/6a9lkNnP#45,
07WYg,4r1k1/2q4p/p4Rp1/1pp5/8/2P5/PPQ3PP/7K w - - 1 26,h2h3 e8e1 f6f1 e1f1,673,79,99,1788,endgame mate mateIn2 short,https://lichess.org/FhOb3Izt#51,
0J6NL,r2qr1k1/3n1pbp/p2Bb1p1/3p4/N3p3/1P2P3/P3BPPP/2RQ1RK1 b - - 3 17,d7b6 d6c7 b6a4 c7d8,1656,76,66,270,advantage master opening short,https://lichess.org/aLesOiBM/black#34,English_Opening English_Opening_Symmetrical_Variation
06f2z,r1b2rk1/p1pp2pp/1p1b4/2q2p2/5P2/4P3/PPPBB1PP/R2Q1RK1 b - - 1 14,c8b7 b2b4 c5c6 e2f3 c6c4 f3b7 a8b8 b7f3,1776,74,90,1208,advantage defensiveMove middlegame skewer veryLong,https://lichess.org/bg6meZd6/black#28,Englund_Gambit_Complex Englund_Gambit_Complex_Englund_Gambit
0Ah7z,r4r2/1b2k3/p3p1q1/1pp3p1/6Q1/3P2R1/PPP3P1/4R1K1 b - - 3 27,f8f4 g4f4 g5f4 g3g6,1747,75,96,3389,advantage discoveredAttack middlegame short,https://lichess.org/hjzUj535/black#54,
0Sf01,4rnk1/pp3p1p/3r1qp1/3Pp1N1/4Bn1Q/P7/1P3PPP/3RR1K1 w - - 1 22,g2g3 f6g5 h4g5 f4h3 g1f1 h3g5,1371,73,94,8417,advantage attraction fork long master middlegame pin sacrifice,https://lichess.org/LWh6c36m#43,
087y8,8/2R1P3/8/6p1/3R3P/kPK1r3/6r1/8 w - - 0 47,c3c4 g2c2 c4d5 c2c7,1092,78,88,176,advantage endgame rookEndgame short skewer,https://lichess.org/MfEWvu6Y#93,
0FuFJ,4k3/1pN2rpp/p1n5/8/2Q5/4q3/PP4PP/3R3K b - - 0 24,f7c7 c4g8 e8e7 g8g7,1361,75,96,9049,crushing endgame interference short,https://lichess.org/z3fMvsfg/black#48,
0Tr6H,8/8/5k2/4bp1p/5N1P/5KP1/8/8 b - - 5 65,e5f4 f3f4 f6e6 f4g5 e6e5 g5h5 e5f6 h5h6 f5f4 g3f4,1816,75,94,10093,crushing endgame veryLong zugzwang,https://lichess.org/R0419Iyt/black#130,
02YEp,r1b5/7p/pp4pk/2qpQn1r/8/PBN2P1P/1PP3P1/3RR2K w - - 3 24,e5d5 f5g3 h1h2 h5h3 g2h3 c5f2,2243,87,93,5665,kingsideAttack long mate mateIn3 middlegame sacrifice,https://lichess.org/cafPuOxW#47,
08pvI,r4rk1/1bq2pb1/p3p1p1/6PR/p3NP2/2P1Q3/BP2K3/7R b - - 0 28,g6h5 e4f6 g7f6 g5f6 f8d8 h1h5,2499,84,95,165,advantage kingsideAttack long middlegame,https://lichess.org/uRNmfXAI/black#56,
04t9W,3qrrk1/1B1n1p1p/pn1P2p1/2p1b3/8/2N1B2P/PPQ3P1/R4RK1 w - - 0 22,b7a6 e5c3 c2c3 b6d5 c3d2 d5e3,1732,75,96,9838,advantage long middlegame,https://lichess.org/n9Maf13D#43,
0Ibjc,r6r/pp2k2p/1q1pb1p1/1B2pPP1/7B/2N5/PPPR1PP1/2K4R b - - 0 18,g6f5 g5g6 e7f8 h4f6 h8g8 g6h7,1791,75,94,7925,advancedPawn clearance crushing discoveredAttack long middlegame,https://lichess.org/d72woyKC/black#36,Sicilian_Defense Sicilian_Defense_Accelerated_Dragon
0ODMI,6r1/pp2kp2/5R1p/2bpP3/7P/6B1/PP3PP1/2K5 w - - 0 27,f6h6 g8g3 f2g3 c5e3 c1d1 e3h6,1333,74,96,28496,advantage endgame fork long sacrifice,https://lichess.org/9vMCUGbN#53,
07mi1,3kb3/pp3qp1/3Q3p/2pNp3/P1PnP3/1P5P/7K/8 b - - 0 29,e8d7 d6c7 d8e8 c7b8 d7c8 b8c8,1810,77,96,14962,endgame exposedKing long mate mateIn3,https://lichess.org/9mrbiiy5/black#58,
01t6f,r4rk1/2qb2pp/p2bp3/1p1nnN2/1P2Q3/P1P3N1/2B2PPP/R1B2RK1 b - - 0 21,d5c3 f5h6 g7h6 e4h7,1776,76,95,10459,discoveredAttack kingsideAttack mate mateIn2 middlegame sacrifice short,https://lichess.org/zgaMr6Zr/black#42,
00R2A,2kr1b1R/p5p1/8/3P1p2/8/4B3/PPPK1P2/8 w - - 1 25,c2c4 f8b4 d2d3 d8h8,808,78,99,1291,crushing discoveredAttack endgame short,https://lichess.org/ZjzT3REI#49,
0CN1G,2rr2k1/1q3pbp/p2pb1p1/1p1N4/4Q3/1BP2P2/PP4PP/3RR2K b - - 0 20,d8e8 d5f6 g7f6 e4b7,1377,75,89,1184,crushing discoveredAttack middlegame short,https://lichess.org/dTYqx50p/black#40,
0Rp8z,1k1rbbnr/ppp2pp1/1Nn1q2p/4P3/2B2B2/5N2/PPP3PP/R2QK2R w KQ - 9 13,d1d8 c6d8 c4e6 d8e6 b6d5 c7c6 d5c3 e6f4,1979,74,92,4281,advantage middlegame veryLong,https://lichess.org/n0t4YnQw#25,Kings_Gambit_Accepted Kings_Gambit_Accepted_Fischer_Defense
0C673,8/p6k/1p1N4/2p4p/2Pp1r2/3Pb2K/PP4RP/8 w - - 2 33,d6e4 f4e4 d3e4 d4d3 h3g3 d3d2 g3f3 d2d1q,2044,76,97,660,advancedPawn advantage endgame promotion sacrifice veryLong,https://lichess.org/AWPHOZBL#65,
048Un,6k1/6p1/8/Q7/P4PK1/6P1/8/3q4 w - - 5 44,g4f5 d1h5 f5e4 h5a5,1150,78,94,1016,crushing endgame queenEndgame short skewer,https://lichess.org/CI5urSLm#87,
0KXc1,r4qk1/pppn2p1/4b2p/3pN3/3P4/2PB2PP/PPQ3K1/5R2 b - - 1 20,f8d6 d3h7 g8h8 e5g6 h8h7 g6f8 h7g8 c2h7,1827,73,96,15478,doubleCheck kingsideAttack mate mateIn4 middlegame sacrifice veryLong,https://lichess.org/Zf6BpZ9d/black#40,
0PQsI,r1b2rk1/pp1nqppp/5n2/2P1p3/5B2/P2BPN1P/1P3PP1/R2Q1RK1 w - - 0 15,f4g5 e5e4 d3e4 e7e4,1523,74,96,22101,advantage fork master middlegame short,https://lichess.org/SA8y9WjL#29,Queens_Pawn_Game Queens_Pawn_Game_Levitsky_Attack
01CxB,4k3/R5R1/5pKp/1Pp3r1/8/6P1/4p2P/8 w - - 3 53,g6f6 g5g7 f6g7 e2e1q,1417,75,96,18700,advancedPawn crushing endgame master promotion rookEndgame short,https://lichess.org/RKxc3BDJ#105,
0Mx6X,1k6/8/1p1R1N2/p1pPp3/1qP1PpB1/3K4/8/8 b - - 0 52,a5a4 d6b6 b4b6 f6d7 b8b7 d7b6,1865,73,95,16256,attraction crushing endgame exposedKing fork long sacrifice,https://lichess.org/HniXqpcc/black#104,
0FzgS,4kb1r/p2b1ppp/1n6/q2np3/4P3/1QN5/PP3PPP/R1B1K1NR w KQk - 0 13,e4d5 d7a4 b3b6 a7b6,2009,75,93,5449,advantage middlegame short trappedPiece,https://lichess.org/mo3CQ30b#25,Queens_Gambit_Accepted Queens_Gambit_Accepted_Central_Variation
00Rue,r2qkb1r/pp1nppp1/2p2n1p/3p1b2/3P4/BP2PN2/P1P2PPP/RN1QKB1R w KQkq - 2 7,c2c4 f5b1 a1b1 d8a5 b3b4 a5a3,1853,72,96,16187,advantage fork long opening,https://lichess.org/tgFzBrLu#13,Nimzo-Larsen_Attack Nimzo-Larsen_Attack_Classical_Variation
0Hxk4,8/6p1/3kp1Pp/3p3P/p1PP2K1/Pr3R2/8/8 b - - 0 43,b3f3 c4c5 d6c6 g4f3 e6e5 d4e5,2091,79,95,15004,crushing endgame intermezzo long rookEndgame,https://lichess.org/qhVtTM5a/black#86,
0NmaH,r4r1k/p1B3pp/1p3pn1/3Q1b2/3q4/2N4P/PP2RPP1/4R1K1 b - - 1 21,d4d3 d5a8 f8a8 e2e8 g6f8 e8a8,1797,75,94,7642,attraction crushing long middlegame pin sacrifice,https://lichess.org/A7ASCLH2/black#42,
02WmY,r2qk2r/1p3pbp/p1npbnp1/3Np3/4P3/2NB4/PPP2PPP/R1BQK2R b KQkq - 3 11,f6d5 e4d5 e6d5 c3d5 d8a5 d5c3,1631,74,96,17435,advantage defensiveMove fork long opening,https://lichess.org/GQ4qa2uk/black#22,Sicilian_Defense Sicilian_Defense_Sozin
039sR,6k1/p2q2pp/8/4p3/3b2P1/2pQN2P/P1P2P2/6K1 w - - 0 30,e3f5 d4f2 g1f2 d7d3 c2d3 c3c2,1042,87,94,391,advancedPawn crushing discoveredAttack endgame long master sacrifice,https://lichess.org/rLEebE7j#59,
04ACF,r4rk1/ppbb2pp/2p1p3/2Pp4/3PpR2/2N1P3/PPQ1B1PP/R1B1q1K1 w - - 4 16,f4f1 f8f1 e2f1 a8f8 c2e2 f8f1 e2f1 c7h2 g1h2 e1f1,2246,77,96,613,clearance crushing deflection kingsideAttack middlegame veryLong,https://lichess.org/rwaHUr9v#31,Queens_Gambit_Declined Queens_Gambit_Declined_Other_variations
04YBe,r2q1rk1/pb2pp1p/6p1/2n5/3bPP2/2N5/1P2B1PP/R1BQ1R1K b - - 4 18,c5e4 c3e4 b7e4 a1a4,2101,75,93,11421,advantage opening short,https://lichess.org/OkqHrLxJ/black#36,Queens_Gambit_Declined Queens_Gambit_Declined_Marshall_Defense
071ju,r2qkbnr/1pp3pp/p1n5/3pp3/5B2/1QP1PP2/PP3P1P/RN2KB1R w KQkq - 0 9,b3b7 c6a5 b7a8 d8a8,1715,76,95,22897,advantage opening short trappedPiece,https://lichess.org/cQ9hG6bd#17,Queens_Pawn_Game Queens_Pawn_Game_Accelerated_London_System
01DXj,8/pR6/8/P7/2Pb1rk1/1P1K4/8/8 b - - 0 39,d4g1 b7g7 g4f5 g7g1,825,80,96,183,advantage endgame master short skewer,https://lichess.org/kyzVQnHB/black#78,
02T7b,8/2k5/1b1p1p2/p1PQ1P2/1p1PP3/1P5q/6R1/5R1K w - - 8 39,g2h2 h3f1,833,79,99,1131,endgame hangingPiece mate mateIn1 oneMove,https://lichess.org/jZFA17Eq#77,
08RJX,8/6bk/6p1/7p/2Q3P1/P5nP/1r6/6K1 w - - 1 46,g4h5 g7d4 c4d4 g3e2 g1f1 e2d4,1807,74,95,14923,attraction crushing endgame exposedKing fork long master sacrifice,https://lichess.org/r35owteJ#91,
09EPx,r1b1kb1r/ppQp1pp1/4q2p/3Nn3/4P3/8/PPP2PPP/R3KBNR w KQkq - 2 10,f1c4 f8d6 c4e2 e6d5 c7c8 a8c8 e4d5 c8c2,2461,80,91,3037,advantage opening veryLong,https://lichess.org/jdfKVEt1#19,Center_Game Center_Game_Hall_Variation
062D9,2r3k1/6pp/5p2/ppNnp3/1q1P4/1P1QP2P/5PP1/2R3K1 w - - 0 29,d4e5 c8c5 c1c5 b4c5,1142,74,94,5735,advantage endgame short,https://lichess.org/z9P2ErBG#57,
0Se92,r4r2/pp2qpkp/1np2np1/4p3/4P2P/2N1QB2/PPP2PP1/2KR3R w - - 3 15,g2g4 b6c4 e3e1 e7b4 c3a4 b4a4,1484,74,94,22064,advantage long middlegame,https://lichess.org/aGptsROP#29,Modern_Defense Modern_Defense_Other_variations
051Lk,1r6/2R2k1p/1p2rnp1/3p1pq1/PN1Pp3/6P1/6B1/4QK1R b - - 1 40,e6e7 c7e7 f7e7 b4c6,1253,76,91,2724,advantage attraction middlegame short,https://lichess.org/GDngXDwX/black#80,
03sFl,r1b2rk1/1p3ppp/p3p3/3p4/3Q4/3B4/PPq2PPP/1R3RK1 b - - 1 16,c2d2 d3h7 g8h7 d4d2,967,93,93,1620,advantage discoveredAttack middlegame short,https://lichess.org/r4IFexvd/black#32,Sicilian_Defense Sicilian_Defense_Taimanov_Variation
0RCDM,r1bb1rk1/1p1n1ppp/p2N4/3nP3/5P2/2qBB3/P5PP/2RQ1RK1 b - - 2 17,d5e3 d3h7 g8h7 d1h5 h7g8 c1c3,1920,76,96,1412,advantage attraction kingsideAttack long middlegame sacrifice,https://lichess.org/ThXaH0e0/black#34,Sicilian_Defense Sicilian_Defense_French_Variation
00zdb,2rqr1k1/pb3p2/1p4pp/n2p4/P1pRnN2/2P2N1P/BPQ2PP1/3R2K1 b - - 2 20,c8c5 d4e4 d5e4 d1d8,1873,75,93,2690,advantage discoveredAttack master middlegame short,https://lichess.org/kUZZ0jiG/black#40,
0OQyr,r1bk1bnr/pp1p1ppp/8/q2n4/8/2N5/PP1BQPPP/R3KBNR b KQ - 1 10,f8b4 c3d5 b4d2 e2d2,1352,77,92,3349,advantage opening short,https://lichess.org/lx7vLLKC/black#20,Sicilian_Defense Sicilian_Defense_Alapin_Variation
04Woy,r4rk1/ppp2pp1/1b1p3p/4n3/1P2P2q/P1N5/1BP1QPB1/R4RK1 w - - 5 21,c3d5 e5g4 e2g4 h4g4,1384,75,93,3210,advantage middlegame short,https://lichess.org/h2q3wKY5#41,
0Ycmf,6r1/ppk1n3/3b4/2p1p2r/2PpQ3/PP1P2Pq/1B3P1N/R5KR w - - 6 28,b3b4 g8g3 f2g3 h3g3 e4g2 g3e3 g2f2 h5g5,1490,75,89,345,crushing kingsideAttack middlegame sacrifice veryLong,https://lichess.org/8E9fIxZz#55,
0T09l,2q3r1/1p5k/p1r4P/3pBb2/3Q4/bP1P4/P1P5/1K4RR b - - 4 35,c6c2 g1g7 g8g7 h6g7,1509,75,91,651,advancedPawn advantage discoveredAttack middlegame short,https://lichess.org/L3sp7GHz/black#70,
0CtZu,5bk1/4pp1p/6p1/8/8/2Q4P/q4PP1/2B3K1 b - - 1 27,f8g7 c3c8 g7f8 c1h6 a2a1 g1h2 a1g7 h6g7,1005,87,95,2695,crushing endgame pin veryLong,https://lichess.org/mtuaYm5M/black#54,
0CX21,5rk1/4Qp2/p3p1p1/7p/P2q4/8/1P1K1P1P/R2R4 w - - 8 34,d2c2 f8c8 c2b1 d4d1,1183,75,96,5371,crushing deflection endgame short,https://lichess.org/kJrwvlfA#67,
0DVsQ,3r3k/1p4p1/p1n3Bp/2b1p3/4Q3/2P5/PP3qPP/5RK1 w - - 0 24,f1f2 d8d1 e4e1 d1e1,947,81,92,1549,endgame mate mateIn2 pin short,https://lichess.org/s6CW3Va3#47,
0Sy22,r6r/1p1bkp1p/q1n2p2/p3p3/2PN1Q2/P2P2P1/4PPBP/1R2K2R w K - 0 19,d4c6 d7c6 f4e3 c6g2,1214,80,94,3453,advantage middlegame short,https://lichess.org/w3iuHo7D#37,English_Opening English_Opening_Symmetrical_Variation
0NqSh,r1r5/4p2k/6pb/3Q4/p3Pq2/P7/KP6/7R b - - 1 31,f4d6 d5f7 h7h8 h1h6,1048,75,98,5026,deflection endgame mate mateIn2 short,https://lichess.org/WYu3KA7C/black#62,
0InPz,rnbqkb1r/pp4pp/4p3/2ppP3/4n3/3B4/PPP2PPP/RNBQK1NR w KQkq - 1 7,f2f3 d8h4 g2g3 e4g3 h2g3 h4h1,1414,75,96,23928,crushing long opening pin trappedPiece,https://lichess.org/GhOWN4ua#13,Benoni_Defense Benoni_Defense_French_Benoni
01OKt,r2q1r2/pp1k4/2p4Q/3pn3/8/2P3PP/PP1N4/2KR1R2 w - - 2 28,f1e1 e5d3 c1c2 d3e1,1052,93,64,182031,advantage fork middlegame short,https://lichess.org/0UAYPkWO#55,
01rBE,r1bqr3/ppppk1pp/1b3n2/nP2p1NP/4P3/2PP4/P4PP1/RNBQK2R b KQ - 0 11,d7d5 c1a3 e7d7 g5f7 d8e7 a3e7,1635,75,93,2545,advantage long middlegame trappedPiece,https://lichess.org/evdwQ8hm/black#22,Italian_Game Italian_Game_Two_Knights_Defense
0AXKk,8/1p3pk1/1p2b1p1/4P2p/1P2NP1P/7r/4B3/2R2K2 w - - 1 38,e4g5 h3h1 f1f2 h1c1 g5e6 f7e6,875,89,97,1193,crushing endgame long skewer,https://lichess.org/jFksVhVd#75,
09P2R,6k1/p3ppbp/1p3np1/8/3P4/1Qr1PN1P/P4PP1/2rR2K1 w - - 1 23,b3a4 b6b5 a4b5 c1d1,1973,74,94,10284,advantage deflection middlegame short,https://lichess.org/tbqYjc6Y#45,
02OvQ,5qr1/pb1kp3/1prn4/3pQpp1/3P4/1P1BPP1P/P5PB/2R2RK1 w - - 4 29,d3b5 d6b5 e5d5 b5d6 h2d6 e7d6 c1c6 b7c6,1830,74,89,1605,advantage middlegame veryLong,https://lichess.org/kX2C05fp#57,
0PVqf,r2qr1k1/pp1bbppp/5n2/3p4/1P1P3B/2PQ1P2/P1B3PP/R3KN1R w KQ - 3 19,e1f2 f6e4 f3e4 e7h4,1749,76,88,1462,advantage discoveredAttack middlegame short,https://lichess.org/SnkNHgv0#37,Queens_Pawn_Game Queens_Pawn_Game_London_System
0DrId,r1b1R3/1q3pk1/pp1p1b1p/2pP1p1Q/P7/3B4/1PP2PPP/3R2K1 w - - 1 25,d3f5 c8f5 e8a8 f5g6 a8g8 g7g8,1698,74,92,2201,advantage long middlegame sacrifice,https://lichess.org/8CVswQgP#49,
005f3,r5k1/2p1pp2/pp4p1/1q1r4/5P2/2QP2R1/PP6/1K4R1 b - - 0 32,d5h5 g3g6 f7g6 g1g6 g8f7 c3g7 f7e8 g7g8 e8d7 g8e6 d7d8 g6g8,2003,74,95,13613,crushing endgame sacrifice veryLong,https://lichess.org/Prb24UzR/black#64,
06bm7,2kr3r/pppb1p1p/3p3n/3Nn1q1/4P1p1/1B1P4/PPP3PP/R3QRK1 b - - 7 16,f7f5 e1a5 c8b8 a5c7 b8a8 c7d6,2043,76,93,373,advantage long middlegame queensideAttack,https://lichess.org/DcwR1KOS/black#32,Kings_Gambit_Accepted Kings_Gambit_Accepted_Salvio_Gambit
0PwMA,3r2k1/3P2pp/2p1p3/p7/2Q2P2/q7/6PP/3R3K b - - 3 37,d8d7 c4e6 d7f7 d1d8,1300,74,95,17260,advantage endgame fork pin short,https://lichess.org/wasy4HSg/black#74,
0WF4B,r1b1k3/1pqpnn1p/p2bpQr1/6p1/3NP3/1B4BP/PPP2PP1/RN3RK1 w q - 2 16,g3d6 c7d6 f6f3 d6d4,1473,75,94,11990,advantage middlegame short,https://lichess.org/QDCGPuUb#31,Sicilian_Defense Sicilian_Defense_Old_Sicilian
03X8P,6k1/p4p2/P3p2Q/1p4P1/6q1/1KP5/1P6/8 w - - 0 46,h6f6 g4a4,955,77,97,3088,endgame master mate mateIn1 oneMove queenEndgame,https://lichess.org/Eqs0mMnS#91,
06x7s,r3r1k1/3q1ppp/p2p4/1p1Q4/8/P7/1P3PPP/2RR2K1 w - - 3 24,d5d6 e8e1 d1e1 d7d6,1148,79,94,2603,advantage deflection endgame short,https://lichess.org/5s4cuUmX#47,
04DEv,r4rk1/1p2bpp1/3p3p/p1pPp3/3nPPq1/PP1P2P1/4N1KP/R1BQ1R2 w - - 3 18,h2h3 g4e2 d1e2 d4e2,1471,75,94,29497,advantage middlegame short,https://lichess.org/xP6cTRh7#35,English_Opening English_Opening_Symmetrical_Variation
0H0mc,5b1r/p3kp2/Q3b2p/4q3/3pB3/8/PrP3PP/4RRK1 b - - 1 20,e5c7 a6a3 e7d8 a3b2,1176,76,95,8718,advantage fork middlegame short,https://lichess.org/I3bbMTu2/black#40,
06L5W,rnbqk2r/1ppppp2/5P1b/p6p/2B2Qp1/8/PPPP1PPP/RNB1K1NR w KQkq - 2 7,f6e7 d8e7 f4e3 h6e3,1100,88,87,870,advantage opening short,https://lichess.org/cSfI7L6K#13,Ware_Defense Ware_Defense_Other_variations
09Blj,3r3r/p1p2k2/1p2p2p/3nP3/B5RP/PK6/1P6/7R b - - 4 31,b6b5 h1f1 f7e8 a4b5,1160,76,94,7869,crushing endgame short,https://lichess.org/kgKBncNh/black#62,
09tnZ,rnb2k1r/4bpNp/pq6/2p5/1p6/1B3Q2/PPP2PPP/R4RK1 b - - 2 15,f8g7 f3f7 g7h6 f7e7,1091,87,94,11537,advantage fork middlegame short,https://lichess.org/PbBLDBgT/black#30,Sicilian_Defense Sicilian_Defense_Najdorf_Variation
0K4Lg,1r2k2r/pb3p2/3p1N1p/2p1b1p1/2B2p2/1P5Q/P1Pq2PP/4RRK1 b k - 0 19,e8e7 h3d7 e7f8 d7f7,1361,76,97,24797,mate mateIn2 middlegame pin short,https://lichess.org/JRKA9PIx/black#38,Sicilian_Defense Sicilian_Defense_Grand_Prix_Attack
0WVtt,6k1/3b1rp1/3RRp1p/pp6/4P1B1/6P1/PPr2P1P/6K1 b - - 0 24,c2b2 d6d7 f7d7 e6e8 g8f7 g4d7,1292,76,86,513,advantage discoveredAttack endgame long sacrifice,https://lichess.org/0qYjMamH/black#48,
0A1rW,2r2rk1/1pq2p1p/6p1/p2p4/6N1/P1B1P3/1PP5/3KR1R1 b - - 3 31,h7h5 g4f6 g8h8 f6d5,1563,78,94,13538,advantage discoveredAttack middlegame short,https://lichess.org/fnT0Zgcl/black#62,
0QFw0,r4rk1/1bq1bpp1/p3pn1p/3p4/2pN4/4QNB1/PPP2PPP/3R1RK1 b - - 3 18,e7d6 d4e6 f7e6 e3e6,1923,76,87,572,advantage kingsideAttack middlegame short,https://lichess.org/GGJHcbrP/black#36,Sicilian_Defense Sicilian_Defense_Nimzowitsch_Variation
0KTCz,1r4k1/p4ppp/2Q1p3/1BPp1b2/3P4/P3P2P/1K3PP1/4q2R b - - 1 21,b8b5 c6b5 e1f2 b2a1,1844,73,94,11814,advantage defensiveMove endgame short,https://lichess.org/NLktziYB/black#42,
0KJ2C,r1b3k1/1p3ppp/4p3/pP4Q1/rq6/3B2P1/5PP1/2R1R1K1 b - - 2 26,h7h6 g5d8 b4f8 d3h7 g8h7 d8f8,1242,76,98,9402,crushing deflection kingsideAttack long middlegame,https://lichess.org/g3sLljr7/black#52,
02ncI,2k4r/pp3p2/2qP2p1/5p2/1P6/PQ4Kn/2p2R1P/R7 w - - 0 29,f2c2 f5f4 g3g4 f7f5,1367,75,96,17185,endgame mate mateIn2 short,https://lichess.org/QiAqqiGb#57,
0AiO7,r7/p3Q3/kppp4/2n2P1q/2P2Bp1/2P1N3/P2K1P2/R7 w - - 6 29,e7d6 c5e4 d2c2 e4d6,947,76,99,2773,advantage fork middlegame short,https://lichess.org/wxPstZDC#57,
05sPl,2bR1rk1/1r5p/1B4p1/5p2/5b2/P4P2/1PP3PP/1K1R4 b - - 6 23,f4h2 b6c5 f8d8 d1d8,2318,75,89,1803,advantage middlegame short,https://lichess.org/5gQdLclX/black#46,
0PEAg,r1b2rk1/3p1pbp/4p1p1/3nP3/1P1n1P2/P1qB4/1BP3PP/1R1Q1R1K b - - 4 20,d5e3 b2c3 e3d1 c3d4,1311,77,94,9348,advantage middlegame short,https://lichess.org/VbHMZcwN/black#40,
0JGVg,8/8/4k2p/4p2P/p3K1P1/P2R1P2/8/1r6 w - - 2 57,d3d8 b1e1 e4d3 e1d1 d3c3 d1d8,1198,75,96,2900,crushing endgame long rookEndgame skewer,https://lichess.org/xbfRErh5#113,
0DTq1,3r2k1/p4ppp/5q2/3Pn3/8/3QB3/Pr3PPP/R4RK1 w - - 1 20,d3c3 e5f3 g2f3 f6c3,1308,75,94,5800,crushing discoveredAttack middlegame short,https://lichess.org/5dyV0aMN#39,
030TT,r3r1k1/pp3pp1/2pq1np1/3p4/3P4/5NQ1/PPP2PPP/4RRK1 b - - 5 16,f6e4 e1e4 d5e4 g3d6,1424,74,91,127,advantage capturingDefender middlegame short,https://lichess.org/RcOv92mJ/black#32,French_Defense French_Defense_Exchange_Variation
0NXEn,8/1pp5/3kp2R/p3p3/P4n2/1P2N1r1/2PK4/8 b - - 1 35,e5e4 e3f5 d6e5 f5g3,1405,76,95,20056,crushing endgame master pin short,https://lichess.org/JB48vMmV/black#70,
08tNo,r1bqk2r/pp3ppp/2n2n2/3p4/3P1N2/B1PP4/P4PPP/R2Q1RK1 b kq - 5 11,c6e7 f1e1 c8e6 f4e6 f7e6 e1e6,1891,74,92,2299,advantage long opening,https://lichess.org/SgYURiDt/black#22,French_Defense French_Defense_Winawer_Variation
00H87,6k1/2q1pp2/p5pB/2p4n/3pP1Q1/P2P3P/1r4P1/5RK1 b - - 1 30,c7g3 g4c8 g8h7 f1f7 h5g7 f7g7 h7h6 c8h8 h6g5 g7g6 g5g6 h8g8 g6f6 g8g3,1958,76,88,413,attraction crushing deflection endgame sacrifice skewer veryLong,https://lichess.org/hQEAqclb/black#60,
08DmD,8/6pp/8/4p3/1Pk3PP/3p4/3K1P2/8 b - - 0 44,h7h6 b4b5 c4b5 d2d3 b5c6 d3e4,1421,74,93,14736,crushing deflection endgame long pawnEndgame quietMove,https://lichess.org/Gje59mAg/black#88,
0C2ax,r7/ppqnk3/2p1ppnb/3p1b1B/5P2/3PB2P/PPP3P1/RN1Q1RK1 w - - 0 16,e3c5 d7c5 h5g6 f5g6,875,81,92,582,advantage hangingPiece middlegame short,https://lichess.org/PdEFS4XP#31,Bird_Opening Bird_Opening_Other_variations
0816p,r2q1rk1/pp3pbp/6p1/2p1p3/2PnP3/2NQB2P/P4PP1/1R3RK1 w - - 0 16,b1b7 d4f3 g2f3 d8d3,1381,76,93,7051,crushing discoveredAttack middlegame short,https://lichess.org/ts2ouSy0#31,Kings_Indian_Defense Kings_Indian_Defense_Normal_Variation
0JZDR,r3kb1r/p4pp1/2p4p/n3p3/B2qn3/2N4P/PPPP1P1P/R1BQK2R w KQkq - 3 12,d1e2 e4c3 d2c3 d4a4 e2e5 f8e7,1423,75,93,496,advantage capturingDefender defensiveMove long opening,https://lichess.org/D7qdBlaO#23,Italian_Game Italian_Game_Two_Knights_Defense
0N8iB,r3k2r/1pp5/p2p2p1/2nPp1Bp/2P1P1b1/2P2BPq/P6P/R2Q1RK1 w kq - 4 18,d1c2 g4f3 f1f3 h3g4,1973,76,83,244,clearance crushing middlegame short,https://lichess.org/MMc0WOYC#35,English_Opening English_Opening_Great_Snake_Variation
0J2ws,r2qk2r/2pbbppp/p1pn4/3pN3/3P4/5P2/PPP1Q1PP/RNB1R1K1 b kq - 2 11,e8g8 e5d7 d8d7 e2e7,1247,77,91,881,advantage discoveredAttack master opening short,https://lichess.org/nouRM15O/black#22,Ruy_Lopez Ruy_Lopez_Open
0AWZi,r2qkbr1/pp3bp1/2pp2n1/8/3P4/2N4Q/PPP3PP/R1B2RK1 b q - 2 13,d8d7 h3d7 e8d7 f1f7,1800,75,92,4441,advantage attraction opening short,https://lichess.org/55Uf1pDg/black#26,Kings_Gambit Kings_Gambit_Other_variations
0KGqW,r3r1k1/2p2ppp/p1b1p3/1p6/2Pq1P2/BB6/P1PnQ1PP/R2R3K b - - 4 17,d4e4 d1d2 e4e2 d2e2,1438,74,82,262,advantage hangingPiece middlegame short,https://lichess.org/fgEkzxxK/black#34,Zukertort_Opening Zukertort_Opening_Tennison_Gambit
0S6rQ,4r2r/p1p2kp1/1p2p3/2b5/2P1QPq1/1P4P1/PB2R2P/R6K w - - 3 26,e4e5 g4f3 e2g2 h8h2 h1h2 e8h8 e5h5 f3h5,1930,79,94,15456,attraction kingsideAttack mate mateIn4 middlegame pin sacrifice veryLong,https://lichess.org/GEux6BRi#51,
08PzC,r1bq1rk1/ppp1bppp/2n1pn2/6B1/3P4/2NB1N2/PPP2PPP/R2QK2R b KQ - 6 8,c6d4 f3d4 d8d4 d3h7 f6h7 d1d4,1597,75,93,1997,advantage discoveredAttack kingsideAttack long opening,https://lichess.org/RQYzsx58/black#16,Nimzowitsch_Defense Nimzowitsch_Defense_Other_variations
0Hwa4,4k1r1/p4p2/4pB1p/3pPn2/2pq1Pp1/Pb6/6PP/N1R1Q2K b - - 1 29,d4f4 a1b3 c4b3 c1c8 e8d7 c8g8 b3b2 g8d8,2152,77,95,6886,crushing middlegame skewer veryLong,https://lichess.org/CtnVc1HL/black#58,
0S5Q6,rnbqk1nr/pppp1ppp/8/2b1p1P1/P7/8/1PPPPP1P/RNBQKBNR b KQkq - 0 3,d8g5 d2d4 g5e7 d4c5,1498,75,96,8942,advantage opening short,https://lichess.org/qFyxxFfZ/black#6,Ware_Opening Ware_Opening_Other_variations
069SD,8/8/5p2/2kr2p1/R6p/p1Pp1P1P/P2K1P2/8 b - - 2 44,d5f5 a4a5 c5d6 a5f5,846,78,100,134,crushing endgame rookEndgame short skewer,https://lichess.org/tCipb1qg/black#88,
08fk2,r4rk1/1pp3p1/4R2p/1p2P3/8/7P/PP3PP1/R5K1 w - - 1 25,g2g3 g8f7 e6d6 c7d6,1814,72,94,14074,crushing endgame rookEndgame short trappedPiece,https://lichess.org/DCwXeVU2#49,
00S6g,r6r/p3kpbp/2Q1pnp1/q7/P2P1P2/1PP5/6PP/R1B2RK1 b - - 0 16,f6d5 f4f5 g6f5 f1f5 f7f6 c1a3 e7f7 c6d7 f7g6 f5f3,2755,95,64,101,advantage middlegame veryLong,https://lichess.org/jFCmK1qh/black#32,Queens_Pawn_Game Queens_Pawn_Game_Other_variations
0KOVz,r5r1/1p2bk1p/p1qp3B/4nP2/P3P3/8/1PP1Q1PP/R4RK1 b - - 0 20,e7g5 e2h5 f7f6 h6g5 g8g5 h5h6 f6f7 h6g5,1584,75,93,1727,attraction crushing deflection exposedKing middlegame veryLong,https://lichess.org/8ig5tA0e/black#40,
00Mca,1k6/1Pp1rqp1/p1R5/6pp/Q6P/1P6/P4PBK/3r4 b - - 5 34,e7e6 a4c4 e6c6 c4f7,2368,74,91,4484,crushing endgame short,https://lichess.org/FcSCJACK/black#68,
05QJG,8/1b6/4N1KP/8/2pp4/2k3P1/8/8 w - - 0 62,h6h7 b7e4 g6h5 e4h7,991,91,96,2882,crushing deflection endgame short skewer,https://lichess.org/8ch0VZUn#123,
01zRs,r4rk1/ppp3p1/7p/n2p1p2/3q2b1/P4PP1/1PQN2P1/1B2RK1R w - - 0 19,f3g4 f5g4 d2f3 d4c4 f1f2 c4c2,2261,84,86,605,advantage discoveredAttack long middlegame,https://lichess.org/PyrEMBG0#37,Queens_Pawn_Game Queens_Pawn_Game_Mason_Variation
03Oqv,r2qkn1R/p4pp1/2n1p3/1N1p2P1/1ppPPN2/5P2/PPPQ4/2K5 b q - 0 19,d8g5 h8f8 e8f8 f4e6 f7e6 d2g5,2013,76,94,9724,attraction crushing discoveredAttack long middlegame,https://lichess.org/oYj5Qz1x/black#38,Rapport-Jobava_System Rapport-Jobava_System_Other_variations
06mWO,r3k2r/pppq1ppp/3p2n1/3Pn3/1PP1PN1b/3B2Q1/P2BN3/2R2RK1 w kq - 5 24,g3h3 d7h3 f4h3 e5d3,1929,76,86,109,advantage capturingDefender middlegame short,https://lichess.org/IRutdnRU#47,
0Fot7,3r2k1/pq4pp/1p3pn1/8/6Q1/BP3PP1/P6P/4R1K1 b - - 0 26,b7a6 g4e6 g8h8 e6e8 g6f8 e8d8,1177,74,99,1754,crushing endgame long pin,https://lichess.org/AhRwR3Bu/black#52,
0QH2I,4b1k1/6pp/2p2p2/2Np4/3P1P2/q1P5/6PP/4Q1K1 b - - 0 27,e8g6 e1e6 g6f7 e6c8 f7e8 c8e8,1202,77,96,23035,endgame long mate mateIn3,https://lichess.org/lA3chT0Y/black#54,
0DHSG,4rrk1/p1q2ppp/1p6/2pP4/2P5/5Nb1/PP1QRP2/R5K1 w - - 0 21,f2g3 c7g3 e2g2 g3f3,1190,77,98,6675,advantage fork middlegame short,https://lichess.org/WVt4uuvq#41,
01y4w,r1b2rk1/ppp2ppp/3p4/4q3/P7/3BP2P/1PPQ1PP1/1R2K2R b K - 1 14,e5d5 d3h7 g8h7 d2d5,922,78,88,228,crushing discoveredAttack kingsideAttack middlegame short,https://lichess.org/auzq1IR4/black#28,Van_Geet_Opening Van_Geet_Opening_Reversed_Nimzowitsch
07pJd,r2q1rk1/1pp2ppp/p1pb1n2/4P3/4P1b1/2N1BN2/PPP2PPP/R2Q1RK1 b - - 0 9,d6e5 d1d8 a8d8 f3e5,1288,74,87,589,advantage intermezzo opening short,https://lichess.org/dM9wBKlU/black#18,Ruy_Lopez Ruy_Lopez_Exchange_Variation
0G5NW,5bk1/7p/p1q3p1/8/3RP2P/5QP1/P1r2P1K/8 b - - 2 36,f8c5 f3b3 g8g7 b3c2,2035,75,94,6845,crushing endgame fork master short,https://lichess.org/ANiLnzKz/black#72,
0AkKC,5r2/4Npkn/pqbp2p1/4p1b1/2P5/4NPP1/PP2PK2/R2Q3R w - - 2 25,h1h7 g7h7 d1b3 b6b3 a2b3 g5e7,1768,75,91,3618,advantage hangingPiece long middlegame,https://lichess.org/luDxI0RK#49,
0Nciy,3r2k1/ppq2pp1/2pb2p1/3p4/3P2N1/2P1rQ1P/PP3PP1/2R3K1 w - - 0 21,f3e3 d6f4 e3e1 f4c1,1620,75,95,13766,crushing endgame short skewer,https://lichess.org/qbuGEP6c#41,
0YDqz,r1b1k2r/pp1pqppp/2nQpn2/4P3/8/2N2N2/PP3PPP/R3KB1R b KQkq - 0 9,b7b6 d6e7 e8e7 e5f6,1314,78,82,781,advantage attraction opening short,https://lichess.org/0kALrtp7/black#18,Sicilian_Defense Sicilian_Defense_Smith-Morra_Gambit
02utb,8/3b2r1/k6p/p4p2/4pr2/P5R1/1R3P1N/7K b - - 3 39,g7g3 f2g3 f4f3 h2f3,1077,78,95,3207,advantage endgame short trappedPiece,https://lichess.org/bxHS9TZU/black#78,
0CRpS,r2qk2r/pbp2ppp/1pnb4/1B1p4/8/4BN2/PPP2PPP/R2Q1RK1 w kq - 0 12,d1d5 d6h2 f3h2 d8d5,967,80,94,256,crushing discoveredAttack kingsideAttack middlegame short,https://lichess.org/sfOvVcGa#23,Scandinavian_Defense Scandinavian_Defense_Valencian_Variation
0UxZa,r1bq1rk1/4bppp/p4n2/1ppNp1B1/2B1P3/8/PPP2PPP/R2QR1K1 w - - 0 13,c4e2 f6d5 g5e7 d5e7,1491,74,90,1772,advantage opening short,https://lichess.org/Qwf7DbV4#25,Philidor_Defense Philidor_Defense_Exchange_Variation
0Gqf7,r1b1k2r/pp3ppp/4p3/2bpP3/3N1Pn1/4BN2/Pq4PP/R2QKB1R w KQkq - 3 13,e3g1 c5b4 f3d2 b4d2 d1d2 b2a1,1783,75,89,734,advantage exposedKing long opening,https://lichess.org/Ty7wxpee#25,French_Defense French_Defense_La_Bourdonnais_Variation
03gNg,r4rk1/pp2b1pp/2n2p2/4p3/8/2PB1QB1/Pq3P1P/R3R1K1 b - - 3 18,b2c3 d3h7 g8h7 f3c3,1527,75,94,7251,crushing discoveredAttack middlegame short,https://lichess.org/tK6CVSPE/black#36,Sicilian_Defense Sicilian_Defense_Open
00gNl,6k1/5R2/pp4p1/2p4p/7P/1P1r4/P3r1PK/5R2 b - - 0 38,d3d2 f7f8 g8h7 f1f7 h7h6 f8h8,882,79,99,1241,endgame exposedKing long mate mateIn3 rookEndgame,https://lichess.org/JhG6365X/black#76,
0Wv8p,r3qb1r/1ppbk1p1/p1n2n1p/3B4/3PpP1Q/2P4P/PP4P1/RNB1R1K1 b - - 0 16,d7f5 d5e4 f5e4 e1e4 e7d7 e4e8,1574,77,95,24516,advantage exposedKing long opening pin skewer,https://lichess.org/xK0pBCLO/black#32,Ruy_Lopez Ruy_Lopez_Morphy_Defense
0AFYZ,8/8/1Rp2kp1/p1r5/5P2/6b1/PP6/1KB5 w - - 0 40,b6b8 c5c1 b1c1 g3f4 c1c2 f4b8,1214,76,95,20746,attraction crushing endgame fork long,https://lichess.org/f51v1x2E#79,
0Cfuj,r3qrk1/p1p3pp/1bpp4/4p3/1PP1P3/P1nQ3P/5PP1/R1B2RK1 w - - 0 16,d3c3 b6d4 c3d3 d4a1,1600,74,90,1880,crushing middlegame short skewer,https://lichess.org/5xy90wfh#31,Ruy_Lopez Ruy_Lopez_Schliemann_Defense
0Vv2V,r2r2k1/3q1pp1/p3pn1p/1pp5/1n2P3/4QN2/PPP1NPPP/R4RK1 w - - 3 17,f1c1 b4c2 c1c2 d7d1 f3e1 d1a1,1693,75,96,19048,crushing long middlegame pin sacrifice,https://lichess.org/Jq1KMrRq#33,Sicilian_Defense Sicilian_Defense_Bowdler_Attack
07twY,3r1rk1/ppp2ppp/2n2q2/2b5/4Q1b1/2P2N2/PPB2PPP/R1B1R1K1 b - - 4 14,g4f5 e4f5 f6f5 c2f5,1128,75,96,166,advantage middlegame short,https://lichess.org/LFLwp9ed/black#28,French_Defense French_Defense_Other_variations
0Fnua,5k2/rp3ppp/n3p3/2r5/3N4/2PR4/R4PPP/6K1 b - - 3 30,a6b4 d4e6 f7e6 d3f3 f8e7 a2a7,2157,74,94,4425,advantage endgame long pin sacrifice,https://lichess.org/LjVgrmyl/black#60,
044zv,rnb1r1k1/pp2npp1/7p/q1b3Q1/2B5/2N5/PPP1NPPP/R1B1K2R w KQ - 0 12,g5h5 c5f2 e1f2 a5h5,1157,78,86,573,attackingF2F7 crushing discoveredAttack opening short,https://lichess.org/wPVc9tTp#23,Sicilian_Defense Sicilian_Defense_Marshall_Gambit
09WaT,7r/pkp5/6Rp/1n1p2p1/3P4/5PBP/2P2K2/8 b - - 0 31,b5d4 g3e5 h8f8 e5d4,1357,75,95,25785,advantage endgame fork short,https://lichess.org/jPYvRYL9/black#62,
0EtnL,2r5/1b5p/1p1r1kp1/p2p4/P2Kp3/1BP1RP1P/1P4P1/3R4 w - - 2 37,d1f1 c8c4 b3c4 d5c4 d4c4 b7a6 c4b3 a6f1,2034,75,96,3790,advantage attraction discoveredAttack endgame sacrifice skewer veryLong,https://lichess.org/5Ojb8HlM#73,
0TNLG,rnbq3k/ppp1nr2/1b1p3B/3P1p2/2B1P2Q/8/PP3PPP/RN3RK1 b - - 4 15,b6d4 h6e3 h8g8 e3d4,1960,81,94,15606,crushing discoveredAttack opening short,https://lichess.org/Gzxo9UYX/black#30,Italian_Game Italian_Game_Anti-Fried_Liver_Defense
04jF9,8/p3r3/3kp1Q1/3PN3/8/4q3/1P1R2P1/7K b - - 0 43,e3d2 e5c4 d6d5 c4d2,1117,79,93,2818,crushing endgame fork pin short,https://lichess.org/BFATKOiq/black#86,
0RDbf,1r3rk1/pbp3pp/1p1qpp2/3n4/2NP1P2/P1P2B2/3Q1PPP/R4RK1 b - - 1 17,d6f4 f3d5 f4d2 d5e6 g8h8 c4d2,1629,74,94,6557,advantage long middlegame sacrifice,https://lichess.org/8osvgGg7/black#34,Nimzo-Indian_Defense Nimzo-Indian_Defense_Other_variations
0KNwr,7k/p2Br1p1/1q5p/8/5Q2/8/PP2RpPP/6K1 w - - 0 32,f4f2 e7e2 f2b6 a7b6,1626,75,97,9299,crushing endgame pin short,https://lichess.org/1a0Yb5j7#63,
071vO,8/8/5p1N/6pP/4n1P1/1p6/5k2/2K5 b - - 2 66,f2g3 h6f5 g3g4 h5h6 g4f5 h6h7,1064,79,93,916,advancedPawn advantage endgame knightEndgame long sacrifice,https://lichess.org/IRDLuozZ/black#132,
00DdW,5rk1/4bppp/4b3/1p1pPpPP/2pP4/2P5/rqNQKP2/2RRN3 b - - 5 23,e7a3 c1b1 b2b3 b1b3,1677,74,87,776,advantage middlegame short trappedPiece,https://lichess.org/bT7kcwFH/black#46,
0Clr8,1rb2rk1/p2qppbp/p5p1/P1pN4/4P3/2P1PN1P/1P1Q2P1/R1K4R b - - 1 17,c8b7 d5f6 e7f6 d2d7,1210,75,96,2040,advantage discoveredAttack middlegame short,https://lichess.org/NmBu1L2M/black#34,Pirc_Defense Pirc_Defense_Classical_Variation
0GpBm,7k/3b2p1/p2N3p/3P4/4R3/1B4qP/5rP1/6QK w - - 0 30,e4g4 d7g4 d6e4 g3h3 g2h3 g4f3,1898,75,94,9568,crushing long middlegame sacrifice,https://lichess.org/JIhg0vMK#59,
0Q0zg,2b1r3/4Np1k/1pp1nPp1/2p1Q2p/2P1P3/3qBRPP/4n1BK/8 b - - 1 24,e6d4 e5g5 d4f3 g2f3 d3e3 g5e3,1763,75,95,12511,crushing long middlegame sacrifice,https://lichess.org/lxlzquSm/black#48,
085D9,2r3k1/p5pp/2B5/N4p2/5n2/7P/Pr2bPP1/R1R4K b - - 2 24,f4d3 c6d5 g8f8 c1c8,829,88,68,180,crushing discoveredAttack middlegame short,https://lichess.org/pSQv3F1I/black#48,
055lF,4rrk1/1p1n2p1/p2p2p1/3P1q2/1PP1p3/5N1P/P2Q1PP1/R3R1K1 w - - 0 21,f3g5 e4e3 e1e3 f5g5,1681,73,97,24024,advantage interference middlegame short,https://lichess.org/cmTYzD47#41,
0HY0n,5rkr/4Qppp/pq6/3Rp3/8/8/P5PP/5R1K b - - 0 28,b6e6 e7e6 f7e6 f1f8 g8f8 d5d8 f8f7 d8h8,1957,76,95,7458,attraction crushing endgame skewer veryLong,https://lichess.org/IKBNkOqy/black#56,
08vX6,1N4k1/7p/6p1/8/8/p7/1r3PPP/R5K1 w - - 1 34,b8c6 a3a2 g1f1 b2b1 f1e2 b1a1,980,75,97,2918,advancedPawn crushing endgame long,https://lichess.org/joAR8ugz#67,
0VgdN,8/R5pp/P4k2/8/2p1p3/3n2PP/1r6/3R1K2 w - - 0 36,a7c7 e4e3 f1g1 e3e2,1956,73,94,11893,advancedPawn advantage endgame short,https://lichess.org/Heg2Iajx#71,
0OD3v,r1b2rk1/1p2qpbp/2p2np1/p1n3N1/2P1p3/1PN1P1P1/PBQ2PBP/R4RK1 w - - 2 14,g5e4 f6e4 c3e4 g7b2 c2b2 c5e4,2121,77,94,13967,advantage discoveredAttack long middlegame,https://lichess.org/NQNP9s58#27,Kings_Indian_Defense Kings_Indian_Defense_Fianchetto_Variation
0DvVx,8/7k/5Q1p/4K2p/2p3r1/2P5/8/8 w - - 9 51,e5d6 g4g6 f6g6 h7g6,973,81,95,601,crushing endgame master pin queenRookEndgame short,https://lichess.org/XqFxQufN#101,
09k24,5rk1/1p4p1/6q1/pP1p2r1/P3pN2/4P1Bb/3Q1P2/R1R3K1 b - - 9 28,g5g3 f2g3 g6g3 g1h1,2227,76,89,1023,advantage defensiveMove middlegame short,https://lichess.org/jSf6odMy/black#56,
0Hycp,3r2k1/p2r1ppp/qpQ1p3/2b5/4N3/P3P1P1/1PR2P1P/2R3K1 w - - 1 24,e4c5 d7d1 c1d1 d8d1 g1g2 a6f1 g2f3 f1h1,1097,79,92,1145,advantage kingsideAttack middlegame veryLong,https://lichess.org/tzfwDfkk#47,
08l0s,1rb1kbnr/p2qpppp/3p4/1ppQ4/6P1/4P2P/PP1P1PB1/RNB1K1NR w KQk - 2 9,b1c3 c8b7 d5d3 b7g2,1334,73,94,29060,advantage opening short skewer,https://lichess.org/fyJYLq5E#17,Grob_Opening Grob_Opening_Other_variations
04GTQ,r2q1rk1/ppp2pp1/2n4p/2bNp3/4P1b1/3P1N2/PPP1QPPP/R1B2RK1 w - - 1 10,h2h3 c6d4 f3d4 g4e2,1562,74,91,263,advantage opening short,https://lichess.org/2GHqfuPM#19,Four_Knights_Game Four_Knights_Game_Italian_Variation
07wvy,rnb2rk1/pppp2pp/5q2/3Np3/1bP3n1/2NBP1P1/PP2QP1P/R1B1K2R b KQ - 2 12,b4c3 b2c3 f6f2 e2f2 g4f2 e1g1,2493,106,90,758,advantage castling long opening,https://lichess.org/OyCYvHxG/black#24,Indian_Defense Indian_Defense_Budapest_Defense
0DRin,r3r1k1/pp1qbp2/2p2nn1/3pN1Q1/3P4/2N5/PPP2PPP/R3R1K1 b - - 2 17,f6h7 g5g6 f7g6 e5d7,1713,76,99,756,advantage kingsideAttack middlegame short,https://lichess.org/o9CPEZ3Y/black#34,French_Defense French_Defense_Exchange_Variation
0156a,2k4r/ppp1q1p1/3b2p1/3Q4/1P2NPn1/P1P3N1/6P1/R1B2RKr w - - 5 21,g3h1 h8h1 g1h1 e7h4 h1g1 h4h2,1602,76,95,13679,attraction kingsideAttack long mate mateIn3 middlegame sacrifice,https://lichess.org/oux7jARd#41,
08SfA,6k1/pb3ppp/3qp3/2p5/2R1P3/4BP1P/PP3QPK/3r4 w - - 3 25,f2g3 d1h1 h2h1 d6g3,1055,84,95,6026,advantage deflection endgame short,https://lichess.org/eP3BsvNC#49,
0GTCx,r1b1k1nN/4p2p/p5p1/1p6/4Pq2/P1NR3P/1PP2PP1/1K5R b q - 2 18,f4e5 d3d8 e8d8 h8f7 d8e8 f7e5,1803,74,93,9937,advantage attraction fork long middlegame sacrifice,https://lichess.org/RHl28eoo/black#36,Modern_Defense Modern_Defense_Two_Knights_Variation
0DTS7,r6N/ppp2Q1p/3k4/3Bp3/3nn1bq/8/PPPP2PP/RNB3KR w - - 5 16,d5e4 h4e1 f7f1 d4e2,1578,75,97,18440,fork mate mateIn2 middlegame short,https://lichess.org/3M2LHQTj#31,Italian_Game Italian_Game_Two_Knights_Defense
0UQDC,rnq2rk1/pbp2ppp/1p1pp3/6n1/2PP1B2/6P1/PPQ1PPBP/R4RK1 w - - 0 12,g2b7 g5h3 g1g2 h3f4 g3f4 c8b7,1708,85,88,1684,advantage kingsideAttack long middlegame,https://lichess.org/GspNCF9r#23,Bogo-Indian_Defense Bogo-Indian_Defense_Grunfeld_Variation
0OFT4,r1bq1rk1/pp3pbp/2n1pnp1/2B5/4p3/2PP1N2/PP1NBPPP/R2QK2R w KQ - 0 11,c5f8 e4f3 f8g7 f3e2 d1e2 g8g7,1598,75,87,462,advancedPawn advantage long opening,https://lichess.org/CH4sJZ89#21,Mieses_Opening Mieses_Opening_Other_variations
05Sxp,8/8/p4p2/5k2/1P5P/5P1K/2P1b1P1/8 w - - 3 44,g2g4 f5f4 h4h5 e2f3 h3h4 f3g4 h5h6 g4f5,1413,75,97,9803,advantage bishopEndgame defensiveMove endgame veryLong,https://lichess.org/gad1hZd3#87,
09FUo,r5k1/pp1b2p1/1q2p2p/3pPn2/6P1/2N1P3/PP3Q1P/1B3RK1 b - - 0 20,f5e3 f2f7 g8h8 f7f8 a8f8 f1f8,1523,75,96,12665,fork long master mate mateIn3 middlegame sacrifice,https://lichess.org/BqJ2SWsX/black#40,
0BLgI,rn2k1nr/ppp1qppp/3b4/8/2Q2p2/2N2N2/PPPP2PP/R1B2RK1 b kq - 0 10,g8f6 f1e1 e7e1 f3e1,1444,75,94,19757,crushing opening pin short,https://lichess.org/BCOtaIKW/black#20,Vienna_Game Vienna_Game_Vienna_Gambit
0K9EX,2r5/pp2k3/4p1p1/2qpP2P/4pP1K/1P6/P2Q4/7R w - - 0 32,h5g6 c8h8 h4g3 h8h1,1038,77,100,292,crushing endgame short skewer,https://lichess.org/p2KMZ4BP#63,
0WVAk,4r1k1/pp2q1pp/3p2b1/2p5/8/4n2P/P1PBQ1PN/4R1K1 b - - 7 24,e3f5 e2c4 g6f7 e1e7 f7c4 e7e8,1421,74,95,6972,advantage discoveredAttack kingsideAttack long middlegame,https://lichess.org/jQNPnUuU/black#48,
09RCH,8/pb5p/1p3p1N/2b2N2/7P/P4kP1/5P2/R5K1 w - - 0 31,a1e1 c5f2 g1h2 f2e1,810,79,100,200,advantage endgame fork short,https://lichess.org/StKQal1j#61,
05RTW,r4rk1/1bqnbppp/pp1ppn2/8/2N1PB2/P1PB1N1P/1P2QPP1/R2R2K1 w - - 2 14,c4d6 e7d6 f4d6 c7d6 e4e5 b7f3 e5d6 f3e2,1655,75,92,2015,advantage middlegame veryLong,https://lichess.org/TZPRrTQ7#27,Sicilian_Defense Sicilian_Defense_Smith-Morra_Gambit_Deferred
0BF85,r5r1/ppp2kpQ/3p1q2/4p3/4P1bN/3P4/PPP2PPP/R3K2R w KQ - 2 17,h7g6 f6g6 h4g6 f7g6,707,83,82,138,advantage middlegame short,https://lichess.org/LC4fihpj#33,Vienna_Game Vienna_Game_Other_variations
0EfGN,6k1/1p3pb1/4p1pp/1p1pP3/r1rN4/P1P3Q1/qP2RPPP/3R2K1 w - - 6 25,b2b3 c4d4 c3d4 a2e2 g3d3 e2d3,1650,74,94,3939,advantage capturingDefender long middlegame,https://lichess.org/kTBNAJIC#49,
0Xwih,r3r1k1/p1n2p1p/3q1pp1/2pP4/2B2bP1/2N5/PP5Q/2K2R1R w - - 0 25,h2f4 e8e1 c1c2 d6f4 f1f4 e1h1,1516,73,96,32916,advantage intermezzo long middlegame,https://lichess.org/tPgwhnvi#49,
01PVq,5b1N/p1pkq1pp/b3p3/3p4/3P4/1RB1P3/P1Q2KPP/8 w - - 3 21,c2h7 e7f6 f2e1 f6f1 e1d2 f1e2 d2c1 a6d3 h7d3 e2d3,2175,82,91,1780,advantage middlegame veryLong,https://lichess.org/TdnLNoRn#41,
0EGOt,3rr3/p5p1/7p/2Npk3/4p1P1/2P1K3/PP3R2/8 b - - 0 32,e8f8 f2f8 d8f8 c5d7 e5e6 d7f8,1410,75,98,8539,advantage attraction endgame fork long,https://lichess.org/cNqYW7Ag/black#64,
0ShMw,r1b2rk1/pp3ppp/2pb4/3p4/1PPPN3/P3P3/1B2NKPq/R2Q1R2 b - - 1 15,d5e4 f1h1 h2h1 d1h1,1274,76,81,975,advantage middlegame short trappedPiece,https://lichess.org/pgTm7meJ/black#30,Slav_Defense Slav_Defense_Other_variations
0Gmeo,r2k1b1r/pp3ppp/4b3/1B1N2q1/8/8/PP4PP/R2QR2K b - - 0 17,g5d5 d1d5 e6d5 e1e8 d8c7 e8a8,2163,79,92,2092,advantage exposedKing long middlegame skewer,https://lichess.org/lctz6ixQ/black#34,French_Defense French_Defense_Advance_Variation
0LEGe,8/6R1/2p1k3/p1P1P3/3P4/4Pp1P/r7/6K1 w - - 0 36,g7g3 a2g2 g3g2 f3g2 h3h4 a5a4 g1g2 a4a3,1838,72,95,16708,advancedPawn crushing endgame quietMove rookEndgame veryLong,https://lichess.org/m7mDxRjj#71,
0DFZr,r2r1k2/ppp2bp1/3b2Bp/4p3/4P1n1/1P3N2/P1P2PPP/2KRB2R w - - 5 17,g6f5 d6a3 c1b1 d8d1,807,87,95,1311,deflection discoveredAttack mate mateIn2 middlegame queensideAttack short,https://lichess.org/Da3nJrAA#33,Italian_Game Italian_Game_Anti-Fried_Liver_Defense
07vUv,rn3rk1/pp1q1ppp/2pb1n2/4p3/8/1P1P1NPb/PB2PPBP/RN1Q1RK1 w - - 0 11,f3e5 d6e5 b2e5 h3g2,1242,75,93,761,advantage opening short,https://lichess.org/HOwhPlG1#21,Zukertort_Opening Zukertort_Opening_Nimzo-Larsen_Variation
0FlSr,2kr3r/ppq2pQ1/3p4/4pP2/1P2P3/2P3R1/P5P1/R5K1 w - - 1 23,a2a4 c7b6 g1f1 h8h1 f1e2 h1a1,1251,78,95,24157,crushing endgame long skewer,https://lichess.org/u6VpBKzJ#45,
09Jiv,r1b2k1r/p5pB/2p5/n1b1Q3/5n1q/8/PPPP1PPP/RNB2RK1 w - - 1 15,e5c5 f8f7 f1e1 h8h7 c5e7 h4e7 e1e7 f7e7,1924,76,90,1461,advantage defensiveMove opening veryLong,https://lichess.org/Y4wqw791#29,Italian_Game Italian_Game_Two_Knights_Defense
0VQiI,2b4r/2Q2kpp/p3p3/2p1P3/2pq3b/P2P4/1P1B4/R2K3R b - - 1 23,c8d7 h1h4 d4h4 c7d7,1893,74,94,1932,crushing deflection middlegame short,https://lichess.org/TGyEuFi8/black#46,
03FLH,8/8/5pK1/4kP1B/4b2P/4p1P1/1P6/8 w - - 1 48,h5g4 e4f5 g4f5 e3e2 h4h5 e2e1q,886,82,91,403,advancedPawn bishopEndgame crushing endgame long promotion sacrifice,https://lichess.org/Nm8Sjxon#95,
07D26,r1bq1r1k/pp1p2bp/6p1/4p3/2PnQ3/6P1/PPN2PBP/R1B2RK1 w - - 1 14,c1e3 d7d5 c4d5 c8f5 e4d4 e5d4,1899,74,90,1124,advantage clearance long middlegame,https://lichess.org/5DIyIhw7#27,English_Opening English_Opening_Symmetrical_Variation
0EVtf,r3q2k/ppp1N1p1/4Q2R/3p4/4b3/8/PP4P1/K7 b - - 0 25,g7h6 e6h6 e4h7 h6f6,1779,74,96,16064,endgame mate mateIn2 short,https://lichess.org/g2JSkd7b/black#50,
0Qqyi,7r/1p4k1/p1b1pR2/4P3/8/2P2N2/Pr4PP/R6K w - - 2 29,f6e6 c6f3 g2f3 b2h2 h1g1 h2h1 g1f2 h1a1,1967,75,92,572,crushing endgame skewer veryLong,https://lichess.org/8hUXPAss#57,
05jmH,3r4/ppp1kp1p/4np2/7R/8/2N5/PPPrRPPP/6K1 w - - 8 21,g1f1 d2e2 f1e2 e6f4 e2e3 f4h5,1436,72,97,32227,attraction crushing endgame fork long,https://lichess.org/vwVRdH56#41,
0JCLs,r2qk1nr/pp1b1p2/2n3pb/2p1p1Np/3pPP1P/3P2N1/PPP1B1P1/R1BQ1RK1 b kq - 0 11,f7f6 e2h5 g6h5 d1h5,1955,74,89,127,advantage master opening short,https://lichess.org/5Us8ylyM/black#22,Scandinavian_Defense Scandinavian_Defense_Other_variations
01OgB,r3r1k1/1ppQ1pp1/1p5p/1P6/3P4/2P5/3B1PPP/5qK1 w - - 0 22,g1f1 a8a1 d2c1 a1c1,865,78,100,1066,endgame mate mateIn2 short,https://lichess.org/3ASaJgPf#43,
0JQD8,rnb1k1nr/pp1p1ppp/1q6/4p3/3bN3/P1P5/1P1BPPPP/R2QKBNR b KQkq - 0 7,g8f6 e4f6 b6f6 c3d4,1182,78,93,12115,advantage opening short,https://lichess.org/LdidniB5/black#14,Benoni_Defense Benoni_Defense_Benoni_Gambit_Accepted
0HMj5,6k1/p3bpp1/Pp2p1np/1Pp5/2P5/1N1KPN1P/5PP1/8 b - - 2 24,f7f6 b3a5 b6a5 b5b6,1933,75,91,3080,crushing endgame quietMove sacrifice short,https://lichess.org/EGabAm1y/black#48,
07L7Q,r4rk1/1pp2pp1/5n1p/p1b1Q3/P1q5/6P1/1P3PBP/R1B2RK1 w - - 0 16,e5c7 c5f2 f1f2 c4c7,1027,80,91,601,crushing discoveredAttack middlegame short,https://lichess.org/LGwmV8Ls#31,Zukertort_Opening Zukertort_Opening_Black_Mustang_Defense
0LAlf,3r3r/1Qqkbpp1/4p3/4P2p/3pPP2/2n2NPP/2P3B1/RR4K1 b - - 0 23,c3b1 b7b5 c7c6 a1a7,1867,74,95,9443,crushing master middlegame pin short,https://lichess.org/0yHek0ft/black#46,
0DRjE,1k1r3r/1p1b1ppp/2p5/Q3P3/8/P4N2/qPP3PP/2KR3R w - - 2 22,e5e6 a2a1 c1d2 d7e6 d2e2 e6c4 e2f2 d8d1,1785,74,94,668,crushing deflection discoveredAttack middlegame queensideAttack veryLong,https://lichess.org/pStkJsee#43,
0MP31,r4b1Q/1pqb1k2/p1pp1pp1/4p1p1/4P3/P1NP4/1PP2PPP/R3K2R w KQ - 0 17,h8h7 f8g7 h2h4 a8h8 h7h8 g7h8,1352,77,93,15410,advantage clearance defensiveMove long middlegame trappedPiece,https://lichess.org/2V9VcIkn#33,Ruy_Lopez Ruy_Lopez_Cozio_Defense
0TIyQ,1r3r1k/2PP4/3P3p/3B2pP/6P1/8/6K1/n7 b - - 0 48,b8d8 d5e6 a1c2 c7c8q,1967,73,94,8974,advancedPawn crushing endgame master promotion quietMove short,https://lichess.org/m86mUl9u/black#96,
0ZbDt,8/5Npk/R6p/1p6/4p1n1/8/3r2r1/K6R b - - 3 38,e4e3 f7g5 h7h8 a6a8 d2d8 a8d8,1579,73,96,18234,endgame long mate mateIn3 pin,https://lichess.org/fw3QA5Hy/black#76,
0LOiL,r1k2b1r/pp4pp/2n1Bp2/2P1p3/5B2/5N2/PPP3PP/2KR4 b - - 1 16,c8b8 f3e5 f6e5 d1d8 b8c7 d8a8,2116,76,81,114,advantage deflection long middlegame queensideAttack sacrifice skewer,https://lichess.org/xsjMrRF6/black#32,Trompowsky_Attack Trompowsky_Attack_Other_variations
0YbO3,5rk1/4R2p/3Q2p1/2nP1r2/P2q1P2/1P1p2P1/6B1/3R1K2 w - - 6 33,d6c7 f5f4 g3f4 f8f4 c7f4 d4f4,1475,75,98,1372,crushing exposedKing long middlegame sacrifice,https://lichess.org/fCACCR9X#65,
0LksK,Q2k1b2/5P2/p2q1p2/1p1B4/8/P7/KP6/8 b - - 7 37,d8e7 a8e8,1095,79,94,5178,endgame master mate mateIn1 oneMove,https://lichess.org/OMZ2gOdv/black#74,
0546P,8/2Rq1p1k/p3p1pp/1p2P3/1P3P1P/3r2PK/2Q5/8 b - - 3 40,d3d2 c7d7 d2c2 d7f7,1027,81,94,418,advantage endgame pin short,https://lichess.org/p6yAGgNQ/black#80,
0Q9QR,r2q1k1r/p1p1bppp/2B1pn2/3p1b2/5P2/1P2P3/P1PP2PP/RNBQK2R w KQ - 1 9,c6a8 f5g4 d1g4 f6g4,1840,75,96,3702,advantage middlegame short trappedPiece,https://lichess.org/ul2wiIHr#17,Bird_Opening Bird_Opening_Dutch_Variation
0EsZA,r1b1k2r/1pqp1ppp/p3pn2/4n3/2PNP3/2PBB3/P1Q2PPP/R3K2R w KQkq - 3 13,e3f4 e5d3 c2d3 c7f4,1048,83,93,2260,crushing discoveredAttack middlegame short,https://lichess.org/BM9KcZnW#25,Sicilian_Defense Sicilian_Defense_Kan_Variation
02qhV,3r2k1/Rb2qppp/1pB1p3/2n1P3/2P5/1P4P1/1B3P1P/3Q2K1 w - - 1 24,d1f3 b7c6 f3c6 e7a7,1679,75,88,457,advantage discoveredAttack middlegame short,https://lichess.org/RygfnAGh#47,
0GY5k,2r1r3/1pq1n2k/p2p1Qp1/8/P1B1PP2/3R4/1P4PP/6K1 b - - 0 24,c7c4 d3h3 h7g8 h3h8,1657,72,96,17722,endgame killBoxMate mate mateIn2 short,https://lichess.org/TNB4UWhS/black#48,
02UFP,r1b3k1/pp3rpp/8/2ppp1B1/3n3P/P1qB2Q1/2P2PP1/1R1K3R b - - 1 18,c5c4 d3h7 g8h7 g3c3,1163,86,94,20747,advantage discoveredAttack middlegame short,https://lichess.org/Nw1ZVsBg/black#36,French_Defense French_Defense_Winawer_Variation
0NcCy,2r2rk1/4qppp/bppbp3/4P3/2P1Q3/Pp4P1/1B3PBP/2RR2K1 b - - 0 18,d6a3 b2a3 e7a3 c1a1 a3c5 a1a6,1323,75,97,9962,advantage long middlegame skewer,https://lichess.org/ZwqkawVU/black#36,English_Opening English_Opening_Neo-Catalan
0BYYw,2kr4/ppp2p2/4p1r1/2q3P1/2Pn1PP1/1PQRB3/P7/1K6 b - - 0 29,d4e2 d3d8 c8d8 c3h8 d8d7 e3c5,1700,78,88,156,attraction crushing long middlegame queensideAttack,https://lichess.org/fxD3Vj4m/black#58,
0199s,r4r1k/1p2b1p1/4p1Qp/1qppP3/p4P2/2P1P1P1/PP4P1/1K1R3R b - - 0 20,b5e8 h1h6 g7h6 g6h6 h8g8 d1h1,1427,76,84,482,crushing defensiveMove kingsideAttack long middlegame sacrifice,https://lichess.org/alW9L2kD/black#40,
09iXG,8/pp1kr2p/2p4b/4P3/4K3/1PP5/P4P1P/3R4 b - - 3 29,d7e6 d1d6 e6f7 d6h6,956,99,92,795,crushing endgame short skewer,https://lichess.org/zeIGJC8x/black#58,
0JCkY,8/8/7p/1P6/2K1kp2/7P/8/8 w - - 0 54,b5b6 f4f3 b6b7 f3f2 b7b8q f2f1q c4c5 f1c1,1351,77,94,10525,advancedPawn crushing endgame pawnEndgame promotion veryLong,https://lichess.org/jUZPbSuh#107,
0695y,8/8/8/2k5/r7/2K3R1/8/8 w - - 30 65,c3d3 a4a3 d3e4 a3g3,633,97,91,583,crushing endgame master rookEndgame short skewer,https://lichess.org/iQWxl5pz#129,
07ybB,1r5r/1q3pkp/5bp1/1B6/P7/R6b/5Q1P/1R4K1 b - - 0 31,f6d4 f2d4 f7f6 a3h3,1679,75,98,632,advantage hangingPiece middlegame short,https://lichess.org/bP3rQZ4C/black#62,
0O2vh,1k1r2nr/2pbq1pp/pp1b1p2/Q7/1n2P3/2N1BN2/PPP1BPPP/2KR3R w - - 0 15,a5a3 b4d3 d1d3 d6a3,1171,75,100,373,advantage discoveredAttack middlegame queensideAttack short,https://lichess.org/nFXbYw8a#29,Nimzowitsch_Defense Nimzowitsch_Defense_Kennedy_Variation
02Fi0,r2q1rk1/pp1bbpp1/3p1n1p/2p5/2B1P2B/2NQ4/PPP2PPP/R4RK1 w - - 2 12,c3d5 f6d5 c4d5 e7h4,1009,82,92,299,advantage discoveredAttack middlegame short,https://lichess.org/Bs2R5kfG#23,Italian_Game Italian_Game_Other_variations
0DTo8,3r2k1/1B3ppp/pPP1p3/P3P3/5P2/6Q1/3rp1PP/2q1R2K w - - 0 38,e1c1 d2d1 g3e1 d1c1 h1g1 c1e1,1999,75,93,8818,crushing endgame kingsideAttack long pin,https://lichess.org/lbgTBXeH#75,
06dpN,2rqr1k1/pb3pb1/1pp1n1p1/7p/2PPQ3/1P3N1P/PB4P1/R3RNK1 b - - 0 21,e6d4 e4e8 d8e8 e1e8 c8e8 b2d4 g7d4 f3d4,1694,77,93,662,advantage kingsideAttack opening veryLong,https://lichess.org/x5uuXe9u/black#42,
00bqJ,r7/1pp4k/p2p3p/3Ppq2/2P2bb1/1N2R3/PP1Q4/1K1N2R1 w - - 8 27,d2c2 f5c2 b1c2 g4d1 g1d1 f4e3,1841,75,95,1158,advantage attraction long middlegame queensideAttack,https://lichess.org/FMvI8Grp#53,
0Kdu5,q4r1k/2p1Nbp1/p6p/8/P4Q2/2PP2PP/1P1B2P1/4RK2 w - - 9 32,f4e4 f7d5 f1g1 d5e4,1050,85,95,2575,advantage discoveredAttack middlegame short,https://lichess.org/93Q55p1t#63,
03Iup,3R2k1/1rp2pp1/p1p1q1bp/8/4p3/P1B1Q3/1PP2PPP/6K1 b - - 0 22,g8h7 d8h8 h7h8 e3h6 h8g8 h6g7,2079,74,95,10892,attraction deflection endgame long master mate mateIn3 pin sacrifice,https://lichess.org/Nn0EHk3F/black#44,
0EVFQ,2rq1rk1/1p3pp1/p1bbpn1p/6N1/3P4/P1NQP3/1P4PP/RB3RK1 b - - 1 17,h6g5 f1f6 f8e8 d3h7,1451,76,82,201,advantage kingsideAttack opening short,https://lichess.org/y3griYWF/black#34,Sicilian_Defense Sicilian_Defense_Bowdler_Attack
0Uxqc,6k1/ppp3pp/4rp2/2b5/2N2P2/1P1P2P1/P1PK3P/3R4 w - - 0 23,d1e1 c5b4 c2c3 b4c3 d2c3 e6e1,1361,75,94,10849,crushing deflection endgame long,https://lichess.org/8tei5zTR#45,
0F08A,3r3r/ppRn1k2/5p2/3pn3/5B1P/6P1/PP2KP2/3R4 b - - 5 28,d8c8 f4e5 c8c7 e5c7,1613,76,95,10277,advantage master middlegame pin short,https://lichess.org/HY956AFt/black#56,
06Nmx,1k3r2/pp6/3p3p/8/1q6/2Q5/P4P2/K1R5 b - - 0 31,b4f4 c3c7 b8a8 c7c8 f8c8 c1c8,962,96,94,2833,backRankMate endgame long mate mateIn3 sacrifice,https://lichess.org/YuMtj9gg/black#62,
04eZ9,4kR2/1b1pb2p/pQ2N3/4P1rq/3n3P/8/PPP3P1/R6K b - - 6 25,e7f8 b6d8 e8f7 d8f6 f7g8 f6f8,2369,77,93,5468,long mate mateIn3 middlegame,https://lichess.org/sACmZ8xs/black#50,
01ESO,1r3n2/p3p1kp/3p1n1N/1p3P1R/2r3P1/3B1P2/PPP5/1K1R4 w - - 1 27,g4g5 f6h5 d3c4 b5c4,903,76,85,487,advantage master middlegame short,https://lichess.org/0uV7SRFm#53,
0SZvM,8/2k5/4N3/p1Pp4/r2P1p2/4nP2/8/2R4K b - - 1 45,c7d7 c5c6 d7e6 c6c7 a4c4 c1c4 e3c4 c7c8q,1494,74,88,334,advancedPawn crushing endgame promotion sacrifice veryLong,https://lichess.org/bNxbFXor/black#90,
00LZl,r2qkb1r/ppp2ppp/2n5/3pPb2/3n1B2/2NB1N2/PP3PPP/R2QK2R b KQkq - 3 9,f8b4 f3d4 c6d4 d1a4 d4c6 d3f5,2193,76,93,6450,advantage deflection fork long opening,https://lichess.org/jBb2kj01/black#18,Kings_Pawn_Game Kings_Pawn_Game_Macleod_Attack
03cn7,3r4/pp3B1p/2pB2pk/2P2p2/4nP1P/P3PK2/5P2/R7 w - - 0 30,a1b1 e4d2 f3e2 d2b1,823,80,99,927,crushing endgame fork short,https://lichess.org/GRDeqLv6#59,
0RELS,5rk1/ppp2p2/6pp/1P2q3/P1Q1B3/2b3P1/3r2PP/5RNK b - - 0 36,g8g7 g1f3 e5f6 f3d2,1591,74,96,21553,advantage fork middlegame short,https://lichess.org/EUXNsuj0/black#72,
02yqs,2r1r1k1/Q3bpp1/8/8/4pB2/2p3PP/5n2/2R3K1 w - - 0 33,g1f2 e7c5 a7c5 c8c5,782,79,100,106,advantage endgame fork short,https://lichess.org/LCVYYVFS#65,
0JUxu,r1br2k1/1p3p1p/p1nBpqp1/8/5P2/1P4Q1/P1P4P/2KR1BNR w - - 1 20,d6e5 d8d1 c1d1 c6e5,1789,74,94,1214,advantage middlegame queensideAttack short,https://lichess.org/j1Ud8BPW#39,
0DR3L,5k1r/Q5p1/2p1q2p/5n2/3P3N/7K/P4PPP/R6R w - - 1 31,a1b1 f5e3 h4f5 e6f5 h3g3 f5g4,1650,74,97,13569,discoveredAttack exposedKing long mate mateIn3 middlegame,https://lichess.org/OMAXOVFB#61,
06rX7,r6r/1pN1kppp/p4n2/4p3/3nq1b1/2P1B3/PP3PPP/2RQKB1R w K - 1 15,d1a4 d4f3 g2f3 e4a4,1735,74,91,1717,crushing discoveredAttack middlegame short,https://lichess.org/CWUHRdYm#29,Sicilian_Defense Sicilian_Defense_Lowenthal_Variation
0ASee,2r2r1k/1p3pp1/p7/3pqN2/6Q1/7P/6P1/5R1K b - - 2 33,c8c4 g4h5 h8g8 f5h6 g7h6 h5e5,1544,72,96,31737,crushing discoveredAttack endgame long,https://lichess.org/mSAngyZk/black#66,
0MA7S,r1bq1rk1/1p3pp1/pbn2n1p/1N6/3p1B2/1N1B3P/PPP2PP1/R2QR1K1 w - - 0 15,b5d6 b6c7 d6f7 f8f7,1926,74,88,1042,advantage opening short,https://lichess.org/cgEpMyRk#29,Sicilian_Defense Sicilian_Defense_Taimanov_Variation
0KnVD,r1b2rk1/pp5p/4ppp1/2bq4/3N2N1/2PRQ3/PP4PP/5RK1 b - - 1 20,d5g5 g4f6 g5f6 f1f6,2135,75,94,8222,advantage kingsideAttack master middlegame short,https://lichess.org/xpWFIqXM/black#40,
0FNZF,2r3k1/3q1ppp/p5n1/1p1p2B1/1n1P4/4Q2P/P4PP1/1B2R1K1 b - - 6 24,b4c2 b1c2 c8c2 e3e8 g6f8 e8d7 f8d7 e1e8,1350,76,93,6429,clearance crushing middlegame veryLong,https://lichess.org/qoVHWJLt/black#48,
0Fi5f,2r1qbr1/p2n1k2/Q2Bbn1p/6p1/3P4/3B1N2/PPP2PPP/RN2K2R w KQ - 3 18,d6f8 e6c4 f3e5 d7e5,1840,75,95,4392,advantage discoveredAttack middlegame short,https://lichess.org/6jC9m4Sf#35,Dutch_Defense Dutch_Defense_Hopton_Attack
00Bul,rnbqk2r/pp3ppp/5n2/3pN3/2B5/2P5/P1PPQPPP/R1B1K2R b KQkq - 1 8,d5c4 e5c6 c8e6 c6d8,1157,79,93,709,advantage discoveredAttack opening short,https://lichess.org/70pObIpq/black#16,Kings_Pawn_Game Kings_Pawn_Game_Gunderam_Gambit
00Rlv,r3k1nr/p1q3pp/1pb1p3/2b2p2/8/N1BQ1P2/PPP3PP/2KR3R b kq - 3 14,a8d8 d3d8 c7d8 d1d8,612,96,78,136,advantage middlegame short,https://lichess.org/DoFZ2KjY/black#28,Duras_Gambit Duras_Gambit_Other_variations
02AH2,r2qk2r/ppp1bppp/4p3/3pPb2/2P3nP/2N2P2/PP2P1P1/R1BQKB1R w KQkq - 1 9,f3g4 e7h4 h1h4 d8h4,1353,76,85,114,advantage opening short,https://lichess.org/dKAZSXoN#17,Queens_Pawn_Game Queens_Pawn_Game_Zukertort_Variation
0A9XM,4rr2/3Q3p/p1p3pk/5p2/N1N1P2q/1P1P1RnP/P1P2RP1/6K1 w - - 0 30,e4f5 e8e1 f2f1 g3f1,2276,81,85,199,advantage kingsideAttack middlegame short,https://lichess.org/BqReFZ5X#59,
0MIcZ,r4rk1/p1Q2pp1/1n2p1bp/8/3PP3/q4NP1/P2R1PBP/4R1K1 w - - 1 22,f3e5 f8c8 c7b7 a8b8 b7b8 c8b8,1970,74,93,3641,advantage long middlegame trappedPiece,https://lichess.org/C1eK8kNE#43,
0Rrb3,rnk2qr1/1p2b2p/1BppPp2/p3pN2/P3P1n1/3P1Q1P/1PP3P1/R4RK1 b - - 0 23,g4h6 f5e7 f8e7 f3f6 e7f6 f1f6,1388,76,89,5960,crushing discoveredAttack long middlegame,https://lichess.org/guzXQKcc/black#46,
0Cfkw,R4b1r/2k2p1p/p1p3p1/2p5/8/4BN2/PP3PPP/2K5 w - - 0 21,e3c5 f8h6 c1c2 h8a8,1366,74,96,26212,advantage discoveredAttack endgame master short,https://lichess.org/xw5ZSmjt#41,
0TfA3,1nkr4/1p3prp/1p2p3/1Bp5/3Pbq2/1QP2P2/P5PP/R4RK1 w - - 0 24,f3e4 g7g2 g1g2 d8g8 g2h1 f4e4 f1f3 e4f3,1880,73,96,16031,attraction kingsideAttack mate mateIn4 middlegame sacrifice veryLong,https://lichess.org/qLl748Fm#47,
05mKc,r1b1k1nr/pp6/2n5/2ppq1P1/8/4PQP1/PPPN2B1/R4RK1 b kq - 0 16,c8e6 f3f8 e8d7 f8a8,1231,80,87,1317,advantage middlegame short skewer,https://lichess.org/s2Un6tYZ/black#32,Kings_Indian_Attack Kings_Indian_Attack_French_Variation
0XF2X,r1b4r/p3Nppk/nb2p2p/1p6/1Pp1Nn1P/P7/1K2P1P1/3R1B1R b - - 0 22,c8b7 e4g5 h6g5 h4g5 f4h3 h1h3,1488,75,97,13840,anastasiaMate discoveredAttack long mate mateIn3 middlegame sacrifice,https://lichess.org/E5lLzhdJ/black#44,
0QtTQ,rn2kb1r/1p3ppp/p4n2/3q4/4p1b1/3B4/PPPNQPPP/RNB1K2R w KQkq - 2 10,e2e3 f8c5 d3e4 c5e3 e4d5 e3d2 c1d2 f6d5,1727,75,93,3186,advantage opening veryLong,https://lichess.org/dJTbljEE#19,Sicilian_Defense Sicilian_Defense_OKelly_Variation
00p5I,2r4r/1b4k1/2q1p1p1/2p5/1p1pR1QP/pP1P1PP1/P1P5/4R1K1 b - - 0 30,h8h6 e4e6 c6f3 e6e7 g7f8 e1f1 f3f1 g1f1 f8e7 g4g5 e7d7 g5h6,2005,75,94,10924,advantage fork master masterVsMaster middlegame pin veryLong,https://lichess.org/GErJ3bwZ/black#60,
0W2q8,6k1/2r1p2p/4P1b1/p2p4/Pp1Q4/1P3R2/5PP1/2q2BK1 b - - 1 33,c1c5 f3f8 g8f8 d4h8,1680,75,95,9908,attraction endgame master mate mateIn2 sacrifice short,https://lichess.org/iaqyxqCU/black#66,
067bD,4r1k1/1p3qpp/p3b1n1/4p3/4Qp2/P1BR4/1PP2PPP/4R1K1 w - - 2 29,c3e5 e6f5 e4d4 f5d3 c2d3 f7e6 d4e4 g6e5,2557,110,90,1203,advantage master middlegame skewer veryLong,https://lichess.org/3exqrhZT#57,
0Mk52,2r1r1k1/p5p1/2Q4p/1p6/7P/3q4/PP6/K5RR w - - 2 29,c6h6 e8e1 g1e1 g7h6,1899,74,93,12912,crushing endgame short,https://lichess.org/bzWs1sk2#57,
02hRj,8/R2P4/p4p2/3rk1p1/8/8/6P1/5K2 b - - 2 42,a6a5 a7a5 d5a5 d7d8q,1051,86,90,1399,advancedPawn advantage deflection endgame pin promotion rookEndgame short,https://lichess.org/T7cRomZY/black#84,
02uKZ,r1b1r1k1/pp3ppp/8/2pq4/1nNPn3/1P3N1P/P3BPP1/RQ2R1K1 w - - 0 17,d4c5 d5c5 c4e3 e4f2,2575,105,82,324,advantage opening short,https://lichess.org/g7WxI8b4#33,French_Defense French_Defense_Exchange_Variation
04PCA,8/2R4p/6pk/5p2/1rBP1KPP/4PP2/8/2r5 b - - 0 41,b4c4 g4g5 h6h5 c7h7,992,78,96,3031,deflection endgame mate mateIn2 rookEndgame short,https://lichess.org/CYh3htEg/black#82,
06kR6,r1b2rk1/pp3ppp/1qn5/1Q1pP3/3Pn3/2P2N2/P2B2PP/R3KB1R w KQ - 3 13,b5d5 e4d2 f3d2 b6b2 a1b1 b2c3,2101,75,86,120,advantage long opening,https://lichess.org/QeF0FE4w#25,Kings_Gambit_Declined Kings_Gambit_Declined_Petrovs_Defense
0QwJ0,1r6/3k4/6p1/2pq4/Q2p4/1P3PP1/K7/4R3 b - - 3 41,d5c6 e1e7 d7e7 a4c6,1476,74,95,18674,crushing deflection endgame pin short,https://lichess.org/PfIjPqhm/black#82,
05daV,8/p5pk/4p1rp/3pq2P/8/1P3Q2/3bNPP1/5R1K b - - 0 30,g6f6 f3d3 h7g8 d3d2,996,83,91,813,advantage endgame fork master short,https://lichess.org/luHSkE7a/black#60,
0I46Q,rn3rk1/ppp2ppp/3b4/3P3q/3QNP2/4PNnb/PP4P1/R1BK1BR1 b - - 1 12,g3f1 e4f6 g7f6 g2h3,2080,75,93,6219,advantage discoveredAttack opening short,https://lichess.org/0Wgl3ROR/black#24,English_Opening English_Opening_Kings_English_Variation
0CDwb,5rk1/6pp/pqp3r1/4R3/QPpP1P2/P3P3/7P/2R3K1 w - - 1 31,g1f2 f8f4 e3f4 b6d4,1188,75,87,646,advantage deflection endgame sacrifice short,https://lichess.org/R842A4yo#61,
01HQ8,r4rk1/pp2qppp/2pp4/4p1B1/2BnP3/P2P1b2/1PP2P2/R1Q2RK1 b - - 1 15,e7f6 g5f6 d4e2 g1h2 e2c1 f1g1,2215,78,94,3247,advantage clearance long middlegame pin,https://lichess.org/5WPd9cpZ/black#30,Philidor_Defense Philidor_Defense_Other_variations
00T2k,2k5/p3qp2/bpp1p1p1/4P2r/P4n1p/5P2/BPQ2B1P/1K1R4 b - - 0 30,h5e5 c2c6 c8b8 d1d7 e7d7 c6d7,1584,74,94,803,advantage long middlegame queensideAttack,https://lichess.org/e3qC1Wvi/black#60,
06doQ,2k5/1p6/8/p4p1R/3p3P/3n4/PP1Kp1P1/8 w - - 2 37,d2e2 d3f4 e2d2 f4h5,788,77,91,285,advantage endgame fork short,https://lichess.org/TCA9kqRB#73,
0PuvX,3r1k2/q4n2/1p2b1p1/1P1p1pP1/3P1Q1p/2N1P2P/6BK/5R2 w - - 0 36,f4h4 a7c7 h4f4 c7c3,1369,74,95,17720,advantage fork master masterVsMaster middlegame short,https://lichess.org/zLCCN3bu#71,
09iNt,2Q1kr2/3p2bp/p3q1p1/1p2P3/5P2/6P1/7P/3R2K1 b - - 4 30,e8f7 d1d7 e6d7 c8d7,949,85,94,1627,advantage endgame short,https://lichess.org/T5VFebqM/black#60,
08qdE,6k1/5ppp/p1pb3q/1p6/3P2P1/1BP1n1P1/PP1N1KQ1/R1B1r3 w - - 1 23,g2f3 h6h2 f2e1 d6g3 f3g3 h2g3,1900,75,95,7763,crushing deflection long middlegame sacrifice,https://lichess.org/gSLPtavy#45,
0HRHs,1r6/1p3p1p/1R2k3/3r4/6P1/4B3/5PKP/8 b - - 6 34,d5d6 b6d6 e6d6 e3f4 d6d5 f4b8,1062,85,93,1598,advantage attraction endgame exposedKing long skewer,https://lichess.org/TG5S2V6s/black#68,
0TcR6,1r4k1/1r2bp1p/pBpRb1p1/2P1p3/N3P3/P5P1/1P3P1P/4R1K1 w - - 4 21,d6c6 e6d7 c6c7 d7a4 c7b7 b8b7,1999,78,94,12705,advantage long middlegame skewer,https://lichess.org/VZPFQNf3#41,
07r28,r2r1k2/4b3/3pqpQp/2p1pR2/p1P1P3/1P5P/P5P1/5RK1 b - - 3 32,a8a7 f5f6 e7f6 f1f6 e6f6 g6f6,1582,76,96,21209,advantage exposedKing fork long middlegame,https://lichess.org/8K3q39Zw/black#64,
089hP,r1bq1rk1/p3bppp/5n2/3pp1B1/8/2N5/PPPQ1PPP/2KR1B1R w - - 0 13,c3d5 d8d5 d2d5 f6d5 g5e7 d5e7,2082,76,90,361,advantage long opening,https://lichess.org/spQf5TEf#25,Sicilian_Defense Sicilian_Defense_Taimanov_Variation
0Qvgb,6k1/p2n2pp/6r1/2b1p3/3pPp1q/5P1P/PPP3P1/R1BQ1RK1 w - - 1 19,g1h1 g6g2 h1g2 h4g3 g2h1 g3h3,1875,80,93,5594,attraction crushing deflection kingsideAttack long middlegame sacrifice,https://lichess.org/b9jPN0sm#37,Vienna_Game Vienna_Game_Stanley_Variation
06HVd,4r1k1/ppp2ppp/1bp5/1q6/1N2r3/2P2Q2/PP1P1PPP/R1B2RK1 w - - 3 16,a2a4 b5f1 g1f1 e4e1,1373,75,94,15006,attraction kingsideAttack mate mateIn2 middlegame sacrifice short,https://lichess.org/GO7ESmeX#31,Ruy_Lopez Ruy_Lopez_Berlin_Defense
06cLs,rn1bk2r/pp3ppp/3p4/2q1p3/1N2P3/3Q1N2/PPP2PPP/2KR3R w kq - 6 14,d3d6 c5d6 d1d6 d8e7 d6d5 e7b4,1629,74,98,1094,advantage long middlegame skewer,https://lichess.org/W2iJlroT#27,Sicilian_Defense Sicilian_Defense_Chekhover_Variation
04X8Q,r4rk1/1Q2Rppp/8/4Pp2/5nq1/8/PP3KPP/RN6 b - - 6 23,g4g2 b7g2 f4g2 f2g2,929,84,92,689,advantage middlegame short,https://lichess.org/RsE5SrlW/black#46,
0WYXu,2kr4/ppp4p/2n4r/7q/3PQ3/P1B3P1/1PP1R1P1/3R2K1 w - - 1 28,e4f3 h5h1 g1f2 h1d1 f3f5 c8b8,1555,75,92,2225,crushing defensiveMove long middlegame skewer,https://lichess.org/wcGzO0eS#55,
0KxYQ,2r1kb1r/1b3pp1/pq1p3p/3Pp3/1p4P1/1N3P2/PPPQ3P/1K1R1BR1 b k - 0 17,b6g1 f1b5 a6b5 d1g1,1104,75,100,511,advantage discoveredAttack middlegame short,https://lichess.org/vLPBv84h/black#34,Sicilian_Defense Sicilian_Defense_Najdorf_Variation
0A577,8/3PR1p1/5pkp/8/4P3/1p4P1/3r3P/4K3 b - - 1 37,b3b2 e1d2 b2b1q d7d8q,1300,76,95,16294,advancedPawn crushing endgame hangingPiece promotion rookEndgame short,https://lichess.org/fXoPrT09/black#74,
07eCn,r4rk1/pppq1ppp/2n5/3np3/3P2b1/2P1P1P1/P3NPBP/R1BQR1K1 w - - 3 12,a2a4 d5c3 d1d2 c3e2,1666,73,96,9104,advantage middlegame short,https://lichess.org/HM440UIF#23,English_Opening English_Opening_Anglo-Grunfeld_Defense
08yjS,8/1p6/pPr1k3/4p1pR/6P1/6K1/8/8 b - - 5 45,c6b6 h5h6 e6d7 h6b6,635,88,91,497,crushing endgame master rookEndgame short skewer,https://lichess.org/pSAVRzw7/black#90,
08LZy,2k3r1/pp1r1p1p/1qp1p1b1/2P1Q1B1/3P4/bP5P/P3KPP1/R2R4 b - - 0 21,b6b4 g5f4 c8d8 e5b8 d8e7 b8g8,1828,75,95,14995,advantage long middlegame quietMove skewer,https://lichess.org/4jVADe3G/black#42,
03q1Y,r1b1kb1r/pp1ppppp/1qn2n2/8/3P1B2/5N2/PPPN1PPP/R2QKB1R b KQkq - 6 6,b6b2 d2c4 b2b4 c2c3 b4c3 f4d2,2435,77,92,4487,advantage defensiveMove long opening,https://lichess.org/n4UYvYeb/black#12,Benoni_Defense Benoni_Defense_Old_Benoni
01o71,rn2k2r/p3bppp/2p1bn2/qp6/4P3/2N1B3/PPPQN1PP/1K1R1B1R w kq - 3 14,e2d4 f6e4 d2e1 e4c3,1978,79,78,411,advantage master opening queensideAttack short,https://lichess.org/wDYpcqk8#27,Lion_Defense Lion_Defense_Lions_Jaw
0HQiK,r2qkb1r/1p4pp/p1npNn2/6Bb/4P3/2N2P2/PPP3PP/R2Q1RK1 b kq - 0 11,d8e7 c3d5 e7e6 d5c7 e8f7 c7e6,1720,74,95,16245,advantage exposedKing fork long opening sacrifice,https://lichess.org/KKyKV6ni/black#22,Sicilian_Defense Sicilian_Defense_Sozin
06cPX,5bk1/4rp1p/p2p1Qp1/1p1P4/8/2P1q3/PP4PP/1B3R1K w - - 8 30,f6d6 e3f2 b1d3 e7e1,2221,74,93,7341,clearance crushing endgame pin short,https://lichess.org/WoDqJRhZ#59,
07Jg5,3r1rk1/pppb1pb1/6pp/2qNp3/3nP3/P1PP2P1/1P4BP/R1BQ1RK1 b - - 0 18,d4b3 c1e3 c5d6 d1b3,1625,76,96,29378,advantage defensiveMove middlegame short,https://lichess.org/wrcY3J1l/black#36,Bird_Opening Bird_Opening_Other_variations
0AUSe,1b3rk1/pp3ppp/8/6r1/2R3N1/1P3P2/P4P1P/6RK b - - 12 24,g5f5 g4h6 g8h8 h6f5,1103,79,93,3709,crushing endgame pin short,https://lichess.org/R6v9EF1C/black#48,
09m80,r7/8/1pkPBK2/5p2/1RP2P2/6P1/p7/Rb2r3 w - - 0 43,e6f5 a8f8 f6g7 f8f5 a1a2 b1a2,1546,75,90,878,crushing deflection endgame long skewer,https://lichess.org/PZuuwibs#85,
0PTsS,2rqk2r/pp2bp2/1nn1p1pp/1B1pN2Q/3P1B2/2P5/PP3PPP/R3K2R w KQk - 0 15,e5g6 f7g6 h5g6 e8d7,1362,75,92,3292,advantage middlegame short,https://lichess.org/r9rkZQ6j#29,Queens_Pawn_Game Queens_Pawn_Game_London_System
07SAP,8/p3R1pk/1p3n1p/7P/1BPr1pP1/P7/5P2/2K5 w - - 1 30,b4c3 d4c4 c1b2 c4c3 b2c3 f6d5 c3c4 d5e7,2023,74,95,4228,advantage attraction endgame exposedKing fork pin veryLong,https://lichess.org/U36Gcu66#59,
01sLK,4q3/2r2p1k/4pRrp/4P2Q/2ppPB2/8/1PP3P1/7K b - - 3 37,e8f8 h5g6 f7g6 f6f8,1812,73,95,16335,advantage endgame short,https://lichess.org/MBIZxdJr/black#74,
0I0xF,2r2k2/4bppp/pn2pn2/8/3P4/2N1P1P1/PP3PKP/2RR4 w - - 0 20,b2b3 e7a3 c3e2 a3c1,1751,76,95,10375,advantage master masterVsMaster middlegame short,https://lichess.org/48flwH4N#39,
0AuBt,r1Nq1knr/pp3p1p/2B3p1/2p5/8/2P5/P2B1PPP/3Q1RK1 b - - 0 18,b7c6 d2h6 g8h6 d1d8,947,78,100,319,advantage discoveredAttack middlegame short,https://lichess.org/GpuXy81n/black#36,Kings_Knight_Opening Kings_Knight_Opening_Other_variations
0GoEC,8/1k1Q4/8/1r6/r7/2PK4/8/8 b - - 4 56,b7a6 d7c6 a6a5 c6a8 a5b6 a8a4,2027,78,83,142,crushing deflection endgame exposedKing long queenRookEndgame skewer,https://lichess.org/l741qRwa/black#112,
0ZI3J,r1b2rk1/pp1pq2p/6p1/2P1B1N1/2Pn3Q/3B2K1/P4PPP/4R3 w - - 8 21,h4d4 e7g5 d4g4 g5g4,1446,77,87,101,advantage hangingPiece middlegame short,https://lichess.org/ldYGkYFH#41,
07XjF,7k/6p1/p1qP2rp/8/8/Q6P/5PP1/3R2K1 w - - 1 39,f2f3 c6c2 g2g4 c2d1,1806,73,95,14105,crushing endgame short,https://lichess.org/TWE8LU6P#77,
091YK,rn2k2r/3Nnpp1/7p/pq2P3/1pR1P3/3Q1N2/PPP3PP/2K4R b kq - 0 21,b8d7 c4c8 a8c8 d3b5,963,76,97,2159,crushing discoveredAttack middlegame short,https://lichess.org/WEgzfi0X/black#42,
08ffX,rnb1kbnr/pp1pqp2/2p4p/6NQ/2B1Pp2/2N5/PPPP2PP/R1B1K2R b KQkq - 0 7,e7g5 h5f7 e8d8 f7f8,1064,80,77,149,advantage attackingF2F7 deflection opening short,https://lichess.org/Hb8Vmxsc/black#14,Kings_Gambit_Accepted Kings_Gambit_Accepted_Bishops_Gambit
0K5Ty,r4rk1/pbq3pp/1p1bpp2/2p5/2NPpPQ1/2P1P3/PP4PP/R1B2RK1 b - - 3 15,b7a6 g4e6 c7f7 e6f7 f8f7 c4d6,1711,75,82,152,advantage kingsideAttack long middlegame,https://lichess.org/5oaALPYm/black#30,Queens_Pawn_Game Queens_Pawn_Game_Colle_System
0EIsO,r1bqk2r/pp2n1pp/2p1pp2/8/1Q2NP2/3B4/PPP3PP/2KR3R b kq - 2 19,e8g8 e4f6 g7f6 d3h7 g8f7 d1d8,1180,76,89,2507,crushing discoveredAttack kingsideAttack long middlegame,https://lichess.org/izuaT7LC/black#38,French_Defense French_Defense_Knight_Variation
07C83,rn3rk1/5ppp/p4b2/1pp1p1N1/4P1b1/P2PB3/B1P2PPP/R4RK1 w - - 0 19,e3c5 f6g5 c5f8 g8f8 a2d5 a8a7,1737,75,94,935,advantage defensiveMove long middlegame,https://lichess.org/ZP9rd6gG#37,Vienna_Game Vienna_Game_Stanley_Variation
03fz5,8/p1bqr1kp/3N1pp1/2PB4/3Q1P1P/6Pb/P1R4K/8 w - - 0 40,d6e4 e7e4 d4e4 h3f5 e4c4 f5c2 c4c2 d7d5,1937,75,95,14125,advantage middlegame sacrifice skewer veryLong,https://lichess.org/rI8Lnrtk#79,
0GLvr,r4rk1/pp2ppbp/1q1p1pb1/8/2NnP3/2PB4/PPQ2PPP/4RRK1 w - - 0 16,c4b6 d4c2 d3c2 a7b6,1117,79,94,1412,advantage intermezzo middlegame short,https://lichess.org/NBk30vMi#31,Benoni_Defense Benoni_Defense_Old_Benoni
0P9py,r2q1rk1/1pp1bppp/p1n2n2/4P3/6b1/5N2/PPB2PPP/RNBQ1RK1 b - - 0 11,c6e5 d1d8 e5f3 g2f3 a8d8 f3g4,1454,75,92,2623,advantage long opening,https://lichess.org/C6UzlTPc/black#22,Ruy_Lopez Ruy_Lopez_Closed
07I2e,r2q1rk1/ppp1bppp/3p4/4N2b/2B1P1n1/2N1B2P/PPP1QP2/R4RK1 b - - 0 14,g4e3 e2h5 e3c4 e5c4,1724,74,90,175,advantage hangingPiece middlegame short,https://lichess.org/ayR32OnI/black#28,Philidor_Defense Philidor_Defense_Exchange_Variation
05egf,2q3k1/p2brppp/1p2p3/3pP3/3P4/Q4N2/P4PPP/4K2R w K - 0 22,a3e7 c8c1 e1e2 d7b5,1537,75,96,17690,endgame mate mateIn2 short,https://lichess.org/mQjOk7pY#43,
0CuNM,4r1k1/1p3Qpp/1p1p4/2p5/3Pr3/q1P1P3/P5PP/4RRK1 b - - 0 21,g8h8 f7f8 e8f8 f1f8,990,88,94,2572,backRankMate endgame mate mateIn2 sacrifice short,https://lichess.org/CCvhZAX6/black#42,
0BebN,6k1/6pp/2b5/4BNP1/4P3/2KP3P/qp6/5R2 b - - 1 44,b2b1q f5e7 g8h8 f1f8 a2g8 f8g8,1220,75,94,10060,endgame fork long mate mateIn3,https://lichess.org/TPrTp3bv/black#88,
0SjUd,r1bqk2r/ppp1bppp/2np4/4P3/3PP1n1/2N2N2/PPP3PP/R1BQKB1R w KQkq - 0 7,h2h3 e7h4 e1d2 g4f2,1390,75,92,2335,advantage opening short,https://lichess.org/lXwOtxbG#13,Kings_Gambit_Declined Kings_Gambit_Declined_Queens_Knight_Defense
09rK2,r2q1rk1/p4ppp/2p1p1b1/3p4/3P1N2/6Q1/PPP2PPP/2R2RK1 b - - 3 16,d8d6 f4g6 d6g3 g6e7,1491,75,100,271,advantage kingsideAttack middlegame sacrifice short,https://lichess.org/MNojdlqC/black#32,Caro-Kann_Defense Caro-Kann_Defense_Other_variations
0OLk3,2r2r1k/6b1/2b1R1q1/1p5p/pP1p4/P5PP/QB3P2/R5K1 b - - 1 27,g6c2 e6h6 c2h7 h6h7,1463,74,94,1306,advantage kingsideAttack middlegame short,https://lichess.org/z4iE9OYq/black#54,
02RJ2,1rr2k2/2q5/3p1p2/p3b1p1/2BpPp1R/PP1P1P1P/2PQ1K2/6R1 b - - 0 26,g5h4 g1g8 f8e7 g8g7,1058,82,93,2198,advantage middlegame short,https://lichess.org/Q13LMaJo/black#52,
0E9dd,r2q1rk1/1bp2ppp/pbn2n2/1p1BP1B1/8/5N2/PP3PPP/RN1Q1RK1 b - - 0 13,c6e5 d5b7 d8d1 f1d1,1698,74,82,127,advantage hangingPiece opening short,https://lichess.org/7T35hwis/black#26,Ruy_Lopez Ruy_Lopez_Classical_Variation
0MBGC,2rq1rk1/pp3pp1/4p2p/3pP3/PPnP4/2P3QP/6P1/1RB2RK1 b - - 2 19,g8h8 c1h6 g7h6 f1f6 d8f6 e5f6,1725,78,94,7961,advantage long master middlegame sacrifice,https://lichess.org/fUa4mWuu/black#38,Queens_Pawn_Game Queens_Pawn_Game_Mason_Attack
0M4wO,r4k2/pp3p1p/1q3b2/3N4/2Bn4/3PK3/PPP3rP/R2QR3 w - - 6 19,d5b6 a8e8 c4e6 e8e6 e3f4 f6g5,1885,73,95,13639,fork long mate mateIn3 middlegame,https://lichess.org/5zD6wHx2#37,Kings_Gambit_Accepted Kings_Gambit_Accepted_Cunningham_Defense
0116f,r3k1r1/2pq1p2/p2p1R2/4p1np/P1B1P1b1/2NPP3/2P3PP/R3Q1K1 w q - 1 19,h2h4 g5f3 g1f1 f3e1,1933,75,84,144,advantage kingsideAttack middlegame short,https://lichess.org/daJy5C0V#37,
09apn,6rk/2R3p1/3B4/p7/P3Q1nP/6Pq/5r2/4RNK1 w - - 1 39,d6e5 f2f1 e1f1 h3h2,1460,74,96,15537,master mate mateIn2 middlegame sacrifice short,https://lichess.org/8sx8tU7J#77,
08RX2,5rk1/p3ppbp/1q6/1NrP4/2P2PQ1/PP5P/6P1/3R1RK1 w - - 1 22,f4f5 c5c4 b5d4 c4d4,1734,79,94,13603,advantage discoveredAttack middlegame short,https://lichess.org/q0teM3cD#43,
08BK8,6k1/1R4b1/6pp/p4p2/P1p1pP2/7P/6P1/6K1 w - - 1 33,b7a7 g7d4 g1f1 d4a7,913,78,100,458,crushing endgame fork master short,https://lichess.org/F7xs2t1p#65,
0COcc,r1bk1b1r/ppppqpp1/2n2n1p/1N2p3/2B1P2Q/5N2/PPPP1PPP/R1B1K2R b KQ - 3 7,g7g5 f3g5 h6g5 h4h8,1222,75,98,2543,advantage opening short,https://lichess.org/Npn3WtAw/black#14,Kings_Pawn_Game Kings_Pawn_Game_Wayward_Queen_Attack
0Bz7e,7k/7p/3R4/p4p2/P3pP2/2b1N3/1r3KPP/8 w - - 1 33,f2g3 c3e1 g3h3 b2b3 g2g3 b3e3,1305,74,97,8003,advantage endgame long pin,https://lichess.org/vGykBVO6#65,
0AIUO,1nqr4/2r2pbk/4p1pp/1BPn4/P2PN3/1Q2P3/5PPP/2R2RK1 w - - 9 25,e4d6 d8d6 c5d6 c7c1,1089,77,90,1676,advantage middlegame short,https://lichess.org/mfEMNO9c#49,
0JFWi,2kr3r/2p5/3p3b/1Q2p2p/4P1qP/3R1nB1/PPP2P2/1K5R b - - 4 29,d8d7 b5a6 c8d8 a6a8 d8e7 a8h8,1084,77,98,1022,advantage long middlegame skewer,https://lichess.org/MGyq3xJa/black#58,
0LFwt,4R3/3Q3p/3p1rpk/3B4/4N2q/3P4/PPP2n2/2K5 w - - 5 35,e4f6 h4g5 c1b1 g5g1 e8e1 g1e1,1955,74,93,14047,backRankMate endgame fork long mate mateIn3,https://lichess.org/ny4AWdki#69,
0IfgA,3b4/p4bk1/4p1pp/2P1Pp2/3P1P2/5BP1/r2r1B1P/2R2RK1 w - - 3 34,c1a1 d2f2 a1a2 f2a2,1299,75,93,7216,advantage middlegame short,https://lichess.org/MvzNPkig#67,
0KdlZ,4r1k1/ppp2pp1/7p/3Pr3/2P2n1B/P6P/5PP1/R3R1K1 w - - 2 21,g1f1 e5e1 a1e1 e8e1 f1e1 f4g2,1129,78,93,2472,advantage attraction endgame long,https://lichess.org/fCjm6tM1#41,
0V9en,5k2/p4p1p/7B/2p1n3/6R1/r6P/5PP1/6K1 b - - 3 37,f8e8 g4e4 f7f6 f2f4 e8d7 f4e5,1813,74,96,6568,crushing endgame long pin,https://lichess.org/14OJG1rE/black#74,
00xyk,3r1rk1/1b1n1qn1/pp1Q2p1/2p3Pp/P1P1Pp1N/2P2B1P/5B1K/R4R2 b - - 1 25,d7e5 d6e5 d8e8 e5d6,1975,76,84,209,advantage hangingPiece middlegame short,https://lichess.org/tXpGxaU8/black#50,
0XCeZ,4Q3/p4p1p/4k3/3p1p2/3q4/6PP/P4P2/6K1 b - - 5 32,e6f6 e8h8 f6e6 h8d4,1258,77,94,1604,crushing endgame queenEndgame short skewer,https://lichess.org/hto7oHmP/black#64,
0DY1y,r2qk2r/1p1n1ppp/p2bp3/3pNb2/3P2P1/2N1P3/PP3P1P/R1BQ1RK1 b kq - 0 11,d7e5 d4e5 d6e5 g4f5 d8g5 g1h1,1600,74,90,1859,advantage long opening,https://lichess.org/EOeVdnJc/black#22,Slav_Defense Slav_Defense_Exchange_Variation
02RSU,r1r3k1/p4ppp/8/4P3/3PQnq1/5N2/P4PPP/R4RK1 w - - 5 22,g2g3 f4h3 g1g2 g4e4,1241,75,85,598,advantage discoveredAttack kingsideAttack middlegame short,https://lichess.org/eXIaFHkh#43,
08QCN,r1b1r1k1/2p1bppp/p7/1p6/3PN3/7P/PP3PP1/R1B1R1K1 b - - 0 16,e7b4 e4f6 g7f6 e1e8,882,84,84,181,crushing discoveredAttack kingsideAttack middlegame short,https://lichess.org/NGWg92l8/black#32,Italian_Game Italian_Game_Classical_Variation
0KUDH,r3k2r/1pp1qppp/p2p4/5P2/8/1KPn2Q1/PP1N2PP/R3R3 b kq - 1 19,d3e1 a1e1 e7e1 g3e1,1233,75,94,5012,advantage middlegame pin short,https://lichess.org/TONZ849G/black#38,Scotch_Game Scotch_Game_Classical_Variation
0LLlM,8/pp2r3/7p/P3B1p1/2k1K1P1/3p4/3R4/8 w - - 0 47,e4f5 e7e5 f5e5 c4c3 d2a2 d3d2,1610,75,97,3001,advancedPawn crushing endgame long sacrifice,https://lichess.org/tyl082Um#93,
0Kxop,r1b2k1r/pp3pb1/1n1N3p/2q1p1p1/8/2P2NP1/PPQ2PP1/3RKB1R w K - 6 17,f3g5 h6g5 h1h8 g7h8 c2h7 h8g7,1555,75,82,128,advantage defensiveMove hangingPiece long opening,https://lichess.org/Jcyiwa31#33,Indian_Defense Indian_Defense_Other_variations
0KAL1,8/8/1k2pR2/4P3/1p1bB2p/1Pr5/1K4P1/8 w - - 2 40,f6e6 c3c6 b2a2 c6e6,1372,76,95,9661,crushing discoveredAttack endgame master short,https://lichess.org/YwxnC8S7#79,
02SQK,1r2r1k1/3nbppp/p1q1p3/3pR2Q/3B4/3B4/PPP2PPP/R5K1 b - - 9 19,g7g6 h5h7 g8h7 e5h5 h7g8 h5h8,1944,75,93,9335,attraction kingsideAttack long mate mateIn3 middlegame pin sacrifice,https://lichess.org/cFnIZHq6/black#38,Sicilian_Defense Sicilian_Defense_Taimanov_Variation
0Fa0D,r1b2rk1/4bppp/pRpppn2/q7/4P3/2NBBP2/P1PQ2PP/5RK1 b - - 1 15,c8d7 c3d5 f6d5 d2a5,1862,75,91,1861,advantage discoveredAttack middlegame short,https://lichess.org/Viu9AGaZ/black#30,Sicilian_Defense Sicilian_Defense_Najdorf_Variation
0BSJR,3r1r1k/2q3p1/7p/4n3/1PB1R3/2P2P2/P2N1P1P/R2Q2K1 w - - 9 27,d1e2 d8d2 e4e5 d2e2 e5e2 c7c4,1693,74,86,236,advantage capturingDefender long middlegame,https://lichess.org/5v7VpcHV#53,
0IxiY,r2qkb1r/pp2pppp/3p1n2/2p5/2B1P3/1QP2n2/PP1P1P1P/RNB1RK2 b kq - 1 9,f3e1 c4f7 e8d7 b3b7 d8c7 f7e6 d7e6 b7c7,2078,75,94,7473,attackingF2F7 crushing deflection middlegame veryLong,https://lichess.org/fiUurzzF/black#18,Sicilian_Defense Sicilian_Defense_Modern_Variations
094ZY,rn3rk1/ppq2ppb/2pbpn1p/8/7N/1BNP2PP/PPPB1P2/R2QR1K1 b - - 0 13,d6g3 f2g3 c7g3 h4g2,1486,78,95,16226,advantage defensiveMove opening short,https://lichess.org/uSbJtfVB/black#26,Scandinavian_Defense Scandinavian_Defense_Main_Line
09iHB,r5k1/pp4pp/6q1/3pPr2/2p5/5N2/PP1Q2K1/3R1R2 w - - 4 24,g2f2 f5f3 f2f3 a8f8,2137,83,91,3657,attraction crushing master masterVsMaster middlegame sacrifice short,https://lichess.org/q5U7MZUd#47,
03rC2,6r1/pk5r/3p4/5p2/1R2p2p/4P1P1/PP3PK1/7R b - - 1 33,b7c7 h1c1 c7d7 b4b7 d7e6 b7h7,1054,75,100,429,crushing endgame long rookEndgame skewer,https://lichess.org/DvuKOssW/black#66,
03KYx,r1bq1r2/p4ppk/1p3b2/n2P2N1/7P/P7/1B3PP1/R2QK2R b KQ - 1 16,f6g5 h4g5 h7g8 d1h5,1593,76,89,2013,crushing discoveredAttack master middlegame short,https://lichess.org/wlDqw718/black#32,Queens_Gambit_Declined Queens_Gambit_Declined_Exchange_Variation
0ZDvF,4rrk1/2pq1pp1/p4n1p/1p2pR2/8/2P1Q2P/PPB2PP1/4R1K1 w - - 0 29,f5e5 e8e5 e3e5 f8e8 e5e8 f6e8,1535,76,81,117,advantage clearance long middlegame,https://lichess.org/K4gifrOL#57,
0DAn2,2r2r1k/5p2/4pqp1/3p2N1/1n3P2/P7/6PP/R3QR1K b - - 4 25,b4c2 e1h4 h8g7 h4h7,1093,76,95,6119,mate mateIn2 middlegame short,https://lichess.org/bp9EXmYj/black#50,
08HaP,4Rb2/5pkp/1B4p1/1N4n1/1PR5/5nPP/4KP2/r7 w - - 7 33,b5d4 a1e1 e2d3 e1e8 d4f3 g5f3,1521,75,96,17422,advantage long middlegame skewer,https://lichess.org/GqJcWRu9#65,
0IFtC,r1b1kbnr/ppp1p1p1/n6p/3q1p2/3N1P2/3B2N1/PPP3PP/R1BQK2R b KQkq - 6 11,d5d4 d3b5 c8d7 d1d4,1158,76,94,16254,crushing discoveredAttack opening short,https://lichess.org/e3rKTilr/black#22,Zukertort_Opening Zukertort_Opening_Tennison_Gambit
0Clgm,1r2q1k1/pb4pp/1p6/5Q2/3P2P1/2P5/P5P1/5RK1 b - - 2 27,e8c6 f5f7 g8h8 f7f8 b8f8 f1f8,1128,75,97,5819,backRankMate endgame long mate mateIn3 sacrifice,https://lichess.org/s34kdvfq/black#54,
0Lu8f,1r2r2k/p1p4p/b1PpP1p1/2nB4/2Pq4/P5P1/R3Q2P/1N2R1K1 w - - 2 24,e2e3 d4e3 e1e3 b8b1,1472,74,93,993,advantage kingsideAttack middlegame short,https://lichess.org/xJfvGyjB#47,
05K1G,2kr4/p1p4p/2N5/5b2/2Pb4/8/PP3PPP/R2K4 w - - 1 21,c6e7 c8b7 e7f5 d4b2,1561,76,95,24662,crushing defensiveMove discoveredAttack endgame sacrifice short,https://lichess.org/32tZh2p2#41,
05LeR,5r1k/bp6/p1p3p1/4p2p/7P/2PRNrP1/PP2RP2/6K1 w - - 1 29,d3d7 f3f2 e2f2 a7e3,1977,75,94,14394,capturingDefender crushing deflection endgame pin short,https://lichess.org/PbGdb8a3#57,
04x2b,3r1rk1/p1p2ppp/1pn2n2/8/3P4/3B1N2/PP3PPP/R2R2K1 b - - 6 15,c6d4 f3d4 d8d4 d3h7 g8h7 d1d4,1464,75,96,5510,crushing discoveredAttack kingsideAttack long middlegame,https://lichess.org/Z7vgrijG/black#30,English_Defense English_Defense_Other_variations
0FBdY,2r5/pp3pk1/6p1/1qnp4/8/rNP1PPP1/PQ4P1/R5K1 b - - 1 31,a3a4 c3c4 g7g8 c4b5,1021,85,95,3382,crushing discoveredAttack master masterVsMaster middlegame short,https://lichess.org/8ScBXEJr/black#62,
0TARP,rnbqk2r/pp3ppp/5n2/b2N2B1/8/1N6/PPP2PPP/R2QKB1R w KQkq - 1 10,b3a5 d8a5 b2b4 a5d5 d1d5 f6d5,1229,76,93,7593,advantage long opening,https://lichess.org/hoOmXCyj#19,Sicilian_Defense Sicilian_Defense_Closed
0F3uq,4r1k1/pr1qbppp/8/2BpP3/PPb5/1NP4P/6P1/R2QR1K1 w - - 5 22,c5d6 e7d6 e5d6 e8e1 d1e1 c4b3,1409,74,94,21958,advantage discoveredAttack long middlegame,https://lichess.org/ccNYmuKN#43,
09FRI,r4rk1/pp1bqppp/2p2n2/6B1/8/2PQ2P1/P3PPBP/R2R2K1 b - - 1 13,h7h6 g5f6 e7f6 d3d7,1131,77,88,136,advantage capturingDefender middlegame short,https://lichess.org/JJe7cUfY/black#26,English_Opening English_Opening_Kings_English_Variation
0UDJM,Q7/1B6/8/4kPpp/3q2P1/7b/7K/8 b - - 4 60,h3g4 a8h8 e5f5 h8d4,1715,75,88,379,crushing deflection endgame short skewer,https://lichess.org/LQIMKVCn/black#120,
09bLP,4r1k1/1p4p1/p6p/3p4/3Pq2P/4P3/PP3QP1/4R1K1 w - - 1 28,f2f4 e4f4 e3f4 e8e1,1113,80,94,5774,crushing discoveredAttack endgame short,https://lichess.org/UGqG785K#55,
0Buep,5k2/p3p2p/1p2q1p1/2p1p3/3r4/P4Q2/5PPP/4R1K1 b - - 5 25,d4f4 f3f4 e5f4 e1e6,1601,74,95,20255,advantage endgame short,https://lichess.org/G0uHW23J/black#50,
04JfE,r2qr1k1/5pb1/1p1p1n2/p2P1QBp/7R/P1N4P/1PP3PN/6K1 w - - 1 23,h4h5 f6h5 g5d8 g7d4,2331,77,92,5401,crushing middlegame sacrifice short,https://lichess.org/92uvPtYe#45,
0O9RC,1k2r3/p1p5/8/3P4/3KP3/1p6/2bN3P/2R5 w - - 0 44,d2c4 e8e4 d4c3 e4c4 c3c4 b3b2 c1c2 b2b1q,1465,75,95,15156,advancedPawn crushing endgame promotion veryLong,https://lichess.org/7WrFxliM#87,
0D8gu,r5k1/1p3ppp/p3p3/6r1/PPPB4/3Q1bq1/5RP1/R5K1 b - - 1 26,f3g2 d3g3 g5g3 f2g2 g3g2 g1g2,1330,74,93,16075,advantage intermezzo long middlegame,https://lichess.org/JjB8VLbr/black#52,
09hUj,r3kb1r/pp2pp1p/2pq1np1/8/2BP2b1/2N2N2/PPP2PPP/R2Q1RK1 w kq - 0 10,c4f7 e8f7 f3e5 d6e5 d4e5 g4d1,1838,74,93,6723,advantage hangingPiece long opening,https://lichess.org/EDn0rZMc#19,Scandinavian_Defense Scandinavian_Defense_Gubinsky-Melts_Defense
09HI0,3R1b2/ppq2pk1/2p1b3/4PrpQ/3R1P1p/1P5P/P5PK/8 b - - 3 36,g5f4 h5g4 g7h7 d8f8,1360,75,94,2635,advantage deflection middlegame short,https://lichess.org/FQfBvAKW/black#72,
0Ll81,r1b2rk1/1p1p2pp/p1n1pn2/4N1B1/8/2qB2Q1/P4PPP/R3R1K1 b - - 1 17,c6e5 d3h7 f6h7 g3c3 e5f3 g2f3,1944,75,93,3688,advantage discoveredAttack long middlegame,https://lichess.org/P45NkWPq/black#34,Sicilian_Defense Sicilian_Defense_Smith-Morra_Gambit_Accepted
04ZrX,3r4/1b4k1/p4q1p/1p1P1pp1/8/2P2Q2/2B2PPP/3R2K1 b - - 3 33,d8d5 d1d5 b7d5 f3d5,912,86,94,980,advantage endgame short,https://lichess.org/KERAcTOS/black#66,
08ZCz,r2qkbnr/1pp2ppp/p1n5/4P3/4N1b1/4BN2/PPP2PPP/R2QKB1R b KQkq - 0 7,c6e5 d1d8 a8d8 f3e5,1400,74,94,11538,advantage intermezzo opening short,https://lichess.org/odSifmAy/black#14,St_George_Defense St_George_Defense_Other_variations
0JXfc,r5k1/6pp/1pn1Nr2/p3R3/2pp4/2P4P/PP3qP1/R1BQ3K w - - 1 22,e5e2 f2f1 d1f1 f6f1 h1h2 d4d3,1861,74,87,109,advantage kingsideAttack long middlegame,https://lichess.org/vA63HdVa#43,
0AInO,r2qkbnr/pp3ppp/2n1p3/3p3b/3P4/2PB1N1P/PP3PP1/RNBQK2R w KQkq - 1 8,c1g5 h5f3 d1f3 d8g5,1343,76,93,1172,advantage capturingDefender opening short,https://lichess.org/kBvMihGu#15,Caro-Kann_Defense Caro-Kann_Defense_Exchange_Variation
0IXn3,6qk/p2R1rPp/1p6/4Q3/8/2P2P2/6PK/8 b - - 0 44,g8g7 d7d8 f7f8 d8f8,1314,76,97,24017,endgame mate mateIn2 pin short,https://lichess.org/WWMRz97C/black#88,
0J3Dy,r5k1/ppbR1r2/5p2/8/4P2n/2N5/PP3PP1/3R2K1 b - - 2 22,a7a6 d7f7 g8f7 d1d7,1324,74,93,3690,attraction crushing middlegame short,https://lichess.org/Rdfg33wK/black#44,
09Hpb,3r1rk1/ppp3pp/2nq4/3P1p2/8/4BP2/P1B2P1P/Q3RK2 b - - 1 18,d6d5 c2b3 d5b3 a2b3,1167,77,95,1721,advantage middlegame pin short,https://lichess.org/qhdWF2iA/black#36,French_Defense French_Defense_Exchange_Variation
01tZS,r5k1/p4pp1/2pB4/6P1/2p3np/P1N5/BPP5/5K2 w - - 0 26,a2c4 g4e3 f1f2 e3c4,868,76,99,567,advantage endgame fork short,https://lichess.org/YimAxyBC#51,
0F5zV,1r1q1r2/5pk1/p1b1pnpp/2p1Q3/2P3N1/1P2B2P/P4PP1/1R4K1 b - - 3 22,h6h5 g4f6 d8f6 e3h6 g7h6 e5f6,2049,75,89,1201,crushing deflection long middlegame,https://lichess.org/VcfRESlD/black#44,
0BDFq,3rkR2/8/p3p2p/1p6/3q4/2N5/P5rP/5R1K b - - 1 28,e8e7 f1f7 e7d6 f8d8 d6e5 d8d4,1237,76,100,283,crushing deflection endgame interference long skewer,https://lichess.org/EPGfA3bK/black#56,
00n3G,1k4r1/7p/1p4r1/pPp1qp2/P1Pp1R2/3Q2NP/2P4K/5R2 w - - 4 32,f1f3 g6g3 f3g3 e5f4,1143,76,93,1893,advantage deflection middlegame pin short,https://lichess.org/7me09or0#63,
0AGfC,2k3r1/pp3p2/2pb2r1/4p2p/2P1Pq2/1PB2NP1/PQ3PK1/R6R w - - 4 23,c3e5 g6g3 g2f1 f4f3 e5g3 f3h1 f1e2 h1e4,2279,75,92,3354,crushing deflection middlegame pin veryLong,https://lichess.org/6LiuWuOl#45,
02bRz,4r1k1/3pqpp1/5r2/Q7/8/4BN2/PP3nPP/3R1K1R w - - 0 23,e3f2 e7e2 f1g1 e2d1,932,87,96,3501,crushing fork middlegame short,https://lichess.org/eqIPvKQL#45,
0TUwf,r2r2k1/p4ppp/4pb2/8/5q2/1P3R2/PB2QPPP/5RK1 b - - 4 20,f4g5 b2f6 g7f6 f3g3,1300,73,94,17022,advantage middlegame pin short,https://lichess.org/DftvJgu3/black#40,
0VRTG,4r2k/p1p2pR1/2p2P1p/3p4/NP2q3/2P5/P6P/5QK1 w - - 1 31,g7f7 e4g6 g1h1 g6f7,1919,74,94,15197,crushing endgame fork short,https://lichess.org/AvuILU8S#61,
0VCtD,4qbk1/7r/1p2p2p/pP1pPp1R/B1pP1P2/2P2Q2/1P4PP/6K1 w - - 5 41,g2g4 f5g4 f3g4 h7g7 h5g5 h6g5,1783,75,95,15224,crushing endgame long pin,https://lichess.org/X366jb3a#81,
0Oi9j,1k1r3r/1p4p1/p2q1pp1/8/8/1P2P2B/P2B1QPP/2R3K1 b - - 0 24,d6d2 c1c8 d8c8 f2d2,1636,74,94,11124,advantage deflection endgame short,https://lichess.org/BlafTo2Z/black#48,
05pcB,r1b2r1k/pp1n2p1/2pq3p/3pN3/3PpP2/1Q2P1P1/PP3RBP/4R1K1 w - - 4 25,g2e4 d5e4 e5f7 f8f7,1572,76,81,136,advantage hangingPiece middlegame short,https://lichess.org/1tc3taW3#49,
0KnZm,8/pp3p1k/4p2P/3p1bP1/3P1P1K/P1P1B3/R7/1r6 w - - 9 33,a3a4 b1h1 h4g3 h1h3 g3g2 h3e3,1133,76,100,204,advantage endgame long master skewer,https://lichess.org/0o8b1Cua#65,
0QiJY,r4rk1/1pqn1ppp/p3pn2/2b2NB1/2P5/P1N4P/1P2QPP1/2RR2K1 w - - 3 18,f5g3 c7g3 g5f6 d7f6,1562,74,93,14921,crushing master masterVsMaster middlegame pin short,https://lichess.org/zfROCvpf#35,Scandinavian_Defense Scandinavian_Defense_Mieses-Kotroc_Variation
0JKWC,r4rk1/pbp2ppp/1pq1p2R/8/2P4P/P2B4/2PKN3/6QR b - - 2 18,c6h1 d3h7 g8h8 h7e4,1461,73,96,26005,advantage discoveredAttack kingsideAttack middlegame pin short,https://lichess.org/JGFlY5Kk/black#36,French_Defense French_Defense_Winawer_Variation
09j55,4R3/p1pr1ppk/1p5p/1P4b1/q7/5Q1P/6P1/7K b - - 3 35,f7f6 f3f5 g7g6 f5d7,1174,75,97,4629,endgame fork mate mateIn2 short,https://lichess.org/Tftsu1kj/black#70,
09qMn,r4rk1/p2b1p2/1qp2n1p/3p2p1/3N4/3B2PP/PPP3P1/R2Q1R1K b - - 2 17,b6d4 d3h7 g8h7 d1d4,1078,77,97,2774,crushing discoveredAttack middlegame short,https://lichess.org/8QaqG7Ed/black#34,Scotch_Game Scotch_Game_Schmidt_Variation
081MG,8/8/4p1kp/3pP3/3P2PK/1n6/4N3/8 w - - 21 64,g4g5 h6g5 h4g4 g6h6,2336,80,93,5566,advantage defensiveMove endgame knightEndgame short,https://lichess.org/zJCw9QYE#127,
09TPJ,2r3k1/p2r1pp1/2p2q2/1P1p2p1/8/Q4BPb/P3PP1P/2RR2K1 w - - 0 28,d1d5 d7d5 f3d5 c6d5 c1c8 h3c8,1824,75,95,12899,advantage long master masterVsMaster middlegame,https://lichess.org/83Hr0djf#55,
08Qz4,r1b1k1nr/pppp2pp/2n5/2b1P3/8/5NP1/PqPNP1BP/R2Q1R1K b kq - 3 11,c6e5 a1b1 b2a2 f3e5,1996,77,91,2421,advantage opening short,https://lichess.org/Aj2dUzLH/black#22,Englund_Gambit Englund_Gambit_Other_variations
06J6T,4r2k/6b1/Q7/P2Rn3/2p1B2p/6qP/1r4P1/5R1K b - - 1 32,g3e3 d5e5 g7e5 a6g6,2106,78,92,5249,crushing master middlegame sacrifice short,https://lichess.org/2YLRti4c/black#64,
0adhE,6k1/3p3p/p2Pp1p1/1p1b1q2/3Q4/1P3rB1/P4P1P/2R3K1 b - - 4 32,d5c6 c1c6 d7c6 d6d7 f5b1 g1g2,1477,76,68,159,advancedPawn crushing endgame long sacrifice,https://lichess.org/3J8RwDwS/black#64,
02awE,2r2rk1/pp3p1p/q2p2pP/6P1/2R5/2Q1P3/4KP2/3R1B2 b - - 0 29,c8c4 c3g7,856,78,98,1157,endgame mate mateIn1 oneMove,https://lichess.org/SufauvwE/black#58,
073l1,6k1/5ppp/2b1p2q/4P3/1P1P4/4r3/B4RPP/2Q3K1 w - - 3 26,c1c6 e3e1 f2f1 h6e3 g1h1 e1f1,982,84,90,1830,backRankMate clearance deflection endgame long mate mateIn3,https://lichess.org/NM5pkHvI#51,
0QlLB,1r3rk1/p6p/3bRqpP/2pp4/5pQ1/1NP5/P4PP1/2B3K1 b - - 0 30,f6d8 e6g6 g8h8 g6d6,1717,74,93,1846,advantage kingsideAttack middlegame short,https://lichess.org/YrqldJN8/black#60,
0FPg6,2rq1rk1/5ppp/5b2/2np4/P2NpBn1/4P1P1/5PBP/R2Q1RK1 b - - 0 20,c5d3 d1g4 f6d4 e3d4,1487,74,93,184,advantage hangingPiece middlegame short,https://lichess.org/A8siUyg9/black#40,
03UTN,r1r3k1/p3pp1p/2q3p1/3RNn2/5P2/5Q2/5P1P/4R1K1 b - - 12 32,c6b7 d5d8 c8d8 f3b7,1112,80,93,2730,advantage discoveredAttack master middlegame short,https://lichess.org/9b3ASzGE/black#64,
0T2iE,r5k1/1pq3pp/p1b1p3/4N1P1/5R2/2P5/P1B2P2/4R1K1 b - - 0 26,a8f8 c2h7 g8h7 f4f8,1693,75,97,8368,advantage deflection master masterVsMaster middlegame short,https://lichess.org/EudbIqy4/black#52,
08QRR,5rk1/pp2n1pp/3r4/3P1p2/4pP2/P3K2P/1P6/2RR1B2 b - - 2 23,e7d5 d1d5 d6d5 f1c4 f8d8 c1d1,1817,72,96,15845,advantage endgame long pin sacrifice,https://lichess.org/n6PMNuVV/black#46,
08Qm1,8/2pk4/P1r5/8/2N1p1p1/1PP1PnP1/8/R6K w - - 11 48,a6a7 c6h6 h1g2 h6h2 g2f1 h2h1,1101,76,91,8779,crushing endgame exposedKing long,https://lichess.org/8TTtTllA#95,
0BaPz,r1bq1k1r/pppp2p1/1bn2P1p/6N1/3P4/5Q2/PP3PPP/RNB2RK1 b - - 0 12,h6g5 c1g5 d8e8 f6g7 f8g7 g5f6,2106,75,86,1575,advancedPawn advantage attraction doubleCheck long opening,https://lichess.org/laTKhpJl/black#24,Italian_Game Italian_Game_Classical_Variation
07tu0,6k1/5p1p/6p1/1N6/1b1p1P2/7P/1P4P1/6K1 w - - 0 29,b5d4 b4c5 g1f2 c5d4,811,86,97,388,crushing endgame pin short,https://lichess.org/JSGEi80E#57,
0DYTq,R7/8/3p4/8/P2kp3/8/1rpK4/5R2 w - - 2 56,a8c8 e4e3 d2c1 b2b1 c1c2 b1f1,1673,75,93,380,crushing endgame exposedKing long rookEndgame skewer,https://lichess.org/vCABnnhk#111,
0B0MH,4r3/2R1bk2/8/4Qp2/P4Bq1/6Pp/1P3P1P/6K1 w - - 0 32,a4a5 g4d1 e5e1 d1e1,754,86,98,1901,endgame mate mateIn2 short,https://lichess.org/e0swKhQP#63,
0IucZ,r1q1k2r/1pp2ppp/p1n1pn2/1Q2Nb2/2BP4/B1P1P3/P4PPP/R4RK1 w kq - 0 13,b5c5 f6e4 e5c6 e4c5,1528,75,80,197,advantage middlegame short trappedPiece,https://lichess.org/iJdOulZU#25,Queens_Gambit_Accepted Queens_Gambit_Accepted_Old_Variation
06QwF,4kb2/8/4PP2/6N1/1pp4p/2P2K2/P7/8 w - - 1 41,c3b4 c4c3 e6e7 c3c2 e7f8r e8f8,2435,79,92,3197,advancedPawn advantage endgame long,https://lichess.org/p2k6WENp#81,
0WufT,8/5p2/3p4/3qbk1p/5p1B/4p2P/6P1/3R1R1K b - - 1 49,e3e2 f1f4 f5f4 d1d5,1488,75,97,19239,advantage endgame master short,https://lichess.org/e4Lx4Gzk/black#98,
0H767,r3kb1r/1b3ppp/p3pn2/3q4/Pp3P2/1PPB4/1B2Q1PP/RN2R1K1 b kq - 0 15,d5b3 d3c4 b4c3 c4b3,1538,76,86,845,advantage master opening short trappedPiece,https://lichess.org/d8Eh6R8t/black#30,Sicilian_Defense Sicilian_Defense_Kan_Variation
0Goww,5r1k/p5p1/1p5p/2p1Q3/1P4n1/2P5/P4qPP/R5RK w - - 1 27,e5e1 f2f4 e1g3 g4f2 g3f2 f4f2,2052,71,93,11550,advantage endgame long,https://lichess.org/pKu9tDFW#53,
04Wmv,8/2B4p/p1p1kPp1/3p2P1/1P1P1K2/P7/8/7b b - - 18 53,h7h6 g5h6 g6g5 f4g5,886,77,97,670,bishopEndgame crushing endgame short,https://lichess.org/SQ6VDS2C/black#106,
05gES,3R1bk1/2q2n1p/rn2rPp1/2p1p3/p3P3/1P2NN1P/PBQ2P2/3R2K1 w - - 1 32,e3d5 c7d8 d5e7 f8e7 d1d8 e7d8,2084,75,94,1747,advantage hangingPiece long middlegame,https://lichess.org/ppQl8hai#63,
03sKG,8/8/3KR3/1p3pP1/2k2P2/6n1/4r3/8 b - - 6 62,b5b4 e6e2 g3e2 g5g6 c4c3 g6g7 b4b3 g7g8q,1105,81,91,4082,advancedPawn crushing endgame promotion veryLong,https://lichess.org/fuFeHpn0/black#124,
0LYHZ,1n1r2k1/p4pp1/1p2p2p/4P3/1P6/P6P/q3RPP1/2B1Q1K1 b - - 0 24,a2d5 e2d2 d5d2 c1d2,1359,74,95,14718,advantage endgame master short,https://lichess.org/E9rLPoON/black#48,
011o8,2r5/1p4bk/p2q2p1/3p1bQn/3B4/P1NP1N1P/1P6/K3R3 b - - 0 33,g7h6 e1e7 h7g8 g5h6,1511,75,88,3309,crushing deflection master middlegame short,https://lichess.org/8aKh42cj/black#66,
09c0k,r1b2rk1/p4ppp/n1p1p3/6P1/2pPP3/q3BN2/N1PQ3P/1K1R3R w - - 2 18,d2c3 a8b8 b1a1 a6b4 c3b4 b8b4,1922,74,94,15314,crushing long middlegame pin,https://lichess.org/AxwHyA2F#35,Bronstein_Gambit Bronstein_Gambit_Other_variations
07AUs,2kr3r/pp4p1/2p3p1/8/3P1qn1/2P1R3/PP4B1/R1BQ2K1 w - - 8 24,e3f3 h8h1 g2h1 f4h2 g1f1 h2h1,1958,75,95,3183,crushing deflection exposedKing kingsideAttack long middlegame sacrifice,https://lichess.org/ejxp8dRo#47,
03BlZ,3r1r2/2p2pk1/p1p4p/8/3b4/2N4P/PP3PP1/R2R2K1 w - - 0 20,d1d3 d4f2 g1f2 d8d3,803,77,100,442,advantage discoveredAttack endgame short,https://lichess.org/uYedq6Vm#39,
08UbF,2r3k1/pb2b2p/1q2p3/1Pp1B1p1/P3np2/4QP1P/4B1P1/R1R3K1 w - - 0 25,e3d3 c5c4 e5d4 c4d3 c1c8 b7c8,1151,79,92,3289,advantage discoveredAttack long master middlegame,https://lichess.org/seDZqqbD#49,
0IZxy,r3r1k1/3b2p1/p1n1pq2/1p4N1/3pQP2/2P4R/PP4PP/R5K1 b - - 3 22,d4c3 h3h8 g8h8 e4h7,1745,73,95,9308,attraction kingsideAttack mate mateIn2 middlegame sacrifice short,https://lichess.org/kTjKS1Lj/black#44,
09qHq,r6q/pbpnk1n1/1p1pppQp/6p1/1b1PP3/2NB2B1/PPP2PPP/2KR3R w - - 2 18,c3b5 d7f8 g6g7 h8g7,1562,74,88,297,advantage middlegame short trappedPiece,https://lichess.org/93AO8eb2#35,English_Defense English_Defense_Other_variations
0XzBa,6k1/pp2qpp1/2p5/3p2p1/3P1P1K/2P4P/PP1Q1R2/6r1 w - - 0 30,f4g5 e7e4 d2f4 e4h7,1459,74,96,15914,endgame mate mateIn2 short,https://lichess.org/VRRpBdC9#59,
03COV,r4rk1/p2b1ppp/3bp3/3pq3/2pN4/P1P1B1P1/1P1Q1P1P/R4RK1 b - - 0 20,h7h6 e3f4 e5f6 f4d6,1587,74,95,13593,advantage middlegame short skewer,https://lichess.org/q3PiiNYF/black#40,
0G79s,1k5r/pp3p1p/1q3p2/2r5/3p1Pn1/1P4P1/P4PBP/2RQ1RK1 w - - 0 20,d1d4 c5c1 d4b6 c1f1 g2f1 a7b6,1362,75,98,4537,advantage long middlegame,https://lichess.org/4HjX01tJ#39,
03TNb,5k1r/pN3p2/2n1pQp1/3p2Pq/3P4/2P1K2r/PP3P2/R4R2 w - - 7 29,e3d2 h3f3 f1h1 f3f6 h1h5 f6f2,1977,75,91,1595,advantage long middlegame trappedPiece,https://lichess.org/EMVfvTig#57,
0BDzf,r7/4kppp/2br4/5P2/8/p3Q1P1/3p1P1P/3R2K1 b - - 3 43,e7f8 e3c5 f8g8 c5d6,1399,75,97,2109,advantage endgame pin short,https://lichess.org/oMpiFe1o/black#86,
03uRJ,3r1r2/p5k1/2p4R/1pp2pK1/4N3/8/PPP5/7R b - - 1 27,f5e4 h6g6 g7f7 h1h7 f7e8 g6e6,2341,79,93,10886,endgame exposedKing long mate mateIn3 rookEndgame,https://lichess.org/a4P4aO95/black#54,
0U0IJ,r4rk1/pppb1ppp/4pn2/8/2B1N3/1P3P2/PRP2P1P/4K1R1 b - - 2 14,f6d5 c4d5 e6d5 e4f6 g8h8 f6d7,1421,74,96,20160,advantage long middlegame pin,https://lichess.org/tuNjwY1i/black#28,French_Defense French_Defense_Exchange_Variation
0HR0I,r3r1k1/pp1n1ppp/7q/3Q4/8/3B4/PP1N1PPP/R4K1R b - - 0 17,h6d2 d3h7 g8h7 d5d2,1268,77,83,1775,crushing discoveredAttack middlegame short,https://lichess.org/S9s7KgJl/black#34,French_Defense French_Defense_Steinitz_Attack
0NqwM,2k3rr/ppp2p2/3q4/4N1pp/5Bn1/P1QP4/1P3PPP/3R1RK1 w - - 0 19,e5f7 d6f4 g2g3 f4f7,1128,79,93,2006,advantage hangingPiece middlegame short,https://lichess.org/t6bQ6Dga#37,
0100g,8/8/5k2/R7/2P1K2r/8/P7/8 w - - 1 43,e4d5 h4h5 d5d6 h5a5,873,76,90,312,crushing endgame rookEndgame short skewer,https://lichess.org/PPDNNe1y#85,
0IDPe,2krr3/ppp2pp1/4b3/5nPp/4N3/qPPP3P/P2QB3/1K1R1R2 w - - 0 22,d2b2 a3b2 b1b2 f5e3 f1f3 e3d1,1176,74,94,11563,advantage fork long middlegame,https://lichess.org/X5jWBhVq#43,
05IU7,2r2rk1/pbqn1pbp/1p2p1p1/2p1P3/2P3n1/1P3NPP/PBQN1PB1/R3R1K1 b - - 0 15,g4e5 f3e5 d7e5 g2b7,1856,75,94,5451,crushing discoveredAttack master middlegame short,https://lichess.org/nPuTPK8e/black#30,English_Opening English_Opening_Agincourt_Defense
0Xpbs,3r1rk1/pp3ppp/4P3/2bp4/8/1P1n3B/P2N2PP/3R1R1K b - - 0 22,d3f2 f1f2 c5f2 e6e7,1409,75,94,2935,advancedPawn advantage middlegame sacrifice short,https://lichess.org/EkWMFNvc/black#44,
0Lnzn,r3r1k1/6qp/p3pbp1/3pNn2/5B2/2P5/PPQ2PPP/R3R1K1 w - - 2 21,e1e2 g6g5 f4g3 f5g3 h2g3 f6e5,1907,74,95,7382,advantage long middlegame,https://lichess.org/zKHgrKHs#41,
06mKN,r1b1k2r/pp3pp1/4pq1p/8/1b1P4/6P1/PP1B1PBP/R2QK2R b KQkq - 2 12,f6d4 d1a4 c8d7 a4b4 d4b4 d2b4,1294,75,93,3763,advantage long middlegame,https://lichess.org/M1pRA7wL/black#24,French_Defense French_Defense_Rubinstein_Variation
07Qqb,2kr3r/1p1nbpp1/pqn1p3/3pP1B1/3P3P/P2Q1N2/1P1NKP2/2R4R b - - 2 17,c8b8 c1c6 b6c6 g5e7,1614,75,89,764,advantage capturingDefender middlegame short,https://lichess.org/stD4MuRV/black#34,Caro-Kann_Defense Caro-Kann_Defense_Advance_Variation
072sf,r5k1/q4p1p/4pnpb/8/1BQP4/2R2N1P/P4PP1/6K1 b - - 0 30,a7a2 c4a2 a8a2 c3c8,1823,80,93,3868,clearance crushing middlegame short,https://lichess.org/PeqPArjB/black#60,
05fZw,Q4nk1/4ppbp/6p1/4P2n/2P3qP/6N1/P4BK1/R6R w - - 1 26,a8f3 h5f4 f3f4 g4f4,1197,75,95,6722,advantage middlegame short,https://lichess.org/ZF6m8zxP#51,
02Pu3,5r2/3R4/6k1/1p6/p1pB3P/3n2K1/5P2/8 b - - 3 43,f8f7 h4h5 g6h5 d7f7,1669,74,95,18726,crushing deflection endgame short,https://lichess.org/lE1ZWltu/black#86,
0PA7F,r1b2r2/2p2pkp/2p1p1p1/p2q4/3Pp2P/8/PPPQPPP1/1K1R1B1R w - - 0 14,g2g4 e4e3 d2e3 d5h1,1476,75,93,2998,crushing discoveredAttack middlegame short,https://lichess.org/bQyEVo6i#27,Queens_Pawn_Game Queens_Pawn_Game_Chigorin_Variation
02NaQ,rnb1kbnr/pp1pq1pp/2p2p2/4N3/3PP3/8/PPP2PPP/RNBQKB1R w KQkq - 1 5,d1h5 g7g6 h5h4 f6e5,1338,75,93,8973,advantage defensiveMove opening short,https://lichess.org/U9pFJWOY#9,Caro-Kann_Defense Caro-Kann_Defense_Other_variations
0E2f5,r7/2k1qp2/p1b1p3/2n1P3/PQ6/1P1B2P1/2P2p1P/R2R2K1 w - - 0 27,g1f2 c5d3 d1d3 e7b4,1072,76,89,766,crushing discoveredAttack middlegame short,https://lichess.org/TIYcne3i#53,
0BJAl,8/1p1q4/k2P4/2Qp1b2/8/8/1P4P1/K4R2 w - - 1 40,c5c7 d7a4,948,78,96,2060,endgame master masterVsMaster mate mateIn1 oneMove,https://lichess.org/Yeoh1kEg#79,
0CQhq,r4rk1/pp4p1/4p1p1/q1b1n3/8/2N5/PP1QBPPP/3R1RK1 w - - 0 18,d2g5 e5f3 e2f3 c5f2 f1f2 a5g5,1907,76,95,14981,advantage discoveredAttack kingsideAttack long middlegame sacrifice,https://lichess.org/K4uddo8n#35,Caro-Kann_Defense Caro-Kann_Defense_Advance_Variation
08yHS,2kr3r/ppp1q1pp/3pb3/8/5Q2/2B1R3/PP4PP/2K1R3 b - - 4 20,d8e8 e3e6 e7e6 e1e6,906,102,93,620,advantage master middlegame short,https://lichess.org/pVHUw7gF/black#40,
0LG18,r1bq1rk1/pp3pbp/2p2np1/6B1/2QPN3/5N2/PP3PPP/R4RK1 b - - 1 13,d8d5 e4f6 g7f6 c4d5 c6d5 g5f6,1514,76,96,26535,advantage fork long middlegame,https://lichess.org/8RWKYDgm/black#26,French_Defense French_Defense_Exchange_Variation
04Jaa,r3kb1r/1bq2pp1/2n1p2p/P3P3/Q2BNP2/p2P1N2/6PP/R4RK1 w kq - 1 19,d4b6 c7b6 a5b6 a8a4,1402,75,94,16867,advantage middlegame short,https://lichess.org/xh8FDaWX#37,Sicilian_Defense Sicilian_Defense_McDonnell_Attack
0Pr30,r1bq1rk1/p4ppp/2pb1n2/4p1B1/2B5/2N5/PPP2PPP/R2Q1RK1 b - - 1 11,h7h6 g5f6 d8f6 c3e4,1478,77,92,4926,advantage opening short,https://lichess.org/yoX62lVh/black#22,Sicilian_Defense Sicilian_Defense_Old_Sicilian
09LIA,2kr3r/ppp2pp1/q1n5/3PpbPp/1P1b4/P1N4P/2PQNPB1/R1R3K1 w - - 1 20,d5c6 d4f2 g1f2 d8d2,1224,76,84,428,advantage discoveredAttack kingsideAttack master middlegame short,https://lichess.org/8m8Vq3U2#39,
0HeSu,rnb1k2r/ppp2pp1/3p3p/2bPp3/2P1P1nq/3B3N/PP1N1PPP/R1BQ1RK1 b kq - 1 8,c5f2 f1f2 g4f2 h3f2,1585,76,88,209,advantage opening short,https://lichess.org/yvG6xyc8/black#16,Englund_Gambit_Complex_Declined Englund_Gambit_Complex_Declined_Other_variations
00slx,8/6r1/3kpRp1/6Pp/3K1P1P/8/8/8 b - - 0 61,d6e7 d4e5 g7g8 f6e6 e7f7 f4f5,2038,76,93,10333,crushing endgame long rookEndgame,https://lichess.org/usaxh789/black#122,
0KZiT,8/R5p1/7p/8/P2kB3/3P2Pb/4r2P/6K1 w - - 1 30,a7f7 e2e1 g1f2 e1f1 f2e2 f1f7,1133,76,92,922,crushing endgame long skewer,https://lichess.org/O2d2DyUB#59,
0YL3w,r1k4r/ppp1Q1pp/8/4P3/2B1p3/2N5/PPP2P1q/2KR1b2 b - - 0 17,f1c4 e7d7 c8b8 d7d8 h8d8 d1d8,1312,74,95,15132,backRankMate long mate mateIn3 middlegame sacrifice,https://lichess.org/lDMhVsNL/black#34,Elephant_Gambit Elephant_Gambit_Wasp_Variation
04l2E,r6k/1R4Rp/p7/2pP2B1/4p3/1KP4P/P1P2b2/5q2 b - - 3 30,c5c4 b3a4 a8a7 g5f6 a7b7 g7g1,2438,80,94,130,clearance crushing defensiveMove discoveredAttack endgame long quietMove sacrifice,https://lichess.org/DtuqsdcV/black#60,
0JvtN,5rk1/1p3rp1/2qpQp1p/8/5PP1/2B4P/6K1/2R2R2 w - - 0 33,g2g3 f8e8 e6a2 e8e3 g3h2 e3c3 c1c3 c6c3,1302,78,86,1445,advantage middlegame veryLong,https://lichess.org/Iru2EQf6#65,
0ES9R,r5k1/p2p2p1/2b1pqp1/5rNp/2P4P/1P4P1/P1Q1RP2/5RK1 w - - 4 26,f1d1 f5g5 h4g5 f6f3,1843,82,77,189834,clearance crushing middlegame sacrifice short,https://lichess.org/t8BW2eba#51,
07lZC,6k1/5p2/8/1B4P1/P5q1/8/5R2/5K2 b - - 2 41,g4g5 f2g2 g5g2 f1g2,1174,75,98,1127,crushing endgame pin short,https://lichess.org/LDGaqeJl/black#82,
0BHXo,r4rk1/2qbb1pp/p1n1pn2/3pN1N1/2p2P2/4B3/PPB1Q1PP/R4R1K w - - 2 22,g5h7 f6h7 e5d7 c7d7,1009,76,89,1062,advantage master masterVsMaster middlegame short,https://lichess.org/n2XSlzRK#43,
051YJ,7k/pp2q1p1/1n2p1Bp/1b3pN1/1n1P3P/8/PP1K1PP1/1Q5R b - - 0 24,h6g5 h4g5 h8g8 h1h8 g8h8 b1h1 h8g8 h1h7 g8f8 h7h8,1667,73,95,22042,attraction discoveredAttack kingsideAttack mate mateIn5 middlegame sacrifice veryLong,https://lichess.org/BLp2HacV/black#48,
03tzC,r3kb1r/pp2pppp/1q3nn1/3P4/2p1P1b1/2P2NB1/PPB1Q1PP/RN2K2R b KQkq - 5 12,b6b2 c2a4 b7b5 e2b2,1382,75,93,10765,crushing discoveredAttack middlegame short,https://lichess.org/xjbx6CQy/black#24,Caro-Kann_Defense Caro-Kann_Defense_Maroczy_Variation
092Z7,2kr3r/ppp2p1p/qn4p1/2P5/3Pp3/B3P3/PQ3PPP/1RR3K1 b - - 0 20,b6c4 c1c4 a6c4 b2b7,1289,74,87,1055,crushing deflection middlegame queensideAttack short,https://lichess.org/9SuOQFQn/black#40,
0QDe2,r2q1r2/1pp1bppk/3p3B/p3nP1Q/4P3/1B5R/PPP1n1PP/R5K1 w - - 1 18,h5e2 g7h6 e2h5 e7g5,1422,77,87,485,advantage defensiveMove middlegame short,https://lichess.org/uYwHOhmg#35,Nimzowitsch_Defense Nimzowitsch_Defense_Mikenas_Variation
0R4Je,r4rk1/4bppp/p3q3/1p1N1R1Q/8/8/PP5P/R1B4K w - - 0 24,c1f4 e6e4 h1g1 e7c5 f4e3 c5e3 d5e3 e4e3,1551,75,100,257,advantage middlegame veryLong,https://lichess.org/ruYCoQ9R#47,
08B1A,r1bq1rk1/ppp2pbp/2np1np1/4p3/2BPPB2/2P2P2/PP1QN1PP/RN2K2R w KQ - 0 10,f4h6 f6e4 f3e4 d8h4 g2g3 h4h6,1917,76,93,3961,advantage clearance exposedKing long opening sacrifice,https://lichess.org/Wrw0QJ2N#19,Trompowsky_Attack Trompowsky_Attack_Other_variations
06WQJ,r3r1k1/pp1R1ppp/4q3/4p1P1/1P2P2P/n1B2Q2/5P2/2KR4 w - - 2 26,f3f7 e6f7 d7f7 g8f7,915,94,95,104,advantage middlegame short,https://lichess.org/wDVhUfpI#51,
0EgFW,3rrbk1/3n1pp1/p1Bp3p/8/7q/2N4P/PP1Q1PP1/R2R2K1 w - - 1 20,d2d4 e8e1 d1e1 h4d4,1460,74,92,1428,crushing deflection master masterVsMaster middlegame short,https://lichess.org/PMT3RpzF#39,
0MmXv,2r3k1/1b2qp1p/p3p1pb/1pN1P3/3P4/4nB2/PP3BPP/3Q1RK1 w - - 2 21,f2e3 h6e3 g1h1 b7f3 d1f3 e3d4,1280,76,94,2606,advantage kingsideAttack long middlegame,https://lichess.org/V8gTxKde#41,
06zIZ,r1b2rk1/p2pbpp1/2p4B/2q1P3/8/2nB2Q1/PPP3PP/2KR3R b - - 0 15,c3a2 c1b1 a2c3 b2c3 a8b8 b1c1,1194,78,94,3036,crushing defensiveMove long middlegame pin,https://lichess.org/OHLMRGOj/black#30,Sicilian_Defense Sicilian_Defense_Lowenthal_Variation
0FaFa,1k1r1r2/1p6/1p4bb/pP2p2p/P3p1p1/BqR3P1/4QP1P/2R3K1 b - - 3 28,d8d1 e2d1 b3d1 c1d1,1505,76,93,13954,advantage middlegame short,https://lichess.org/XiJZloY4/black#56,
02CX1,6k1/p3b1p1/1p6/7R/2P5/KP4B1/P3rPPP/8 w - - 1 29,a3a4 e2a2 a4b5 a2a5 b5c6 a5h5,1354,74,93,2466,crushing endgame long skewer,https://lichess.org/HwPL6rbJ#57,
0SC89,8/3b1pk1/2p3q1/3p3p/3P3P/2P1NQb1/8/5RK1 w - - 0 34,e3f5 d7f5 f3f5 g3f2 g1f2 g6f5,1766,74,95,14645,attraction crushing doubleCheck endgame exposedKing interference intermezzo long master,https://lichess.org/qeV5j637#67,
0NyUT,2r4k/1pqR3p/p4prP/5Qp1/5p2/8/PPP5/2K4R b - - 3 33,c7c5 d7d8 c8d8 f5c5,1904,76,94,14355,advantage deflection endgame short,https://lichess.org/ynx76J9r/black#66,
04wro,1r4k1/1q1b3p/2pPp1pP/3nPp2/Q4P2/1P4P1/5BB1/2R3K1 w - - 5 42,c1b1 d5c3 a4a1 c3b1,1237,76,97,13642,advantage fork master middlegame short,https://lichess.org/Tal1TVKk#83,
0B6s8,r4r2/1ppqnp1k/p2p1n1p/4pNp1/P3P2N/2PP2R1/2Q2PPP/R5K1 w - - 0 19,f5e7 g5h4 g3h3 d7e7,1655,73,95,25322,advantage hangingPiece intermezzo middlegame short,https://lichess.org/8q1FqRsV#37,Giuoco_Piano Giuoco_Piano_Other_variations
0Fl7B,r1bq2k1/1pp3p1/1bnp1n1p/p2Np3/P1P1P3/3PB3/1P3PPP/R2Q1RK1 b - - 0 13,c8g4 d5f6 d8f6 d1g4,1107,81,94,569,advantage kingsideAttack middlegame short,https://lichess.org/6DYSTWwU/black#26,Italian_Game Italian_Game_Giuoco_Piano
0EWXQ,8/pp1P2p1/1k6/2pQ4/q4P2/2P5/2KN3r/5R2 w - - 7 37,d5b3 a4b3 c2b3 h2d2,1126,78,95,7087,advantage endgame pin short,https://lichess.org/2Qjxtepa#73,
0EIyq,rnb3k1/pp3rp1/2p3Qp/8/5b2/2N1q3/PPP3PP/3R1R1K b - - 0 18,c8f5 d1d8 f7f8 d8f8 g8f8 g6f5,1165,78,100,205,advantage attraction kingsideAttack long middlegame,https://lichess.org/zRkw8duK/black#36,Kings_Gambit_Accepted Kings_Gambit_Accepted_Modern_Defense
0QLQv,5rk1/4Q1pp/1p1rpn2/3q2N1/2p5/2P2N2/PP4PP/R6K b - - 1 23,f6e4 g5e4 d6d7 e7h4,1987,74,85,250,advantage clearance middlegame short,https://lichess.org/a4oKkXd1/black#46,
00ZeT,1Q1k4/4r3/2q4p/2p1pp1P/2Bb4/1P6/P6K/4R3 b - - 4 43,d8d7 c4b5 c6b5 b8b5,1432,75,96,27496,crushing endgame pin short,https://lichess.org/c6iAy1Zc/black#86,
09hDE,8/8/8/6k1/p5P1/1r6/5K1R/8 w - - 2 49,f2e1 b3b1 e1d2 b1b2 d2c3 b2h2,1684,76,89,739,crushing endgame exposedKing long rookEndgame skewer,https://lichess.org/VLfMyWxQ#97,
0IWxV,r2q1rk1/1b2np1p/p3p1p1/1p3P2/3QN3/7R/PPP1B1PP/R5K1 b - - 0 17,e7f5 e4f6 d8f6 d4f6,1012,82,82,114,advantage kingsideAttack middlegame short,https://lichess.org/4vcZbqFf/black#34,Sicilian_Defense Sicilian_Defense_Accelerated_Dragon
0Hi2r,5nk1/1R4p1/2q1p2p/4Pp2/2rP4/6P1/1Q3PKP/4N3 w - - 3 37,g2g1 c4c1 b2d2 c1e1 d2e1 c6b7,1355,74,94,5928,crushing endgame long pin,https://lichess.org/b97POm9o#73,
029I2,r3k2r/p3bppp/2p1q3/2P5/1P1P2n1/P1N1B3/5Pp1/R2QK1R1 w Qkq - 0 17,g1g2 g4e3 f2e3 e6e3,947,87,90,1019,advantage middlegame short,https://lichess.org/EYwXhyZk#33,Queens_Gambit_Declined Queens_Gambit_Declined_Austrian_Attack
0Rn5i,rn1k1b1r/ppN2qpp/3p4/4Pb2/4Q3/8/PPP2PPP/R1B1KB1R w KQ - 1 11,e5e6 f5e4 e6f7 d8c7,1633,75,94,6501,advantage opening short,https://lichess.org/xSFcikls#21,Russian_Game Russian_Game_Damiano_Variation
035Y0,r4rk1/pp1b1p1p/3p1n2/2p1pp2/4P2q/3P1B1P/PPP1Q2K/R1B3R1 b - - 1 17,g8h8 c1g5 h4g5 g1g5,1391,75,88,836,advantage middlegame short trappedPiece,https://lichess.org/gyt9Cqnm/black#34,Sicilian_Defense Sicilian_Defense_Old_Sicilian
0KjMN,1r6/Rp1k4/1np4p/2Np2p1/6K1/2P1P3/1P4P1/8 b - - 2 35,d7c7 c5a6 c7c8 a6b8,1480,75,95,12289,crushing endgame pin short,https://lichess.org/SDbgkTui/black#70,
0Fnsl,4k3/pR4Qp/4p3/7P/1p2b3/b7/5PK1/2r5 w - - 2 36,g2h2 c1h1 h2g3 h1g1 g3f4 g1g7,1268,75,93,8118,crushing endgame exposedKing long skewer,https://lichess.org/ZSdfu04n#71,
0GwUY,4r3/pp4bk/2r3pp/1q2p3/2R1P3/1N5P/PP2Q1P1/2R4K w - - 3 28,a2a4 b5b3 c4c6 b7c6,1501,74,92,5387,advantage hangingPiece middlegame short,https://lichess.org/EX47pixL#55,
08OKy,3r4/1p4k1/2n3b1/p2P2N1/2P1p2R/P7/5PP1/6K1 b - - 1 32,c6e5 g5e6 g7f6 e6d8,960,81,95,1918,crushing endgame fork short,https://lichess.org/ICZpOVFn/black#64,
03YGA,4rrk1/pq3pp1/2pQ3p/1pP1N2n/3N2bP/PB1P4/1P4P1/R6K b - - 2 28,e8d8 e5f7 b7f7 b3f7,2304,81,90,691,advantage kingsideAttack middlegame short,https://lichess.org/6aJbCBCn/black#56,
0NsQd,r2r2k1/pb3ppp/1pn1p3/8/1q1PB2P/5N2/PP2QPP1/R4K1R b - - 2 16,f7f5 e4c6 b7c6 e2e6 g8h8 e6c6,1446,75,96,13389,crushing discoveredAttack fork long middlegame,https://lichess.org/T9JAw55W/black#32,Indian_Defense Indian_Defense_London_System
06o9p,1n4k1/p4p2/1q4bp/2b1Q1p1/2B2p2/2P5/P2r2PP/1R3R1K b - - 1 24,d2b2 b1b2 b6b2 e5c5,1925,73,94,12944,advantage middlegame short,https://lichess.org/oQ90AyP1/black#48,
06TDm,r4rk1/pbqppp1p/5npb/p1P5/4PN2/2P1BP2/PP1N2PP/R2Q1RK1 w - - 2 12,f1e1 h6f4 e3f4 c7f4,984,91,94,867,advantage master middlegame short,https://lichess.org/IiU6R0G0#23,Modern_Defense Modern_Defense_Other_variations
0LkBo,rn2kb1N/ppp3p1/5n1p/3p4/8/5P1q/PPPPB2P/RNBQ2KR w q - 0 12,d1e1 f8c5 d2d4 c5d4 e1f2 d4f2,1043,83,86,195,advantage kingsideAttack long opening,https://lichess.org/X6WmJb1U#23,Petrovs_Defense Petrovs_Defense_Italian_Variation
0Evai,3r3k/pR5p/2pp1qp1/8/1PPQ1Pn1/P5P1/7P/3RrBK1 b - - 6 33,e1f1 g1f1 f6d4 d1d4,1395,74,91,814,advantage hangingPiece middlegame short,https://lichess.org/ceJMkVpY/black#66,
0X4ng,8/8/8/2bk1P1p/1p5P/p2K1P2/8/1R6 w - - 2 53,f3f4 a3a2 b1a1 b4b3 d3c3 c5d4 c3b3 d4a1,1397,75,94,651,advancedPawn crushing endgame exposedKing skewer veryLong,https://lichess.org/rTqRkgqX#105,
04lOJ,rn1qk2r/pbp4p/1p1ppbp1/4N2Q/3P4/3B4/PPP3PP/RN3RK1 w kq - 0 13,e5g6 f6d4 g1h1 h7g6 h5g6 e8d7 f1f7 d7c8 g6e6 b8d7,2299,79,88,1178,advantage intermezzo opening veryLong,https://lichess.org/gDM9cpqx#25,Horwitz_Defense Horwitz_Defense_Other_variations
0FOiE,r4rk1/pp2n2p/2b5/3p3P/2pB2N1/P1P5/1PB2Pn1/R4RK1 b - - 1 23,g2h4 g4h6,1180,77,93,7127,mate mateIn1 middlegame oneMove,https://lichess.org/rBv8oPhs/black#46,
008EC,6k1/4rpp1/p6p/7P/q1pP1R2/2Pb2Q1/P4RP1/6K1 w - - 9 31,f4f7 e7f7 g3b8 g8h7 f2f7 a4d1 g1f2 d1f1 f2g3 f1f7,2269,78,90,381,advantage endgame skewer veryLong,https://lichess.org/q5CqLXP5#61,
006yP,6R1/8/Kpk1p3/1p1pP3/6P1/PPP1r3/8/8 b - - 3 40,e3c3 g8c8 c6d7 c8c3,819,89,80,151,crushing endgame master rookEndgame short skewer,https://lichess.org/vf9MOLH1/black#80,
01SLc,3k4/5p2/3Pb3/4P1p1/N7/4K3/8/8 b - - 9 54,d8d7 a4c5 d7c6 c5e6,951,77,100,363,crushing deflection endgame short,https://lichess.org/UzKjaQjs/black#108,
0Bv81,8/7p/5pk1/1pp3p1/8/7Q/1P3PPP/r2rN1K1 w - - 2 35,g2g4 d1e1 g1g2 e1g1,703,79,98,1306,crushing endgame hangingPiece master short,https://lichess.org/2bbKCBvl#69,
0Cesw,1r4k1/pb2q3/1ppNp1p1/2Pn4/3P3P/1P2b1Q1/PB4PK/5R2 b - - 0 25,b8f8 g3g6 g8h8 f1f8 e7f8 d6f7 f8f7 g6f7,1952,76,95,1353,crushing deflection exposedKing kingsideAttack middlegame veryLong,https://lichess.org/YWv8K12w/black#50,
01Ni2,2k2r2/1bNp4/pB1P4/8/P7/4Kn2/1P3R1p/5R2 w - - 0 43,e3e2 f3g1 e2d2 f8f2 b6f2 h2h1q,1721,74,89,1333,advancedPawn advantage deflection discoveredAttack exposedKing long middlegame promotion,https://lichess.org/f1qBEzxV#85,
0M3rz,r4rk1/p4ppp/1qpbb3/3p1P2/3N2n1/2N5/PPP3PP/R1BQR1K1 w - - 1 14,f5e6 d6h2 g1h1 g4f2,1638,75,91,3497,advantage kingsideAttack middlegame short,https://lichess.org/lF9u84Hd#27,Sicilian_Defense Sicilian_Defense_McDonnell_Attack
0TzWd,3qrb2/p5k1/1p2Bp2/4nPp1/P5P1/3p4/1P4Q1/2R2RK1 w - - 0 37,c1c8 d8d4 g1h1 e8c8,1393,75,100,486,crushing discoveredAttack master middlegame short,https://lichess.org/5QJ72e7X#73,
0C2he,2r3k1/2rbqpp1/2n1p2p/1p6/3P4/3BPN1P/4QPP1/R1R3K1 w - - 0 22,d3b5 c6d4 f3d4 c7c1 a1c1 c8c1,1378,74,93,3632,advantage discoveredAttack long middlegame,https://lichess.org/LByz3sBh#43,
0FV0p,r3k2r/pppq1ppp/2np1n2/2b1p3/2B1PP2/2NP1Q1P/PPP3P1/R1B1K2R w KQkq - 1 9,c3a4 c6d4 f3d1 d7a4,1416,75,97,15368,crushing discoveredAttack middlegame short,https://lichess.org/1a9HWPF1#17,Vienna_Game Vienna_Game_Max_Lange_Defense
0EO68,2r1k2r/5pp1/p3p2p/6q1/PpnPP3/3Q4/1PB2P1P/1R3R1K b k - 2 21,c4d2 f2f4 g5f6 d3d2,2033,76,91,1068,crushing interference master masterVsMaster middlegame short,https://lichess.org/ljXJo2GK/black#42,
0RMbl,r1b2rk1/2p1qppp/2p2n2/p1b1pP2/4P3/2P1BN2/PP1NQ1PP/R4R1K w - - 0 16,e2f2 f6g4 e3c5 g4f2,1469,76,83,1348,advantage kingsideAttack middlegame short,https://lichess.org/jMlLNyqK#31,Kings_Gambit_Declined Kings_Gambit_Declined_Queens_Knight_Defense
08GhC,r1bq1rk1/ppp1bp1n/2n1p3/3p2BQ/3P4/2NBP3/PPP2PPP/R4RK1 b - - 2 11,h7g5 f2f4 f7f5 h5g6 g8h8 f4g5,2499,94,84,187,advantage kingsideAttack long middlegame,https://lichess.org/j4EtEx9I/black#22,Queens_Pawn_Game Queens_Pawn_Game_Veresov_Attack
0Osi7,r1bN1nk1/pp4bp/3qp1p1/4n3/2Pp4/6P1/PB3PBP/R2QR1K1 w - - 0 19,d1d4 e5f3 g2f3 g7d4,1254,82,100,108,advantage discoveredAttack middlegame short,https://lichess.org/P7qXeydr#37,
0KIm9,r1b2rk1/ppq2ppp/2pB4/7Q/4P3/2Nn4/PPP3PP/R4RK1 b - - 0 14,c7b6 g1h1 d3f2 f1f2 b6f2 d6f8,1543,75,92,2194,advantage defensiveMove long middlegame,https://lichess.org/8ErM23wl/black#28,Pirc_Defense Pirc_Defense_Other_variations
0S7nW,2r1n1rk/pp6/8/4R2N/5Rb1/1P4P1/P4P2/6K1 b - - 4 33,g4h5 e5h5 h8g7 h5g5 g7h6 g5g8,1843,75,88,437,crushing deflection endgame exposedKing long skewer,https://lichess.org/iraO7960/black#66,
092DA,r3k1nr/pppq1ppp/2n1p3/2PpP2b/8/3B1N2/PPP2PPP/R1BQ1RK1 b kq - 0 10,c6e5 f3e5 h5d1 e5d7,1046,80,63,186,advantage hangingPiece opening short,https://lichess.org/rdPzSA5Y/black#20,Scandinavian_Defense Scandinavian_Defense_Other_variations
08chX,r2q1rk1/ppp2ppp/2n5/3pP3/3PnB2/5P2/P1B2P1P/R2Q1RK1 b - - 0 15,e4c3 d1d3 c3e2 d3e2,1629,76,94,5117,advantage middlegame short trappedPiece,https://lichess.org/RJlF528u/black#30,Italian_Game Italian_Game_Evans_Gambit
0MLPi,r5k1/Pp3p1p/3p1n2/6p1/2P3P1/2Npq3/P2N4/R1BQ2K1 w - - 0 22,g1f1 e3h3 f1f2 f6g4 d1g4 h3g4,1788,75,96,1127,advantage exposedKing long middlegame,https://lichess.org/cldRU8al#43,
0EQ5v,q6r/2p3p1/3bkp2/3p3p/3PnB1P/P4Q2/1P3PP1/R4K1R w - - 2 22,f4d6 e4d2 f1e2 d2f3,933,87,93,5763,crushing fork middlegame short,https://lichess.org/1B9LhCpj#43,
0NdSU,2r2rk1/q3n1b1/p4p2/1n2p2p/2B1P1pP/Q5B1/PP3PP1/2RR2K1 b - - 0 25,g8h7 c4b5 c8c1 d1c1,1204,75,94,7730,advantage middlegame short,https://lichess.org/msG1C3wX/black#50,
0BIxv,4r2k/1p4p1/p5b1/7p/1P1Bp3/2P1Q2P/5PPK/3q4 b - - 1 38,d1d3 e3h6 h8g8 h6g7,1383,73,94,22744,endgame mate mateIn2 pin short,https://lichess.org/36qBF02c/black#76,
0AYQp,r5q1/3kbp2/1np1p3/3pPp2/p2P1P1p/1PBB2rP/P3Q1P1/RR4K1 w - - 8 25,g1h2 g3h3 g2h3 g8g3 h2h1 g3h3,1602,75,92,472,advantage clearance deflection long middlegame sacrifice,https://lichess.org/ydEb4Oi7#49,
0Ut86,2r2rk1/2bR2pp/4p1q1/p1P2p2/N4P2/P1QRP3/1K5P/8 w - - 5 26,a4b6 c7b6 c5b6 c8c3,1267,78,92,1184,advantage discoveredAttack middlegame short,https://lichess.org/lrDVsQaa#51,
0Snoe,r5k1/p2bQ1pp/2p5/1p1p4/3P4/3B4/PP4qP/1K3R2 b - - 1 21,g2g4 e7f7 g8h8 f7f8 a8f8 f1f8,1481,77,97,28904,endgame long mate mateIn3 sacrifice,https://lichess.org/99qDE718/black#42,
01M89,8/2p5/1p2B3/p7/5r2/P4pN1/1PP4k/1K4R1 w - - 1 59,g3e2 f3e2 g1e1 f4f1 b1c1 f1e1,1186,75,94,1169,advancedPawn crushing endgame hangingPiece long pin,https://lichess.org/XOFOkMQr#117,
0KmcA,3r4/1R6/6kp/P3b3/4p3/4P2P/2p2PP1/1R4K1 w - - 0 36,b1c1 d8d1 c1d1 c2d1q,1003,75,96,4151,advancedPawn endgame mate mateIn2 promotion short,https://lichess.org/jCtSFF8R#71,
0EG64,2k2br1/ppp1pN1p/2n2n2/8/3r4/2NPB2P/PqP1QPP1/R3R1K1 w - - 0 15,e3d4 c6d4 e2e3 b2c3,1601,76,95,13465,advantage capturingDefender middlegame short,https://lichess.org/zBQNuBDq#29,Scandinavian_Defense Scandinavian_Defense_Modern_Variation
03Vpy,1k2N3/pp6/7p/4p3/4P3/P1NP1nqP/1P4R1/5QK1 w - - 3 36,g1h1 g3h3 g2h2 h3f1,990,90,92,3962,endgame mate mateIn2 short,https://lichess.org/Qn8xCPFD#71,
0FSYU,r1bq1rk1/pp2bppp/4pn2/3pn1B1/8/2P2N2/PP2BPPP/RN1Q1RK1 b - - 7 11,f6e4 g5e7 e5f3 g2f3 d8e7 f3e4,2003,74,92,5123,advantage long opening,https://lichess.org/baySvxkP/black#22,Caro-Kann_Defense Caro-Kann_Defense_Advance_Variation
04g0E,r2q1rk1/3n4/2p1Q1p1/pp1p3p/3P3b/P1P2P2/1P1N1P2/R4KR1 b - - 1 21,f8f7 e6g6 g8h8 g6f7,2150,81,87,380,advantage deflection kingsideAttack master middlegame short,https://lichess.org/BlooPVtG/black#42,
0SYB8,3r1rk1/8/B4p2/R5p1/1p6/8/b4PP1/5RK1 b - - 1 33,d8d2 a5a2 d2a2 a6c4 g8g7 c4a2,1498,73,96,20461,advantage attraction endgame exposedKing fork long sacrifice,https://lichess.org/twnf9nlc/black#66,
05vl8,3r2k1/p1p1pp1p/5q1p/2p2b2/3N4/2P3P1/P1P1BP1P/1KQ4R w - - 0 20,d4f5 d8b8 c1b2 b8b2 b1b2 f6f5,1666,73,95,15635,crushing endgame long,https://lichess.org/w6Ji3hAI#39,
0CKHL,7q/8/5n2/2R3Q1/3p2p1/1P1B2k1/P5P1/4R1K1 w - - 2 43,d3e2 h8h2 g1f1 h2g2,925,86,96,3712,endgame mate mateIn2 short,https://lichess.org/xa00jNTk#85,
0Ub2T,2kr3r/pppq1ppp/2n5/3np3/6b1/P1BP1N2/1PPQBPPP/2KR3R w - - 0 12,c3e5 g4f3 e2f3 c6e5,1387,75,94,6566,advantage capturingDefender intermezzo middlegame short,https://lichess.org/9RqcoJVT#23,Four_Knights_Game Four_Knights_Game_Other_variations
0VxwI,r1b1kb1r/pp1n1ppp/2p1p3/q2p4/2PPnB2/P1N1P3/1PQ2PPP/R3KBNR w KQkq - 1 8,b2b4 f8b4 a3b4 a5a1,1273,76,97,7651,advantage opening short,https://lichess.org/VtzD6zGV#15,Semi-Slav_Defense Semi-Slav_Defense_Accelerated_Move_Order
0DQSo,8/1pp2Bp1/p3R2p/6q1/P3Qnk1/2P3P1/1P1r1P2/5K2 w - - 10 39,e6g6 d2d1 e4e1 d1e1,970,77,97,2673,crushing endgame short,https://lichess.org/xqfYTsDe#77,
00Oim,1r3rk1/q5pp/2R5/3P4/8/1p2NpPb/1P3P1P/2QR2K1 w - - 0 32,c1c4 a7e3 f2e3 f3f2,1276,75,98,285,advancedPawn advantage middlegame sacrifice short,https://lichess.org/p1cFe6Z8#63,
00WTN,8/7R/B2k4/2pnp3/P7/3KP3/1r6/8 w - - 1 43,a6c4 e5e4 d3e4 d5f6,2118,75,96,6971,attraction crushing endgame master short,https://lichess.org/BRK2G49n#85,
0PsJY,rn1qk1r1/pbppb3/1p2P2p/8/3P1p2/2PQ4/PPBN1PPP/R1B2RK1 w q - 1 13,d3h7 g8g2 g1h1 g2g7 f2f3 g7h7,1543,74,97,30224,advantage discoveredAttack long opening,https://lichess.org/p6GD1L04#25,French_Defense French_Defense_Normal_Variation
0P3yd,1knr1br1/ppp4p/3p4/P2P4/1PQB3q/N1P1R2p/5P2/R4K2 b - - 1 30,h3h2 d4a7 c8a7 c4h4,1237,77,91,4362,advantage discoveredAttack middlegame short,https://lichess.org/XtSOrsqD/black#60,
0DGdq,r2qr1k1/pp1n1pbp/4bpp1/3p4/3P4/1PN1P1P1/P3NPBP/R2QK2R w KQ - 5 12,c3d5 e6d5 g2d5 d8a5,1687,74,92,949,advantage master opening short,https://lichess.org/WvguhQ52#23,Nimzo-Larsen_Attack Nimzo-Larsen_Attack_Indian_Variation
0HLf3,2kr4/2pr4/1p4p1/1Q1bPpqp/3R4/1P4P1/P4P1P/3R2K1 b - - 0 26,d5c6 b5c6 d7d4 c6a8 c8d7 d1d4,1931,75,96,1439,advantage interference intermezzo long middlegame queensideAttack sacrifice,https://lichess.org/Jwuxiicm/black#52,
0Cw3M,1rb1k1nr/3pppbp/p1p3p1/8/N3q3/1P5P/P1PBBPP1/1R1QK2R b Kk - 1 12,e4g2 e2f3 g2h1 f3h1,1193,79,80,257,advantage opening short trappedPiece,https://lichess.org/Ib4JufEv/black#24,Sicilian_Defense Sicilian_Defense_Closed
082WX,6k1/1b1q1p2/p3p1pp/4P3/3r1P2/1R4PP/4BP2/Q5K1 b - - 0 29,d7d5 b3b7 d5b7 a1d4,1455,77,97,13616,crushing deflection endgame short,https://lichess.org/ZrFAADXt/black#58,
0NUCt,1r3rk1/pp3p1p/3pBQpP/2p5/4q2P/8/5R2/6K1 b - - 5 30,e4e5 e6f7 f8f7 f6f7 g8h8 f7f8 b8f8 f2f8,1645,75,98,15194,endgame mate mateIn4 veryLong,https://lichess.org/hUFwXGMs/black#60,
0NRPG,r3k2r/pp3pp1/1qpb2b1/7p/4PPn1/2NP3P/PP2N1BK/R2Q1R2 w kq - 1 19,h3g4 h5g4 h2g3 b6e3,1350,75,93,1725,advantage discoveredAttack middlegame short,https://lichess.org/q2vE2J3c#37,
04btL,2kr1b1r/1p6/2p1qN2/3pP3/3P3n/1Q5p/1n5K/2RB1R2 b - - 1 35,b2c4 d1g4 e6g4 f6g4,1174,76,97,2439,advantage middlegame pin short,https://lichess.org/V39GCjGV/black#70,
0R0IU,5rk1/pppr1ppp/2n1b3/2p3q1/4PnN1/2P2N2/PP2B1PP/R3QRK1 b - - 1 16,e6g4 f3g5 f4e2 g1h1,1305,77,86,745,advantage defensiveMove middlegame short,https://lichess.org/r76Qo090/black#32,Scotch_Game Scotch_Game_Classical_Variation
0I9f7,1k1rr3/pp3ppp/8/1P1qn3/3pQB2/5P2/P4P1P/2R2RK1 b - - 3 21,b8a8 c1c8 d8c8 e4d5,1601,76,92,2388,crushing deflection master middlegame queensideAttack short,https://lichess.org/fZOM1dom/black#42,
0IfLD,5r1k/1b6/p3Bq1p/8/1Q2P3/3P4/PP4PP/R5K1 w - - 1 31,b4b7 f6f2 g1h1 f2f1 a1f1 f8f1,1041,82,94,6079,backRankMate endgame long mate mateIn3 sacrifice,https://lichess.org/XAqDko0H#61,
0MyRL,rnb1k2r/1p1p1ppp/p2bpn2/4q3/3N4/2P3P1/PP2BP1P/RNBQ1RK1 b kq - 0 9,e8g8 c1f4 e5f4 g3f4,1299,77,82,566,advantage opening short,https://lichess.org/uM2zafpd/black#18,Sicilian_Defense Sicilian_Defense_OKelly_Variation
0MoIf,r5k1/2pb1pp1/p4n1p/1pqp4/5P1B/P1PB4/2PQ2PP/4R2K b - - 2 19,f6e4 d3e4 d5e4 d2d7,1215,76,93,2094,advantage discoveredAttack middlegame short,https://lichess.org/P7FZhRld/black#38,Queens_Pawn_Game Queens_Pawn_Game_Chigorin_Variation
02WmK,8/8/2p5/P7/kP6/3K1p2/8/8 b - - 1 50,a4b4 a5a6 f3f2 d3e2 b4c5 a6a7,1241,75,95,24398,advancedPawn crushing endgame long pawnEndgame,https://lichess.org/i0UGq6FT/black#100,
02jTo,2r3k1/5p2/1p1n1b2/6pp/pP1NP3/P1r1BPPK/Q6P/8 w - - 1 31,a2d2 g5g4 f3g4 d6e4,2499,93,91,949,crushing deflection master middlegame short,https://lichess.org/bUUeWoxY#61,
08109,4r1k1/p5pp/2r2p2/2B5/3pNP2/6P1/P4K1P/4R3 b - - 0 30,d4d3 e4f6 g7f6 e1e8,717,88,93,2488,advantage discoveredAttack endgame short,https://lichess.org/rXDSpUaA/black#60,
0Txei,6k1/1b2q1p1/5p1p/3p4/2NQ1P2/6P1/1P5P/7K w - - 0 41,c4e3 e7e3 d4e3 d5d4 e3f3 b7f3,1428,74,96,1233,crushing discoveredAttack endgame long sacrifice,https://lichess.org/TE67MaT4#81,
0IYuH,2k3r1/pp1q1p2/2pb1prp/3p4/1P1P4/2PQ1N1P/P4PP1/R3R2K w - - 1 20,e1g1 g6g2 g1g2 d7h3 g2h2 d6h2,1710,74,96,7688,capturingDefender crushing kingsideAttack long middlegame sacrifice,https://lichess.org/xSqrIxAa#39,
0GvVQ,3r2k1/pp2Npp1/3P2np/4p3/1P6/1r4P1/6KP/3RR3 b - - 4 32,g6e7 d6e7 d8e8 d1d8 f7f6 d8e8,1101,76,99,1635,advancedPawn advantage endgame long pin,https://lichess.org/yfAGiwAm/black#64,
00Kbj,8/8/6p1/PR3p2/1P3k2/7P/r5P1/7K w - - 1 39,h3h4 f4g3 b5d5 a2a1 d5d1 a1d1,1500,72,93,15884,endgame long mate mateIn3 rookEndgame,https://lichess.org/PW8a1JvE#77,
04UNz,2r3k1/1R4p1/p2p3p/3P1p2/P2QpP2/6qP/2r3P1/6RK b - - 6 29,c2g2 b7g7 g3g7 g1g2 c8c1 h1h2,2083,74,94,10005,crushing defensiveMove endgame fork long pin,https://lichess.org/ZniwqNBF/black#58,
07lMV,2R5/5kpp/2K5/8/1P6/p1p4P/8/8 w - - 0 40,c6b5 a3a2 c8c3 a2a1q,1197,75,99,7763,advancedPawn advantage endgame promotion rookEndgame short,https://lichess.org/wKLUvx9J#79,
0Keso,k3r1r1/1p5Q/p4b2/2RPn3/q3P3/4B3/PP3PPP/1R4K1 w - - 3 29,c5c7 e5f3 g1h1 g8h8 g2f3 h8h7,1990,77,93,8728,advantage long middlegame pin,https://lichess.org/G1ZvqSmz#57,
0DKup,1k1r3r/1p1q4/pP3p2/8/Q1Rn1Pp1/8/P5KP/5RN1 w - - 2 31,f1d1 d7d5 g2f1 h8h2,1710,75,93,7856,crushing deflection middlegame short,https://lichess.org/8eXVGKdb#61,
0GEVt,r4rk1/bp2Pppp/8/1p6/2N5/2p4P/5PP1/3RR1K1 b - - 0 23,f8e8 c4d6 e8e7 e1e7,1171,77,96,5146,advantage endgame short,https://lichess.org/7ja8cF5Z/black#46,
0Najt,3k3r/pp4pp/5p2/3b4/1b1P4/5qP1/PPQB3P/2R1KR2 b - - 11 24,b4d2 e1d2 f3g2 d2c3,2160,81,91,2463,advantage defensiveMove middlegame short,https://lichess.org/tMwLcXk4/black#48,
06CAz,r1b1r1k1/ppp1pp1p/5bpP/8/2Pq4/2NB1Q2/PP5P/R1B1K2R w KQ - 1 14,c1f4 e7e5 f4e3 d4d3,2326,77,92,536,advantage interference middlegame short,https://lichess.org/PAaaTbkJ#27,Kings_Indian_Defense Kings_Indian_Defense_Four_Pawns_Attack
0TXML,r1bqk1nr/pp3ppp/4p3/4P3/1nBp4/5N2/PP3PPP/RN1QK2R w KQkq - 0 9,f3d4 d8d4 d1d4 b4c2 e1f1 c2d4,1474,73,95,26891,advantage attraction fork long opening sacrifice,https://lichess.org/P8e4M8fF#17,French_Defense French_Defense_Advance_Variation
0265C,6k1/2p1r3/1p1p2p1/p2P1bN1/P1P3PQ/4q2P/5R1K/8 b - - 0 40,f5d3 f2f8 g8f8 h4h8,1489,75,94,11794,attraction endgame mate mateIn2 sacrifice short,https://lichess.org/mvXPLz4k/black#80,
0NZlG,5k2/p2q1pp1/1p1Pp1p1/2r5/4QPP1/6KP/PP6/3R4 b - - 6 32,c5c6 e4c6 d7c6 d6d7,1118,78,92,262,advancedPawn crushing endgame sacrifice short,https://lichess.org/TP4eEIIi/black#64,
0DWZm,1r4k1/pb5p/1p2Q1p1/3r1p2/6NP/6R1/P4PPK/q7 b - - 1 30,g8g7 e6e7 g7g8 g4f6 a1f6 e7f6,1803,77,95,13090,advantage fork long middlegame,https://lichess.org/3eaAa0Fs/black#60,
0Y0GE,1n2r1k1/5p1p/2p3p1/p3q3/1r6/1P1Q2P1/PR1PNPBP/4K2R w K - 1 21,b2c2 e5a1 c2c1 a1c1,1299,77,97,12507,mate mateIn2 middlegame pin short,https://lichess.org/1hkLCfHO#41,
0NBgk,r2q1rk1/ppp1p3/3p3Q/2n1n2R/2P1P2B/2P2P2/P3KP2/8 b - - 4 21,g8f7 h5f5 f7e8 f5f8 e8d7 f8d8,1841,74,96,11445,advantage long middlegame skewer,https://lichess.org/CASxMnka/black#42,
06skK,8/p2b3p/5k2/2P1R1p1/8/8/P5K1/8 w - - 3 33,e5d5 d7c6 g2f2 c6d5,962,92,95,469,crushing endgame master pin short,https://lichess.org/hPTpFDda#65,
01JzG,8/2k5/8/1r2p2R/6p1/3K4/1p4PP/1N6 w - - 0 41,h5g5 e5e4 d3c2 b5g5,1339,75,94,10953,crushing discoveredAttack endgame short,https://lichess.org/Pq6aorBc#81,
0JW5p,8/2p3pk/7p/5r2/PP2Q3/7P/4N1PK/5q2 b - - 0 37,h6h5 e2g3 f1f4 e4f5 f4f5 g3f5,1268,74,95,11684,crushing endgame fork long,https://lichess.org/JBteQiu9/black#74,
0BYn1,r2q1b1r/1b1p1kpp/p4n2/np2P3/2p2Q2/1B6/PPPP1PPP/RNB2RK1 b - - 2 11,d8c7 e5e6 d7e6 f4c7,1298,75,98,2114,advantage discoveredAttack middlegame short,https://lichess.org/tAPMwJtZ/black#22,Ruy_Lopez Ruy_Lopez_Morphy_Defense
08vvu,r6r/1ppR3p/p3qk2/6p1/3Q4/2P4P/PP4P1/7K b - - 1 31,f6f5 g2g4 f5g6 d4g7,1949,74,94,11401,endgame mate mateIn2 short,https://lichess.org/8xpVTjFg/black#62,
0NrgK,3r4/1pqP2rk/p3Q1p1/4NpPp/P1p5/1P5P/8/3R1RK1 w - - 0 38,e5c4 c7g3 g1h1 g3h3 h1g1 h3g3,1986,75,89,195,advantage exposedKing long middlegame,https://lichess.org/dyT4WS2r#75,
04Pe7,2r3k1/pp4p1/4bq1p/8/1b1P4/2N5/PPQ1B1PP/3R2K1 b - - 1 22,e6a2 c2a4 b4c3 a4a2 f6f7 a2f7,2069,75,92,8617,advantage fork long middlegame,https://lichess.org/3vD1vJhj/black#44,
0WlCN,8/5p2/3rp3/1PN1nk2/8/8/1KP1R3/8 b - - 0 45,d6b6 e2e5 f5e5 c5d7,1489,75,96,2210,advantage attraction endgame sacrifice short,https://lichess.org/fwpmCok1/black#90,
0C0Ez,r1q1rnk1/p4p2/1p3P1p/2ppPQpP/3bB2B/8/PPP3P1/1K1RR3 w - d6 0 26,e5d6 c8f5 e4f5 g5h4,2072,83,92,5929,advantage master middlegame short,https://lichess.org/PDhzJ0uN#51,
050qo,r4rk1/2pq1ppp/pbn3b1/1p1NP3/6P1/5N1P/PP3P2/R1BQR1K1 b - - 0 17,f8e8 d5f6 g7f6 d1d7,1325,76,95,22681,crushing discoveredAttack middlegame short,https://lichess.org/QJnPh0WG/black#34,Ruy_Lopez Ruy_Lopez_Classical_Variation
01MsO,5rk1/2p3b1/3pq3/P4rp1/1PP1p1Q1/4B2P/5P1K/2R2R2 w - - 0 36,e3g5 e6e5 f2f4 e4f3,2223,76,80,258,crushing discoveredAttack enPassant middlegame short,https://lichess.org/spc2b08F#71,
09hlU,3r2k1/4bpp1/p1Pq3p/8/4B3/Pp2n2P/1P2QPP1/2R3K1 w - - 0 30,e2e3 e7g5 e3b3 g5c1,1534,74,95,17594,advantage endgame short skewer,https://lichess.org/IVhBeXmP#59,
0VLgW,2r4k/R5bp/6p1/2B5/8/p6P/r4PP1/2R3K1 b - - 0 36,h8g8 a7g7 g8g7 c5d4 g7f7 c1c8,1219,76,89,973,advantage attraction discoveredAttack endgame long sacrifice,https://lichess.org/3U0vDkx3/black#72,
04Lnq,r1bqk1nr/pppp1ppp/2n5/2b1P1B1/2B5/2P2N2/P4PPP/RN1QK2R b KQkq - 2 8,c5e7 d1d5 g8h6 g5h6,1871,73,95,8363,advantage opening short,https://lichess.org/R5lt2ZJK/black#16,Scotch_Game Scotch_Game_Benima_Defense
0DnVV,rnbqk2r/pp3ppp/2p5/3pP3/4P1n1/3P4/PPPN2PP/R1BQKB1R w KQkq - 1 8,e4d5 g4e3 d1e2 e3c2,2035,73,95,12681,advantage opening short,https://lichess.org/sIyT1Z8X#15,Caro-Kann_Defense Caro-Kann_Defense_Breyer_Variation
03BKg,1rbq1k1r/p1p3pp/2nbPpn1/3N4/3P4/2P2Q2/PP3PPP/R1B1R1K1 b - - 2 18,c6e7 f3f6 g7f6 c1h6 f8g8 d5f6,2467,92,93,5705,intermezzo long mate mateIn3 opening sacrifice,https://lichess.org/yChTknxk/black#36,Four_Knights_Game Four_Knights_Game_Halloween_Gambit
0LrTh,2kr4/pp1r2p1/1qp2b2/6p1/4p1P1/2PP3P/PPQ1B3/2KR3R w - - 0 27,d3e4 b6e3 c1b1 d7d2 c2d2 d8d2,1809,74,92,705,advantage long middlegame queensideAttack,https://lichess.org/EFDANaAa#53,
06Uu3,8/2Qbrkp1/2p1qpp1/1p2p3/4P3/2P2N2/5RP1/6K1 b - - 3 36,d7e8 f3g5 f7g8 g5e6 e7c7 e6c7,1115,77,93,1036,advantage endgame long pin,https://lichess.org/xpJxcvSm/black#72,
0EVtB,1r6/2kq1pp1/Q7/8/K1N2p2/P4Bp1/8/R7 w - - 5 37,f3c6 d7c6 a6c6 c7c6,702,80,100,555,advantage endgame master short,https://lichess.org/6LiRVXQe#73,
026sh,3r4/Qpk5/p1p2p2/8/3rb1Pp/5q1p/PP3P1B/2R1R1K1 b - - 0 32,c7d7 a7d4 e4d5 d4d5,2419,77,91,3138,advantage hangingPiece middlegame short,https://lichess.org/YZ6mzi2J/black#64,
0OhBM,8/1p2krQ1/1b1p4/p2b4/7q/7P/5PP1/R3R2K b - - 2 32,d5e6 e1e6 e7e6 a1e1 e6d7 g7f7,1232,75,99,787,advantage attraction deflection long middlegame pin sacrifice,https://lichess.org/Cna9Nw7v/black#64,
0ICJl,r5k1/6p1/2p2pb1/1pNp2p1/1P6/1B3P2/1B3KPP/8 b - - 5 28,g6c2 b3c2 a8a2 c5d3,1294,74,96,13491,crushing defensiveMove endgame hangingPiece master short,https://lichess.org/0RPamvpx/black#56,
02fKi,r2q1nr1/pp2pk1R/2p1pb2/3p1nB1/3P1NQ1/2N5/PPP2P2/2KR4 b - - 2 18,f8h7 g4h5 f7g7 f4e6,1927,78,95,16212,crushing deflection fork master middlegame short,https://lichess.org/lGlRAQCM/black#36,Caro-Kann_Defense Caro-Kann_Defense_Gurgenidze_System
0UKoL,r2q1rk1/ppp1bppp/2b2n2/4N3/4P3/2NP4/PPP3PP/R1BQK2R w KQ - 1 10,e1g1 d8d4 g1h1 d4e5,1472,73,95,31992,advantage fork opening short,https://lichess.org/FwSCXBKc#19,Rat_Defense Rat_Defense_Harmonist
0YLZ2,8/6k1/5p2/5QP1/3PK2q/4PP2/8/8 w - - 3 56,f3f4 h4h1 e4d3 h1b1 d3d2 b1f5,1361,76,100,328,crushing endgame long queenEndgame skewer,https://lichess.org/lbuBvykF#111,
03NKN,3rk2r/Q2bbppp/3q4/2p1R3/3p1P2/2PP4/PP4PP/RNB3K1 w k - 4 19,a7c5 d6c5 e5c5 e7c5,688,96,73,134,advantage middlegame short,https://lichess.org/fTtsyJx0#37,Ruy_Lopez Ruy_Lopez_Bird_Variation
006E1,5rk1/R4pp1/1p5p/3Q4/1PPp2q1/3P2P1/5P2/4nK2 w - - 0 34,f1e1 f8e8 e1f1 g4h3 d5g2 e8e1 f1e1 h3g2,1703,73,96,17050,crushing deflection endgame veryLong,https://lichess.org/KaLKLKD5#67,
0SRow,8/q3r2p/1b1p2pk/p2Q1p2/P2N3P/1P2PR2/3r2P1/5RK1 b - - 2 37,e7e3 d4f5 g6f5 d5d2,1889,76,93,11981,advantage discoveredAttack middlegame short,https://lichess.org/Ep1lHxpS/black#74,
05zrE,2r1r3/1p1q1pk1/p4n2/P2ppbN1/2n5/B1P1P2B/1P2Q3/R4KR1 b - - 1 31,c4a3 g5e6 g7h8 h3f5,1717,76,94,3022,crushing doubleCheck interference master middlegame short,https://lichess.org/ILbq2dAJ/black#62,
0FdaR,rn1q2k1/6bp/1p1p2p1/pBpPpr2/P1N2nP1/7P/1PP2P2/R1BQR1K1 w - - 1 17,g4f5 d8g5 d1g4 f4h3 g1f1 g5g4,1502,76,96,19717,crushing kingsideAttack long middlegame pin,https://lichess.org/IZ7zI8vi#33,Pirc_Defense Pirc_Defense_Classical_Variation
0Sw13,2Q2k1r/4pr2/ppp2p1p/8/2qP1R2/2P5/P5PP/5RK1 b - - 3 32,f8g7 f4g4 g7h7 c8f5,1230,75,96,14985,endgame mate mateIn2 short,https://lichess.org/ekFHbeyQ/black#64,
0CT18,1r3rk1/1b3ppp/1p6/p4B2/1P3Q2/P3R3/3q1PPP/4R1K1 b - - 5 30,a5b4 f5h7 g8h7 e3h3 h7g8 f4d2,1582,75,79,111,attraction crushing discoveredAttack long middlegame sacrifice,https://lichess.org/KEpNqZAG/black#60,
02kzX,r2q1rk1/pQpn1ppp/2Nbpn2/3p4/5B2/P3P2P/1P3PP1/RN2K2R b KQ - 4 15,d7c5 c6d8 c5b7 d8b7 d6f4 e3f4,1263,76,94,6144,advantage long opening,https://lichess.org/dnvbDd1C/black#30,Queens_Gambit_Declined Queens_Gambit_Declined_Other_variations
0DeL8,5rk1/ppp3p1/4p3/1b2P1B1/3PP3/2P4R/PP3rRK/8 w - - 11 28,g5e3 f2g2 h2g2 b5f1 g2g3 f1h3,1256,75,83,370,advantage attraction endgame exposedKing long master skewer,https://lichess.org/x5jGfvlB#55,
0UyQJ,r1b1kb1r/1p1nnppp/p1p1p3/q2p2B1/N2PP3/3B4/PPP1NPPP/R2Q1RK1 w kq - 6 9,c2c3 d5e4 d3e4 a5g5,1977,75,94,14541,advantage discoveredAttack opening short,https://lichess.org/qk6TvGYH#17,French_Defense French_Defense_Paulsen_Variation
02I1j,8/8/p7/5PP1/P4K2/2p5/3k4/4r1R1 w - - 5 52,g1e1 d2e1 f5f6 c3c2 f6f7 c2c1q,877,81,97,368,advancedPawn crushing endgame long master promotion,https://lichess.org/7G5T7Bo8#103,
04iGH,5rk1/rpp1qpp1/p1n1n2p/4P2b/P1B5/2P2N1P/1PQN1PP1/3RR1K1 w - - 5 18,d2e4 h5f3 g2f3 c6e5,2204,77,85,348,advantage capturingDefender middlegame short,https://lichess.org/0jbdxSQt#35,Italian_Game Italian_Game_Giuoco_Piano
0Z9ds,r5k1/2qn1pbp/1pp3p1/3p3r/1P1B4/P1N1P1P1/2Q2P1P/R4RK1 w - - 1 21,c3d5 h5d5 d4g7 g8g7,1515,75,94,2751,advantage hangingPiece middlegame short,https://lichess.org/rS096NvJ#41,
07NOA,2rr1k2/1p2b1pp/p4n2/4p3/P1Np4/1n1P2P1/1P1B1PBP/4RRK1 w - - 2 23,e1e5 c8c4 d3c4 b3d2,1654,74,88,434,advantage capturingDefender middlegame short,https://lichess.org/wTKUkV7u#45,
0RECB,2k1b3/1prn1r1B/p4p2/2p5/8/2PR4/PP1P1PPP/R1B3K1 w - - 1 29,h7g6 f7e7 d3e3 e7e3 d2e3 e8g6,1710,74,95,8283,advantage long middlegame quietMove,https://lichess.org/ECBRBLFE#57,
0KLkD,r1bqkb1r/pp1n2pp/2n1p3/3pP1pQ/3P4/8/PPB2PPP/RNB1K2R b KQkq - 1 10,g7g6 c2g6 h7g6 h5g6 e8e7 c1g5,2066,75,94,14990,crushing exposedKing interference long opening,https://lichess.org/M3u5LxJx/black#20,Sicilian_Defense Sicilian_Defense_Old_Sicilian
0MBEE,6k1/3r1bpp/2pn1p2/P4P2/1P1P4/B1PK3P/8/4RR2 w - - 2 39,e1e3 f7c4 d3c2 c4f1,1089,75,100,182,advantage endgame short skewer,https://lichess.org/p0XKw99O#77,
0I3a3,r2r2k1/p3qpp1/1p1p3p/2nQ4/3NP3/8/P4PPP/1R2R1K1 b - - 1 21,c5d3 d4f5 e7f6 d5d3,1751,75,91,1957,crushing discoveredAttack middlegame short,https://lichess.org/4zLR1wsi/black#42,
0YzXM,r2qkb1r/pp1bpppp/2np1n2/1B6/Q3P3/2N1B3/PP3PPP/2KR2NR b kq - 7 8,d8a5 b5c6 a5a4 c6a4 d7a4 c3a4,1412,76,87,343,advantage long opening,https://lichess.org/LAdVu9Fh/black#16,Sicilian_Defense Sicilian_Defense_Smith-Morra_Gambit
0E66O,rn2k2r/2qp1ppp/p3pb2/8/1p1P4/3B1QP1/PP3P1P/RN3RK1 b kq - 0 15,f6d4 f3a8 d4b2 b1d2 b2a1 f1a1,1361,75,94,4351,advantage long middlegame quietMove,https://lichess.org/IsaxddKC/black#30,Sicilian_Defense Sicilian_Defense_French_Variation
08QJL,1r3rk1/1p2pp1p/p1b2bp1/3Bn3/2P5/PPN3Pq/2Q1PP1P/1RB2RK1 w - - 1 19,f2f4 e5g4 e2e3 f6c3 d5c6 b7c6,1803,73,94,14281,advantage discoveredAttack long middlegame,https://lichess.org/4TftZMH6#37,English_Opening English_Opening_Symmetrical_Variation
0KXnD,r1r3k1/1pq1bp1p/3pbp2/4p1P1/2B1P2P/pP2BP2/P2Q4/N1KR3R b - - 0 19,e6c4 b3c4 c7c4 c1b1,2191,80,90,2312,advantage defensiveMove middlegame short,https://lichess.org/x3UHDjNB/black#38,Sicilian_Defense Sicilian_Defense_Prins_Variation
0IfAy,1r3k2/p5pp/4Q3/8/1P1P4/P3pPqP/2R3P1/6K1 w - - 1 34,e6e3 b8e8 e3d2 e8e1 d2e1 g3e1,1182,75,95,8411,advantage endgame long,https://lichess.org/ZEk0k3TU#67,
0ZPIL,r3r1k1/pp3ppp/2pb1pn1/8/3P4/2PQB2q/PPB2PN1/R3R1K1 w - - 2 19,d3f5 h3h2 g1f1 h2h1 f1e2 h1g2,1325,76,97,2602,advantage deflection kingsideAttack long middlegame,https://lichess.org/lqMRoIEt#37,
0LlYi,r4rk1/1q1bnppp/p2Qp3/2R1P3/1p6/1B3N2/PP3PPP/5RK1 b - - 2 20,a8c8 d6e7 c8c5 e7c5,1702,76,89,4925,advantage hangingPiece middlegame short,https://lichess.org/o5VrrhLW/black#40,
0IKyu,r2q1rk1/pp2pp2/6p1/7p/3bN1b1/2NBQ3/PP3P2/R3K2R w KQ - 2 19,e3h6 d4c3 b2c3 d8d3,1276,76,91,1751,crushing discoveredAttack middlegame short,https://lichess.org/XAWz4PlF#37,Sicilian_Defense Sicilian_Defense_Hyperaccelerated_Dragon
047oD,r3k2r/pppb1ppp/2n1pn2/8/QbPPq3/2N1B3/PP2NPPP/R3KB1R w KQkq - 9 9,a2a3 c6d4 a4b4 d4c2 e1d2 c2b4 c3e4 f6e4,1867,77,94,10086,advantage fork middlegame pin sacrifice veryLong,https://lichess.org/kdbcpSgM#17,French_Defense French_Defense_Exchange_Variation
04gw2,2k4r/1p6/p3p2p/3pPn2/5R2/1P5P/PB5K/8 b - - 0 29,c8d7 f4f5 e6f5 e5e6 d7e6 b2h8,988,76,91,522,advantage discoveredAttack endgame long sacrifice,https://lichess.org/YHsigfBD/black#58,
05GWj,r1b1k1nr/ppp1npQp/3p4/2bNp3/2B1P3/8/PPPP1qPP/R1BK2NR w kq - 1 8,g1h3 c8h3 h1f1 f2g2,2030,75,88,207,advantage opening short,https://lichess.org/cpxCL6GY#15,Vienna_Game Vienna_Game_Stanley_Variation
0Nqqe,r4rk1/p3p1b1/4R1p1/1p1p4/3P1q2/8/PPP2PQP/R5K1 b - - 4 22,f8f6 e6f6 g7f6 g2d5 g8g7 d5a8,1748,73,96,17466,advantage exposedKing fork long middlegame,https://lichess.org/A3rGTuHS/black#44,
0FTba,5rk1/pp3rb1/3pb2p/PPp1p1q1/2P3P1/2BP1P2/2QR2B1/5RK1 b - - 0 27,e6g4 f3g4 f7f1 g2f1,1111,76,93,1105,advantage middlegame short,https://lichess.org/nat29bYG/black#54,
0RMsO,6k1/1P2n1pp/B7/3bPp2/2pr1P2/8/6PP/R5K1 b - - 0 26,e7c6 a6b5 c6b8 a1a8 d5b7 a8b8,1315,75,95,14718,clearance crushing endgame long pin,https://lichess.org/tFmPSaBt/black#52,
02FJ8,5k1r/pr2b1p1/1p1p1p1p/2nN1b2/2BB4/8/P4PPP/3RRK2 b - - 7 24,f5g6 d4c5 b6c5 c4a6,2225,74,92,7259,advantage middlegame short,https://lichess.org/R0XluWCo/black#48,
0UXBd,7r/kpQ4P/p4bp1/1qpP1p2/8/2P5/1P6/1K2RR2 w - - 2 38,d5d6 f6c3 f1f2 c3e1,1387,75,94,14285,crushing endgame master pin short,https://lichess.org/4buZeqoL#75,
0Gz8b,r1b3nr/1p1pkppp/p1nNp3/4q3/2P1P3/4P3/PP2B1PP/RN1Q1RK1 b - - 3 11,e5d6 f1f7 e7f7 d1d6,1550,76,92,1751,crushing deflection opening short,https://lichess.org/ZEdsczWS/black#22,Sicilian_Defense Sicilian_Defense_Taimanov_Variation
0NgUh,6k1/3R3p/6pK/bB3p2/P4P2/6P1/2r4P/8 w - - 5 48,d7h7 c2h2 h6g6 h2h7 b5c4 g8h8,1130,83,94,4705,advantage defensiveMove endgame long,https://lichess.org/3Hj6UEbY#95,
0NCST,2rr2k1/1pq2ppp/1n2p3/pP6/P1pN4/4P3/1Q3PPP/R1R3K1 b - - 0 22,f7f6 d4e6 c7e5 b2e5 f6e5 e6d8,1387,74,97,12603,advantage fork long middlegame,https://lichess.org/FbkHgUAw/black#44,
0FMdd,3r4/pp2kbQ1/1q1npp2/4p1p1/8/3R1P2/PPP3P1/2KR4 b - - 4 29,d6f5 d3d8 b6d8 g7f7 e7f7 d1d8,2085,75,94,7697,advantage long middlegame,https://lichess.org/AjgqFr1a/black#58,
0Nf0s,r2qkb1r/pp2pppp/1n6/2p1n3/2P2P2/2N5/PPQPB2P/R1B1K2R b KQkq - 0 11,e5c4 e2c4 b6c4 c2a4 d8d7 a4c4,1286,75,96,11162,advantage fork long opening,https://lichess.org/MLfyezDo/black#22,Sicilian_Defense Sicilian_Defense_McDonnell_Attack
02Wga,5r1k/2r3p1/pp1N3p/2p4n/5p2/1B3P1P/PPP4B/R5K1 w - - 2 28,d6e4 c5c4 b3a4 b6b5 a4b5 a6b5,1468,75,95,10972,advantage long middlegame trappedPiece,https://lichess.org/k5PrFjHd#55,
02MlO,r1b5/1pp4p/p2p2pk/3Pr3/1PP5/4q1P1/PQ1N2P1/R4R1K w - - 1 23,d2f3 e5h5 f3h4 e3g3,1296,76,94,4268,advantage kingsideAttack middlegame pin short skewer,https://lichess.org/xaIJs1d8#45,
0KKVK,8/p7/1p6/2pk2pP/4Rn2/2P5/6P1/7K w - - 1 55,h5h6 d5e4 h6h7 f4g6,1022,76,96,3706,crushing defensiveMove endgame hangingPiece master short,https://lichess.org/vLBZNmC9#109,
0Lfnh,rn1qkb1r/ppp1pppp/8/4Pb2/3Pn3/3B4/PP3PPP/RNBQK1NR b KQkq - 2 6,d8d4 d3b5 c7c6 d1d4,1132,78,98,1126,advantage discoveredAttack opening short,https://lichess.org/Iu1muotl/black#12,Queens_Gambit_Accepted Queens_Gambit_Accepted_Central_Variation
0FHA1,8/8/4k1p1/6P1/4KP1p/8/8/8 w - - 0 55,e4f3 e6f5 f3e3 f5g4,1352,77,93,9453,crushing endgame master pawnEndgame short zugzwang,https://lichess.org/NII3aIN0#109,
09uno,r2r2k1/4qpp1/p1np2bp/1p1Bp3/8/5N2/PPPQ1PPP/3RR1K1 b - - 5 18,a8c8 d5c6 c8c6 f3e5 d6e5 d2d8 e7d8 d1d8,1719,75,92,4050,advantage kingsideAttack middlegame veryLong,https://lichess.org/RqQzO1pB/black#36,Sicilian_Defense Sicilian_Defense_Najdorf_Variation
0AhiZ,8/8/8/2k3Kp/7P/8/8/8 b - - 2 57,c5d5 g5h5 d5e6 h5g6 e6e7 g6g7,1383,75,97,12212,crushing defensiveMove endgame long pawnEndgame,https://lichess.org/p1VJ3L1q/black#114,
0PuSm,r1bq2k1/ppp2r2/6p1/3pB3/2nP1p2/3NbB2/P1P1K3/R2Q3R b - - 3 25,f7h7 h1h7 c4e5 d1h1,1759,76,93,5039,clearance crushing defensiveMove middlegame short,https://lichess.org/0TtC5W2Y/black#50,
0FDfH,2r2rk1/pp3pp1/4p2N/3qP1P1/7P/1P3R2/P1p3Q1/7K b - - 1 31,g7h6 g5h6 g8h7 g2g7,1121,75,97,4569,discoveredAttack endgame mate mateIn2 short,https://lichess.org/aPaPIZ8Q/black#62,
09VSq,r4rk1/p1p2pn1/3p2pQ/3P3P/6P1/1pq2P2/P5B1/1K1R2NR w - - 0 21,h6d2 b3a2 b1a2 c3c4 a2a1 c4a4 d2a2 a4d1,1963,74,92,1021,advancedPawn attraction crushing deflection middlegame queensideAttack veryLong,https://lichess.org/jeIZapx2#41,
09eed,1rb1k3/4bpp1/p1pp4/q4PP1/8/1PPB4/P2Q4/1NK4R b - - 0 22,c8f5 h1h8 e8d7 h8b8,2279,75,92,2012,advantage middlegame short skewer,https://lichess.org/XBhqTmNs/black#44,
09G02,2R2bk1/5p2/4n2P/3npNPK/5p2/5P2/2p5/8 b - - 1 48,e6c5 c8f8 g8f8 h6h7 f8e8 h7h8q,2201,76,92,7553,advancedPawn crushing endgame long promotion sacrifice,https://lichess.org/65c6rXsD/black#96,
0LNCe,3r2k1/pN2qpp1/1pn1p2p/4n3/8/5N1P/PP2BPP1/1Q1R2K1 b - - 0 24,e5f3 e2f3 d8d1 b1d1,1159,79,91,2076,advantage middlegame short,https://lichess.org/XMEwvfa2/black#48,
0Ed5w,2kr3r/ppq3p1/2pbp3/5b1p/7P/4BQ2/PPP2PP1/3RRNK1 w - - 0 22,c2c3 f5g4 f3e4 g4d1,1595,74,93,2047,advantage middlegame short skewer,https://lichess.org/jhU3KZVL#43,
0WfqU,5qk1/1p3p2/p1n1pPp1/8/7Q/1N6/PPP2PPP/2K5 w - - 2 25,b3c5 f8c5 h4h6 c5f8 h6f8 g8f8,1508,74,95,19171,advantage endgame hangingPiece long,https://lichess.org/oWKz1DRt#49,
0Hyqg,r3r1k1/pp3b1p/2q3p1/2P1R3/2p5/2P3N1/PP2QPP1/4R1K1 w - - 5 26,e2e3 e8e5 e3e5 a8e8 e5e8 f7e8,1283,75,91,409,advantage clearance long middlegame,https://lichess.org/MimBu0Es#51,
0EYJQ,rr4k1/q4ppp/Qn2p3/3bP3/3P4/2p5/3NBPPP/RRB3K1 b - - 0 22,c3d2 a6a7 a8a7 a1a7,1353,79,94,16208,advantage middlegame short,https://lichess.org/PDbhjWYC/black#44,
0QQcY,r1b2rk1/pp2bppp/1qn1p3/3pPn2/3P4/P1N1B3/1P2BPPP/R2QNRK1 b - - 2 12,b6b2 c3a4 f5e3 f2e3,1881,74,91,1953,advantage opening short,https://lichess.org/8Av2VdrU/black#24,French_Defense French_Defense_Advance_Variation
0UKVD,6k1/6r1/2pqp3/p2n4/Pn1P2Q1/R5P1/5PK1/7R w - - 1 41,g4h5 d5f4 g2f1 f4h5,1328,77,93,15549,crushing master masterVsMaster middlegame pin short,https://lichess.org/OBV29gkq#81,
0MWmV,r3r2k/4qpp1/2p1b3/3n2N1/1bBP2pP/p7/PPQ2P2/1KBR3R b - - 1 23,g7g6 h4h5 h8g7 h5g6,2063,73,92,6430,advantage master masterVsMaster middlegame short,https://lichess.org/cnT0obWA/black#46,
0DJKr,R1R5/1r3pk1/4pqp1/3p3p/1r1P3P/6Q1/5PP1/6K1 b - - 1 30,b4d4 c8g8 g7h7 g8h8 f6h8 a8h8 h7h8 g3e5 h8g8 e5d4,1153,77,93,1961,advantage attraction endgame fork veryLong,https://lichess.org/i5J7XIAJ/black#60,
0JqTP,r1b2rk1/ppqp1p2/2n2npp/4p3/2B1P3/2B2N2/P1P2PPP/1R1Q1RK1 b - - 1 15,f6e4 d1d3 d7d5 c4d5,2091,80,91,2304,advantage opening short,https://lichess.org/ElylwMaK/black#30,Benoni_Defense Benoni_Defense_Benoni_Gambit_Accepted
0LvUg,4rrk1/2p2pp1/p2p1P2/1p5Q/1q2P3/3PR2P/2P3P1/5RK1 b - - 0 26,b4d4 h5g5 d4e3 g5e3,1850,73,93,10917,crushing endgame short,https://lichess.org/SBdDIPQg/black#52,
01oWi,8/p7/8/1PP1p3/4K1k1/2b3P1/8/8 b - - 0 48,g4g3 b5b6 a7b6 c5c6,1988,73,93,10788,bishopEndgame crushing endgame short,https://lichess.org/pbHmn2fH/black#96,
01EUl,r2qk2r/ppp2pp1/2p2n2/7p/3bP1b1/2N3Q1/PPP2PPP/R1B1KB1R w KQkq - 0 9,h2h3 d4c3 g3c3 d8d1,1380,77,96,32165,clearance mate mateIn2 opening short,https://lichess.org/eR5rGPfR#17,Russian_Game Russian_Game_Stafford_Gambit
0MQI7,r3k2r/2q1bppp/p2p1n2/3PPbB1/1p6/3B4/PPP3PP/R2QR1K1 b kq - 0 15,f5d3 e5f6 g7f6 g5f6,1512,76,96,15959,advantage middlegame pin short,https://lichess.org/lPCEjrs9/black#30,Sicilian_Defense Sicilian_Defense_Kan_Variation
0W1Wa,r3kb1r/1bq1n1pp/p7/1p2ppN1/8/1PN5/1PPP1PPP/R1BQK2R w KQkq - 1 12,g5e6 c7c6 e6f8 c6g2,1549,74,89,181,advantage opening sacrifice short,https://lichess.org/YI2SnWae#23,Ruy_Lopez Ruy_Lopez_Cozio_Defense
04jdo,r1b1k2r/p1ppqpp1/2p4p/7n/1b2P3/2N2P2/PPPB2PP/R2QKB1R w KQkq - 1 10,a2a3 e7h4 g2g3 h5g3 a3b4 g3h1,1815,75,90,1523,advantage discoveredAttack long opening,https://lichess.org/xgu06mIg#19,Four_Knights_Game Four_Knights_Game_Scotch_Variation_Accepted
0SHAi,r1b1r2k/pp4pp/5q2/2RRnp2/1P1Np3/P3P1P1/1Q2BP1P/6K1 w - - 6 23,d4b5 e5f3 e2f3 f6b2,1255,76,85,139,advantage discoveredAttack middlegame short,https://lichess.org/CvXQtnzM#45,
0WC3o,5r1k/pppq4/6R1/4p1NP/2P1P1p1/P2P2K1/1P6/8 b - - 0 33,f8g8 g6h6 h8g7 h6h7 g7f6 h7d7,1320,75,96,22232,crushing endgame exposedKing long skewer,https://lichess.org/EHs2Ki10/black#66,
03mRM,2kr3r/pp4R1/3qp2p/2p3n1/P1BPNnp1/2P5/1P4P1/R3Q1K1 b - - 1 25,f4h3 g2h3 g5f3 g1f1,2128,84,89,1015,advantage defensiveMove middlegame short,https://lichess.org/OQRoUsNy/black#50,
0RyX7,r7/2p4p/2NbR3/2pP1k2/p7/2P2K1P/P7/8 b - - 1 36,a8g8 e6d6 c7d6 c6e7 f5e5 e7g8,1554,75,96,10191,crushing endgame fork long sacrifice,https://lichess.org/WiFDhDMu/black#72,
02YZG,4qB1k/pp4pp/4K3/2Q1P3/2P5/3r2PP/P7/R6R w - - 7 32,f8e7 e8d7 e6f7 d3f3,2266,79,93,6601,endgame mate mateIn2 short,https://lichess.org/lEeBiGlY#63,
0DkhR,2b5/3r3p/p4kpB/1p3p2/8/8/PbB2PPP/4R1K1 b - - 2 24,d7e7 h6g5 f6g5 e1e7,1471,74,97,11026,advantage deflection endgame short,https://lichess.org/KtBALnyT/black#48,
0JkbV,r1bqk2r/1p2bppp/p1n2n2/3p2B1/2B5/P1N5/1PP2PPP/R2QK1NR w KQkq - 0 10,c3d5 f6d5 d1d5 d8d5,1626,77,93,13842,advantage opening short,https://lichess.org/tfJKyOj9#19,Sicilian_Defense Sicilian_Defense_Bowdler_Attack
0NDBE,r4n1k/pbpp1Bp1/1p5p/4P3/5P2/1QP1q3/P5PP/R4R1K w - - 1 20,a1e1 e3d2 f1g1 b7g2 g1g2 d2e1,1962,76,94,635,advantage deflection kingsideAttack long middlegame,https://lichess.org/XIQoroSH#39,
0Kj8o,2rr4/4ppkp/p4bp1/q7/1pPp1B2/1P1R1Q2/5PPP/2R3K1 b - - 2 27,e7e5 f4h6 g7h6 f3f6 e5e4 d3h3,1589,77,95,24316,crushing deflection discoveredAttack long middlegame,https://lichess.org/pVw14Ls4/black#54,
0RYx3,r1b1r1k1/pp4bp/4p1p1/3pBq2/7P/2PQ1N2/PP3PP1/R3K2R w KQ - 2 18,e1c1 g7e5 f3e5 f5e5,1867,79,94,13350,advantage middlegame short,https://lichess.org/IZfx2zsj#35,Caro-Kann_Defense Caro-Kann_Defense_Exchange_Variation
0A7eV,7k/p5p1/1p2N1rp/8/5q2/7P/6P1/3RR2K b - - 1 36,f4g3 d1d8 h8h7 e6f8,934,78,98,1130,crushing endgame short,https://lichess.org/MMsK7axt/black#72,
0Heoj,4nk2/4p2p/3pP1BP/2pP2K1/1pP5/1P6/8/8 b - - 0 48,h7g6 g5g6 f8g8 h6h7 g8h8 g6f7,1225,76,95,11302,advancedPawn crushing endgame knightEndgame long master,https://lichess.org/Gs0EcZym/black#96,
0FgOU,3r1k2/1pp2ppp/5nb1/2PNn1B1/p3P1P1/2Pr3P/P5B1/2R1R1K1 b - - 8 25,f6d5 g5d8 d5f4 d8c7,1751,74,93,2470,advantage hangingPiece middlegame short,https://lichess.org/GsjAmfgx/black#50,
09rWS,r1r3k1/4bpp1/1q2p2p/p2p4/4n3/PB1Q2PP/2P1N1P1/1R3R1K b - - 0 23,c8c3 e2c3 e4f2 f1f2,1191,75,88,2046,advantage middlegame short,https://lichess.org/reuHPbWB/black#46,
0FJ9d,5rk1/2p3pp/p7/5P2/3P4/2P2Q1P/PP3K1q/R1B5 w - - 3 27,f3g2 f8f5 c1f4 f5f4 f2e3 h2g2,1145,75,97,2832,crushing deflection endgame exposedKing long,https://lichess.org/mBNoaPMv#53,
0UsLA,r1bqk1nr/ppp1bppp/2np4/4P1B1/8/5N2/PPP1PPPP/RN1QKB1R w KQkq - 4 5,e5d6 e7g5 f3g5 d8g5,1562,74,91,380,advantage opening short,https://lichess.org/ezNMOhVl#9,Englund_Gambit_Complex Englund_Gambit_Complex_Hartlaub-Charlick_Gambit
0SAos,2rqk2r/pp1b1ppp/2n5/3n4/3Np3/Q1P1P3/P4PPP/R1B1KB1R w KQk - 0 13,f1c4 c6d4 c3d4 c8c4,1489,75,93,13531,advantage discoveredAttack opening short,https://lichess.org/jhPbL8nC#25,Queens_Pawn_Game Queens_Pawn_Game_Krause_Variation
01vYY,2b5/4qpkp/3n1bp1/3B4/3N4/5N1P/2Q2PP1/6K1 w - - 2 30,c2b3 f6d4 f3d4 e7e1,1069,76,92,3921,advantage middlegame short,https://lichess.org/kIFrwg3a#59,
0H2AN,r4rk1/p1p1q1b1/2p1b2p/4Ppp1/2B1Q3/4P1B1/PPP2PPP/R3K2R w KQ - 2 15,e4c6 e7b4 c2c3 b4c4 c6c4 e6c4,1532,74,93,12849,advantage long middlegame,https://lichess.org/smoPtbO7#29,Queens_Pawn_Game Queens_Pawn_Game_Chigorin_Variation
023NL,3rk3/R4p2/p6p/1p4pB/8/1b2P3/1P2KPPP/3r3R w - - 8 26,h1d1 b3d1 e2e1 d1h5,1383,74,86,236,advantage endgame short skewer,https://lichess.org/LLYXXR6P#51,
0Zg4N,1k1B3r/1p6/p2N2p1/8/QP1n4/2q4P/P5P1/5RK1 w - - 0 30,d8f6 d4e2 g1f2 c3f6,1550,75,93,3064,advantage discoveredAttack interference middlegame short,https://lichess.org/jlc4D7eo#59,
083g4,R7/8/8/3n1Bp1/3k2P1/1p2p3/pK6/8 w - - 0 70,b2b3 e3e2 a8a2 e2e1q,1146,75,96,4892,advancedPawn advantage endgame master promotion short,https://lichess.org/1Yxs0law#139,
05N1c,r1b2rk1/ppp1q1bp/5pp1/2n1p3/1nP1P3/2N1BN2/P1B2PPP/1R1QR1K1 b - - 1 14,f8d8 e3c5 d8d1 c5e7 d1b1 c2b1,2167,75,85,216,advantage long opening,https://lichess.org/k9wr95AQ/black#28,Kings_Indian_Defense Kings_Indian_Defense_Normal_Variation
0QboJ,r1b2rk1/p1p2ppn/2Qb1q1p/8/2B5/8/PPP2PPP/RNB2RK1 w - - 1 12,b1c3 d6h2 g1h2 f6c6,1208,76,96,15117,crushing discoveredAttack opening short,https://lichess.org/2fdWYpbC#23,Italian_Game Italian_Game_Two_Knights_Defense
03HYt,3k4/3r4/6R1/4R2p/1p2P2P/pP1bPK2/r4NP1/8 w - - 0 42,e5h5 d3e2 f3g3 e2h5,1785,76,97,2386,advantage endgame master short skewer,https://lichess.org/dOcMLROR#83,
0IYZi,8/7k/pp2q2p/3N1ppQ/3Rp3/P2nP2P/1P3PPK/2r5 b - - 7 31,d3f2 d5f6 e6f6 d4d7,1186,76,87,319,advantage clearance endgame sacrifice short,https://lichess.org/rwbJEgHM/black#62,
0CYaa,2r2r1k/4b1pp/4Q3/q2pp1P1/1p1pP3/1P1P4/1PP2PK1/2B4R b - - 3 27,a5c7 h1h7 h8h7 g5g6 h7h8 e6h3 e7h4 h3h4 h8g8 h4h7,2080,77,95,9689,attraction kingsideAttack mate mateIn5 middlegame sacrifice veryLong,https://lichess.org/TNAz8scz/black#54,
02Id6,r5nr/p1Nk1ppp/1pn5/1Bb1p3/4P3/1Q6/PPP3qP/R1BK3R w - - 3 13,b3f7 g8e7 f7f1 g2f1,1806,74,93,2592,advantage defensiveMove middlegame short,https://lichess.org/yqSvQo0q#25,Philidor_Defense Philidor_Defense_Other_variations
0E7WM,1k2r3/2p1r1p1/p2b3p/1p2n1p1/1P6/1BP1B2P/P4PP1/3RR1K1 w - - 2 29,e3d4 e5f3 g2f3 e7e1 d1e1 e8e1,811,78,99,2718,crushing discoveredAttack kingsideAttack long middlegame,https://lichess.org/kdWR7ggp#57,
003eP,8/r1b1q2k/2p3p1/2Pp4/1P2p1n1/2B1P3/NQ6/2K4R b - - 1 36,h7g8 h1h8 g8f7 h8h7 f7e8 h7e7,1156,79,88,1755,crushing exposedKing long middlegame skewer,https://lichess.org/n9vCFmKh/black#72,
09MTB,2k1r3/pp4pr/8/4nq2/6Nb/2P1BB2/PP2K3/R4Q1R b - - 4 30,e5g4 f3b7 c8b7 f1f5,1639,77,97,14248,crushing discoveredAttack middlegame short,https://lichess.org/uGbwnqTO/black#60,
06scF,2r3k1/1p4pp/p3p3/8/3p1nP1/8/PPr4P/1K1RQ3 w - - 0 29,d1d4 c2c1 e1c1 c8c1 b1c1 f4e2 c1d2 e2d4,1001,83,96,8588,attraction crushing endgame fork veryLong,https://lichess.org/9mFK3bsh#57,
0PvOX,6k1/3b1pp1/3N4/2PQPP2/3K2P1/8/8/q7 w - - 3 41,d4e4 d7c6 d5c6 a1h1 e4d4 h1c6,1922,75,96,5387,advantage endgame long pin sacrifice skewer,https://lichess.org/MyKm1tkv#81,
0PM77,1k5r/nqp2P2/1p6/2b4p/2N3pP/6P1/4QP1K/3R4 b - - 2 33,a7c6 e2e8 b7c8 e8c6,1747,74,96,4669,crushing deflection master middlegame short,https://lichess.org/DEsNseld/black#66,
097pq,r1b5/pp2qkp1/4pp1p/7B/1Q6/P7/1P3PPP/3R2K1 b - - 3 23,f7f8 d1d8,936,75,100,632,endgame mate mateIn1 oneMove pin,https://lichess.org/4CS2PUME/black#46,
02wEV,2kB2r1/ppp2p1p/2n5/8/1P1p2b1/2PB1P1q/P4R1b/RN1Q3K w - - 0 20,d1f1 g4f3 f2f3 g8g1 f1g1 h2g3 g1h2 h3h2,2203,78,88,114,discoveredAttack exposedKing fork mate mateIn4 middlegame sacrifice veryLong,https://lichess.org/vknACwLf#39,
0CGcy,r3k2r/p2bppb1/5np1/q1pNn2p/1pB1P3/1P2BP2/P1PQN1PP/1K1R3R b kq - 7 16,e5c4 d5f6 g7f6 d2d7 e8f8 b3c4,1780,74,97,1364,advantage discoveredAttack long middlegame,https://lichess.org/FIrrDUst/black#32,Czech_Defense Czech_Defense_Other_variations
0XM3h,1R6/5pkp/6p1/2P1P3/1P1r2b1/8/5PP1/6K1 b - - 0 33,d4e4 f2f3 g4f3 g2f3,1598,77,93,11136,advantage endgame fork short,https://lichess.org/JF6PdxMg/black#66,
0aX6a,6k1/pp3r2/3pNb2/3Pn2p/1P2Pp2/5PqP/P3Q1B1/2R3K1 w - - 3 34,e2f2 g3f2 g1f2 e5d3,1552,73,96,12508,attraction crushing kingsideAttack master middlegame short,https://lichess.org/hYxJzcmO#67,
0UzpQ,r1bq2k1/pp1n1rpp/2pBpn2/8/2pP4/2N1P3/PP3PPP/R2QKB1R w KQ - 0 10,f1c4 d7b6 c4b3 d8d6,1550,74,93,2729,advantage discoveredAttack opening short,https://lichess.org/TPfyoijO#19,Queens_Pawn_Game Queens_Pawn_Game_Zukertort_Variation
0BqNv,4Rbk1/p7/3r1PK1/1ppB4/8/8/P1P5/8 b - - 2 44,d6d5 f6f7 g8h8 e8f8,859,76,97,3039,advancedPawn deflection endgame mate mateIn2 short,https://lichess.org/xVSsNMZC/black#88,
0GMU0,r2qkb2/p3ppp1/2p3p1/2pp2N1/6P1/1P1PP1n1/P1P4r/RNBQK1R1 w Qq - 2 14,g1g3 h2h1 e1e2 h1d1,1306,75,99,764,advantage middlegame short skewer,https://lichess.org/2m5ry01M#27,Bird_Opening Bird_Opening_Dutch_Variation
05q11,6k1/b4pp1/1qp4p/8/1PQ5/P5NP/5PP1/6K1 w - - 0 33,c4d3 b6f2 g1h2 f2g1,751,78,100,983,endgame mate mateIn2 short,https://lichess.org/KJ09Twkn#65,
08gKR,r5k1/pppnqppp/8/8/2bPn3/P6Q/1BP2PPP/R3R1K1 b - - 1 17,e7e6 h3e6 c4e6 e1e4,1561,75,87,3038,advantage capturingDefender middlegame short,https://lichess.org/xnOIBVFB/black#34,French_Defense French_Defense_Exchange_Variation
0BKus,2r3k1/2q1pp1p/p2p2p1/1p1Pn3/8/P3Q2P/2rB1PP1/2R1R1K1 b - - 1 25,e5c4 c1c2 c4e3 c2c7,1408,76,81,1856,advantage hangingPiece middlegame short,https://lichess.org/KhmZXBKo/black#50,
0TcUR,8/2kP4/5KR1/5b2/8/8/8/8 b - - 0 62,f5g6 f6e7 c7c6 d7d8q,1339,74,94,9986,advancedPawn bishopEndgame crushing endgame promotion short,https://lichess.org/BY4yE16j/black#124,
01iLZ,2r3k1/6pp/2b5/3R4/3P4/R3P1BP/5P1K/1r6 w - - 3 34,a3c3 b1h1 h2h1 c6d5 h1h2 c8c3,1580,75,95,20251,attraction crushing discoveredAttack endgame long,https://lichess.org/14MuiCrV#67,
0Rl3V,4r1k1/p4ppp/2Q2b2/2n5/3p4/1P6/P4PPP/1RB1qNK1 b - - 4 21,c5d3 c1e3 e8d8 b1e1,1805,74,95,1211,advantage discoveredAttack middlegame short,https://lichess.org/H1vwhSui/black#42,
0E2MC,rn4k1/3q2b1/2p4p/p1Q5/3P3B/5R2/1PP2PPP/6K1 b - - 5 25,d7d4 f3f8 g7f8 c5d4,1529,76,96,13129,advantage deflection middlegame short,https://lichess.org/LyrjocT0/black#50,
060Lo,1r1q1rk1/pp3p1p/2nb1p2/1Q1p4/3P4/P4N2/1P3PPP/RN3RK1 w - - 0 14,b5d5 d6h2 f3h2 d8d5,964,83,80,180,advantage discoveredAttack kingsideAttack middlegame short,https://lichess.org/vpTI3Oft#27,Caro-Kann_Defense Caro-Kann_Defense_Other_variations
0B7og,7k/6p1/p1p2p1p/8/8/1P1QB1PP/n2K1P2/7q w - - 4 44,d3a6 h1c1 d2e2 a2c3 e2d3 c1f1 d3c3 f1a6,1826,75,96,5133,crushing endgame exposedKing master skewer veryLong,https://lichess.org/bsFWbjRB#87,
0ELsQ,5nk1/p1bq2pP/5r2/1p1p1N1P/3P2Q1/P3B3/1r6/R4RK1 b - - 0 27,f8h7 f5h6 f6h6 g4d7,1750,74,93,6378,crushing discoveredAttack middlegame pin short,https://lichess.org/pHoqcurY/black#54,
0KhYB,6k1/6p1/7p/4pp2/5b2/3R2PP/3p1P2/5K2 b - - 0 38,e5e4 d3d8 g8f7 g3f4 d2d1q d8d1,1186,76,95,5181,crushing endgame long,https://lichess.org/TephY1MK/black#76,
0ODpZ,2r2r1k/p4p1p/1p2ppq1/8/5P2/1P2PR2/PQ4PP/2R3K1 w - - 3 24,c1e1 c8c2 b2c2 g6c2,1242,76,92,11962,advantage endgame short,https://lichess.org/7c8rxLaM#47,
02nDq,r3k2r/ppnqn1pp/2pb1p2/3p4/3P4/P2Q1N2/1PPBNPPP/R3R1K1 b kq - 2 13,e7f5 e2g3 f5e7 g3f5 e8g8 f5d6,2371,78,92,5572,advantage discoveredAttack long middlegame,https://lichess.org/kDykMG0i/black#26,French_Defense French_Defense_Exchange_Variation
0AhkX,4R3/pp3Qpk/2p4p/4q3/8/6r1/PPP3P1/7K b - - 6 31,e5f6 f7g8 h7g6 e8e6,1229,75,96,5362,crushing endgame master pin short,https://lichess.org/4jTVLSVy/black#62,
0C78f,8/p5k1/1p4pp/5p2/P1pP1P2/2P4P/1PQBrqP1/1R5K w - - 0 34,b1d1 f2g2,939,75,99,1823,endgame kingsideAttack mate mateIn1 oneMove,https://lichess.org/rqTEmB6q#67,
0T0wy,rn2kb1r/pQ1bqppp/5n2/2p5/2BPP3/5P2/PP4PP/R1B1K1NR b KQkq - 0 12,d7c6 b7c8 e7d8 c4f7 e8f7 c8d8,1840,77,95,16863,attackingF2F7 crushing deflection long middlegame pin,https://lichess.org/tAUK4XrD/black#24,Queens_Gambit_Declined Queens_Gambit_Declined_Exchange_Variation
0403H,1rbqr1k1/5pp1/p6p/1pbBB3/7P/P3P1P1/1PP2P2/R2Q1RK1 b - - 0 16,e8e5 d5f7 g8f7 d1d8,796,91,88,103,crushing discoveredAttack kingsideAttack middlegame short,https://lichess.org/wZjScJc5/black#32,Queens_Pawn_Game Queens_Pawn_Game_Zukertort_Variation
0HJPY,1r3r1n/p5k1/1p2p1p1/5bP1/3P3R/2P5/PP6/2K4R b - - 5 31,a7a5 h4h7 g7g8 h7h8 g8f7 h1h7 f7e8 h8f8 e8f8 h7h8 f8e7 h8b8,1179,79,93,2501,attraction crushing endgame skewer veryLong,https://lichess.org/siae3bLx/black#62,
00iyx,2kr1b1r/pp3ppp/2p1pq2/6B1/2P3Q1/7P/P4PP1/1R3RK1 b - - 3 19,f6g6 g5d8 g6g4 h3g4,1160,76,97,3542,advantage middlegame short,https://lichess.org/vut9HU3T/black#38,Scandinavian_Defense Scandinavian_Defense_Main_Line
0EaaK,r1br2k1/b1p1npp1/5n1p/1p2p3/4P3/2P2N1P/1PB2PP1/RNB1R1K1 w - - 0 16,f3e5 a7f2 g1f2 a8a1,1618,75,90,1843,advantage discoveredAttack opening short,https://lichess.org/TcBKGKbl#31,Ruy_Lopez Ruy_Lopez_Morphy_Defense
08HOd,3r2k1/2p3p1/p1p2b1B/5P2/4p1R1/6QP/PPq3PK/8 b - - 3 31,d8d7 h6g7 d7g7 g4g7 f6g7 f5f6,2198,76,95,2680,crushing endgame long pin sacrifice,https://lichess.org/Ydf7OnmB/black#62,
0LI2b,8/PR3pp1/6k1/1K5p/8/8/8/r7 b - - 2 45,h5h4 b7b6 f7f6 b6a6 a1e1 a7a8q,1427,74,96,25092,advancedPawn crushing endgame long promotion rookEndgame,https://lichess.org/8soGhpig/black#90,
0Awx6,1r4k1/5pqp/p1pbb1p1/2pp4/5P2/P1NP2Q1/1PP3PP/4RRK1 w - - 1 19,c3a4 g7d4 g1h1 d4a4,976,80,94,1931,advantage fork middlegame short,https://lichess.org/v4iXpGgG#37,Sicilian_Defense Sicilian_Defense_Bowdler_Attack
05Y4u,r4r1k/3qbpp1/p6p/8/2B1b3/P3B1QP/2P3P1/R4RK1 w - - 0 23,f1f7 f8f7 c4f7 e7f6 a1e1 d7f7,2040,76,87,251,advantage discoveredAttack long middlegame,https://lichess.org/HgTpKJGS#45,
05VUp,5R2/p1p3rk/8/3P2qr/8/1P1Q4/P4KP1/8 b - - 6 42,h7h6 f8h8 g7h7 h8h7,807,77,99,2202,endgame mate mateIn2 short,https://lichess.org/7Ha5LGc6/black#84,
020eU,r2qk2r/pbppnppp/8/2b1p3/8/2PB3N/2PP1PPP/R1BQK2R b KQkq - 0 9,e8g8 d3h7 g8h7 d1h5 h7g8 h3g5,1886,77,97,2044,advantage attraction kingsideAttack long opening sacrifice,https://lichess.org/tAzbuJIF/black#18,Kings_Pawn_Game Kings_Pawn_Game_Other_variations
0AKpp,2r1r1k1/1p1nqp1p/p3p1pP/1P2PnN1/P3NP2/2p3P1/5Q2/3RR1K1 b - - 4 28,f5h6 d1d7 e7d7 e4f6 g8g7 f6d7,1619,74,97,19160,attraction crushing fork long middlegame sacrifice,https://lichess.org/AXOHglFW/black#56,
069QP,rnb1k2r/p3ppbp/2pq1np1/3p4/8/1QNBPN2/PP1B1PPP/2R1K2R b Kkq - 3 11,c8e6 b3b7 e8g8 b7a8,1450,77,71,105,advantage middlegame short trappedPiece,https://lichess.org/7drD3ZHT/black#22,Indian_Defense Indian_Defense_Other_variations
08w3m,8/1p4k1/p1q5/2p4Q/3p2P1/3P2r1/PPP5/R4RK1 w - - 1 30,g1h2 c6g2,820,77,99,1117,endgame mate mateIn1 oneMove,https://lichess.org/0EX8IEkp#59,
0JyRK,r1bq2nk/ppppp2r/2n4b/6Q1/3P4/3B4/PPP2PPP/RNB1K1NR w KQ - 3 9,g5h4 h6d2 c1d2 h7h4,1276,76,85,1107,advantage discoveredAttack opening short,https://lichess.org/czN3UR2L#17,Duras_Gambit Duras_Gambit_Other_variations
0POtX,8/7p/6p1/4npk1/8/6P1/5PKP/4N3 b - - 2 40,h7h5 f2f4 g5f6 f4e5,1683,74,95,16952,crushing endgame fork knightEndgame short,https://lichess.org/xoYK3q6x/black#80,
09RTZ,r1b2rk1/pppp1ppp/8/2bPn3/2P3nq/1PNB3P/P3NPP1/R1BQ1RK1 w - - 1 14,h3g4 e5g4 c1f4 g4f2,2346,89,85,388,advantage opening short,https://lichess.org/GNEvstjB#27,English_Opening English_Opening_Kings_English_Variation
0MhDQ,2r1kb1r/p2q1ppp/1pnp1n2/1QpNp3/2P5/4P1Pb/PP1PNPB1/R1B2RK1 b k - 1 11,d7g4 d5f6 g7f6 g2c6,1706,75,94,2314,advantage discoveredAttack middlegame short,https://lichess.org/CzSrpoZf/black#22,English_Opening English_Opening_Symmetrical_Variation
0YXIJ,6k1/4pp1p/p2p2pB/1Pn5/Pb2PP2/1P1R2K1/r4rPP/3R1B2 w - - 7 33,d3f3 c5e4 g3h4 f2f3 g2f3 a2h2,1395,75,96,11731,crushing deflection discoveredAttack long middlegame,https://lichess.org/ETPzoBZo#65,
00YHj,5k2/1p6/8/4p2B/1R2Pp1p/3r1KpP/8/8 w - - 1 50,f3e2 d3e3 e2f1 f4f3 h5f3 e3f3,2362,80,91,8191,crushing endgame long,https://lichess.org/BqUcvzk5#99,
0ABgy,4r1k1/p2b1ppp/8/2PPp1q1/2P2n2/2R5/P2Q2PN/5BK1 w - - 7 35,c3f3 f4h3 f3h3 g5d2,1716,75,96,12352,crushing discoveredAttack master middlegame pin short,https://lichess.org/vTiWuBwc#69,
08Fo5,8/5bp1/6kp/5P2/6PK/4B3/8/8 b - - 0 40,g6f6 e3d4 f6e7 d4g7,1482,75,91,4299,bishopEndgame crushing deflection endgame short skewer,https://lichess.org/ujHprFlB/black#80,
01oGn,N1b4r/pp2kppp/4p3/8/3P4/2q1P3/2pN1PPP/R1Q1KB1R w KQ - 6 19,c1a3 c3a3 a1a3 c2c1q,1202,77,95,4401,advancedPawn crushing middlegame promotion short,https://lichess.org/ZSeuF5Vy#37,Queens_Gambit_Declined Queens_Gambit_Declined_Marshall_Defense
0AGEY,1q1r1n1r/p3bpk1/1p4p1/3p4/3PpNbN/1P2P1P1/PB3RQP/5R1K b - - 1 27,g6g5 f4d5 d8d5 f2f7,2131,76,91,337,crushing discoveredAttack master masterVsMaster middlegame short,https://lichess.org/uCQphxcA/black#54,
07PwL,r7/ppp3k1/6Pp/2q2r1P/2R1pp1Q/4nP2/P7/6RK b - - 0 31,c5c4 h4e7 g7g8 e7h7 g8f8 g6g7,1547,76,95,25397,advancedPawn advantage endgame long,https://lichess.org/0kByKPmj/black#62,
0VNg4,8/2P5/6p1/3Kpk1p/7P/6P1/p7/8 b - - 0 63,a2a1q c7c8q f5f6 c8f8,1987,76,95,13232,advancedPawn endgame mate mateIn2 promotion queenEndgame short,https://lichess.org/vmw1XpV2/black#126,
0Ia1O,r4rk1/1p3pp1/1bnp1q2/3p2NQ/p4BP1/2Pb3P/PP3P2/3R1RK1 b - - 2 21,f6f4 d1d3 f8e8 d3f3 f4g5 h5g5,2107,75,92,426,advantage hangingPiece long middlegame,https://lichess.org/qO2n3csC/black#42,
01s3S,1r6/8/3q1kp1/3p1p2/1P1P3Q/2P5/3n1PPP/4R1K1 b - - 12 35,f6g7 e1e7 d6e7 h4e7,980,78,97,820,crushing endgame short,https://lichess.org/tSH88PE5/black#70,
0K64d,r2qk2r/ppp2pp1/3p1P1p/8/2bnP2B/8/PPP3PP/RN1Q1RK1 b kq - 0 11,c4f1 f6g7 h8g8 h4d8,1384,77,93,1410,advancedPawn crushing discoveredAttack middlegame short,https://lichess.org/yb7v2tqv/black#22,Italian_Game Italian_Game_Rosentreter_Gambit
0S8kx,6k1/5r2/2p3rB/p3p3/1p2P2Q/P2P2N1/1P2n2P/7K w - - 4 28,h6e3 e2g3 h2g3 f7h7 h4h7 g8h7,1764,75,96,12304,advantage endgame long pin,https://lichess.org/QsJvY8xs#55,
0D05g,4kr2/3n3p/2p3p1/p1p1p3/1qP1P3/RP1PN1P1/6KP/2Q5 b - - 1 36,d7b6 e3c2 b4c3 b3b4 a5b4 a3c3,1598,74,95,16306,crushing discoveredAttack endgame long trappedPiece,https://lichess.org/pV5HmmwK/black#72,
0Iyna,1k6/1b2n3/pN2p3/2p1nPp1/8/P4PPP/3q3N/1Q4K1 b - - 0 32,b7f3 b6c4 f3b7 c4d2,1416,75,96,2479,crushing discoveredAttack master middlegame short,https://lichess.org/p1dsbwFr/black#64,
0WQvg,r4rk1/2q2pb1/p5pp/1p1Nnn2/4Q3/1P2B3/1PP2PPP/3RR1K1 b - - 6 21,c7b7 d5f6 g7f6 e4b7,1468,75,97,24128,advantage discoveredAttack middlegame short,https://lichess.org/rBnJPGQ5/black#42,
04Ju3,r3n2k/p5bp/1p1p2p1/2p3qP/2Q1Nr2/5P2/PPP3B1/2KR3R w - - 0 23,h5g6 f4e4 f3f4 g5f4 c1b1 e4c4,1388,76,94,1190,crushing discoveredAttack long middlegame queensideAttack,https://lichess.org/TCZ8vn8n#45,
0CQF4,5r1k/2p2rp1/3p3p/1p2p1q1/1PN1Pn2/2P2P2/3Q2BP/R4RK1 w - - 0 26,c4e3 f4g2 d2g2 g5e3,1962,74,91,2606,crushing discoveredAttack kingsideAttack master middlegame short,https://lichess.org/8oVpSFBA#51,
0D1rh,8/8/6q1/8/8/3KNQ2/6pk/8 w - - 4 67,d3e2 g2g1n e2f2 g1f3,1020,81,92,3401,advancedPawn crushing endgame fork promotion short underPromotion,https://lichess.org/kZJgaWaW#133,
0D0OJ,rn1qkb2/ppp2pp1/4p1p1/3p4/4P1nr/6P1/PPPP1PB1/RNBQ1RK1 w q - 0 9,g3h4 d8h4 d1g4 h4g4,950,78,98,792,advantage opening short,https://lichess.org/0iEHPq8B#17,Kings_Indian_Attack Kings_Indian_Attack_Other_variations
029mV,8/8/5k2/1p4p1/1R1P2K1/6R1/3r2b1/8 w - - 0 37,b4b5 d2d4 g4h5 d4h4,979,83,96,4090,endgame mate mateIn2 short,https://lichess.org/CmXjYv9R#73,
0IEoj,r4rk1/pR3pp1/1n2b2p/3pP3/2p5/2Q3P1/q2NPPBP/1R4K1 b - - 1 22,a8d8 b1a1 d5d4 c3c1 a2a1 c1a1,1812,74,93,1224,advantage long middlegame trappedPiece,https://lichess.org/nzVJWjJZ/black#44,
0RY7Z,4r1k1/p4p1p/4r1p1/2p1Nn2/5QP1/2P4q/P3RP1P/4R1K1 b - - 0 26,e6e5 e2e5 e8e5 e1e5 f5h4 e5e8 g8g7 f4e5,1672,75,93,398,advantage middlegame veryLong,https://lichess.org/LUsRPTNB/black#52,
02KzX,r2q1rk1/5ppp/p1p2b2/2p5/4N1Q1/PP2p3/2PP1PPP/R3K1NR w KQ - 0 14,e4f6 d8f6 f2e3 f6a1,849,93,96,1250,advantage middlegame short,https://lichess.org/f2Y1lE5f#27,Anderssens_Opening Anderssens_Opening_Other_variations
02b3R,5rk1/2p2pp1/p2nbq1p/7r/8/2P1B3/PPQN1PPP/R3R1K1 w - - 6 19,d2e4 f6h4 f2f3 h4h2,2179,74,89,850,advantage kingsideAttack middlegame short,https://lichess.org/Ib8mFep8#37,Giuoco_Piano Giuoco_Piano_Other_variations
0DyM8,2b1r1k1/6p1/1p1p2B1/p2P3P/2Pp4/1P6/8/5RK1 b - - 0 30,e8f8 g6h7 g8h7 f1f8,1289,74,96,8427,advantage deflection endgame master short,https://lichess.org/aSu7Jpbg/black#60,
0BtUA,8/5k2/2R3p1/4PpKp/7P/5rP1/8/8 w - - 0 54,c6g6 f3g3 g5f4 g3g6,727,94,93,2056,crushing deflection endgame rookEndgame short skewer,https://lichess.org/t14uVPOB#107,
02f60,5rk1/3b4/3bpr1p/3p2pP/2pP1qP1/2P2B2/2Q1RRP1/5NK1 b - - 17 39,g8g7 g2g3 f4f3 f2f3 f6f3 c2g6 g7h8 g6h6,2017,76,91,1839,crushing deflection middlegame trappedPiece veryLong,https://lichess.org/E7TaUw5q/black#78,
0HRnT,6k1/pp1n2pp/3q4/2p1p2n/PPR1P3/BQ5P/3r2BK/8 b - - 2 27,h5f4 c4d4 d6e6 b3e6 f4e6 d4d2,1695,74,93,2814,advantage discoveredAttack kingsideAttack long middlegame,https://lichess.org/MiFvJ1iB/black#54,
0CGDp,2k1r2r/ppn4p/2pp2p1/4pNq1/PPP5/3P3P/2Q1BP2/R3K2R b KQ - 0 20,g5f5 e2g4 f5g4 h3g4,729,81,97,636,crushing middlegame pin short,https://lichess.org/o0KJYy2z/black#40,
02Chp,r4rk1/p4pp1/4b2p/2bp4/4qB1Q/6R1/PP2BPPP/5RK1 b - - 5 21,e4e2 g3g7 g8g7 f4h6 g7h7 h6f8 h7g8 f8c5,2488,119,91,1130,attraction crushing discoveredAttack kingsideAttack middlegame sacrifice skewer veryLong,https://lichess.org/ydA7nScx/black#42,
0B6DR,8/8/2p4k/1pP2P2/6KP/8/8/8 w - b6 0 58,h4h5 b5b4 f5f6 b4b3 f6f7 h6g7 f7f8q g7f8,1382,77,96,15449,crushing endgame pawnEndgame quietMove veryLong,https://lichess.org/9It3h3GA#115,
039HH,r2q1rk1/1bp2pbn/p2p2p1/1p3pB1/4P2Q/1PNP1N2/1PP3PP/R4RK1 b - - 2 16,h7g5 f3g5 d8g5 h4g5,960,77,100,217,advantage master middlegame short,https://lichess.org/9vQeVU3U/black#32,Modern_Defense Modern_Defense_Other_variations
0BohJ,5rk1/6pp/n1pq1p2/1p1p1n2/p2P1Q2/P1P2N1P/1P2rPP1/R3R1K1 w - - 0 20,f4d6 e2e1 f3e1 f5d6,1353,75,93,6639,advantage intermezzo middlegame short,https://lichess.org/dQdLZ0HE#39,
05J0M,r3k1r1/pppq1p2/2np1B2/4p2Q/2B1P3/3P4/PPP1RbbK/RN6 b q - 1 14,c6d4 e2f2 d4f3 f2f3 g2f3 h5f3,1611,75,94,4760,advantage hangingPiece long middlegame,https://lichess.org/SkTtJPRz/black#28,Italian_Game Italian_Game_Giuoco_Piano
0284p,6k1/p5N1/6r1/1q1pp2R/4P3/4QK2/5P2/8 b - - 2 38,g8g7 e3a7 g7f6 h5f5 f6e6 a7f7,1327,74,96,16736,crushing endgame exposedKing long,https://lichess.org/oVgCEjRr/black#76,
0C2fE,5r2/2qk1p1p/p1ppbQnP/1p2n3/P3P3/1P4P1/1BP1B1P1/3R2K1 b - - 8 31,c7d8 b2e5 d8f6 e5f6,1589,76,96,15512,advantage master middlegame pin short,https://lichess.org/vyaCNUCH/black#62,
01XK2,3r1rk1/pp3pp1/2p2b1p/4p3/4Pnb1/2P2NN1/PP2BPK1/R1B1R3 w - - 2 19,g2h2 f4e2 g3e2 g4f3,1339,76,91,1188,advantage capturingDefender middlegame short,https://lichess.org/i9qA1ofF#37,
0Kqji,6k1/1b1r4/p3qpPQ/1p5p/8/P1P5/1P1R2P1/5R1K w - - 0 36,d2d7 e6h3 h1g1 h3g2,1429,75,96,12115,endgame mate mateIn2 pin short,https://lichess.org/7W2DPHzG#71,
0MgSk,r6k/p6p/3p1q2/Q3nb2/2rB4/P1P3P1/4PP1P/R3KB1R b KQ - 1 21,c4d4 c3d4 a8e8 d4e5,1150,76,92,321,advantage hangingPiece middlegame short,https://lichess.org/8CS03Mau/black#42,
0GnOR,1k6/1p3p2/4p3/4nr2/3B4/3P4/6KP/5R2 b - - 4 34,f5f1 d4e5 b8c8 g2f1,1193,79,93,5830,crushing endgame hangingPiece intermezzo short,https://lichess.org/CEdFFmWP/black#68,
026gl,1k1nRb1r/ppp2ppp/3q4/6N1/2P3Br/3P4/PP3P2/R1BQ2K1 w - - 8 18,g5f7 d6h2 g1f1 f8c5,2233,80,89,816,clearance crushing middlegame short,https://lichess.org/Ds0F4TTy#35,Russian_Game Russian_Game_Other_variations
0HIyU,rn1q1rk1/pp2ppbp/3p1np1/3N4/4P1b1/2B2N2/PPP1BPPP/R2QK2R b KQ - 2 11,f6e4 c3g7 g8g7 d1d4 e4f6 d5f6 e7f6 d4g4,1403,74,96,33628,advantage attraction capturingDefender fork opening veryLong,https://lichess.org/VfBHvhtb/black#22,London_System London_System_Other_variations
0GMzx,r2qk2r/2p2ppp/p1nbp3/1p3b2/1P1Pn3/P1N1P2P/1BB2PP1/R2QK1NR b KQkq - 2 11,e4f2 e1f2 f5c2 d1c2,1116,79,77,196,advantage hangingPiece opening short,https://lichess.org/JHHeYDDs/black#22,Queens_Pawn_Game Queens_Pawn_Game_Other_variations
01knl,r1b1r1k1/pp3p2/2p3pp/8/2P1BPN1/2P5/P5PP/R4RK1 b - - 0 17,e8e4 g4f6 g8f8 f6e4,810,79,100,310,advantage endgame fork short,https://lichess.org/0hq2kxlO/black#34,Kings_Indian_Defense Kings_Indian_Defense_Orthodox_Variation
0NAhF,5r1k/p1p3pp/8/6q1/3QP3/PN1P2nP/P1P3P1/4R1K1 w - - 1 29,d4e3 f8f1 g1h2 f1h1 e1h1 g5e3,1569,76,97,15645,crushing deflection endgame long,https://lichess.org/cxnLKdwb#57,
0TU4Z,5r2/1p1bq1k1/p2p1np1/P1pPp1Qn/2P1P3/3B1R1P/1P2N2K/5R2 w - - 13 33,f1g1 f6g4 g1g4 e7g5 g4g5 f8f3,1721,75,96,6924,advantage discoveredAttack long middlegame,https://lichess.org/bK313Vx5#65,
08j3h,7k/ppp3pp/4pn2/1QP2p1P/4q3/3R4/PP3r2/K2B4 b - - 4 35,e4e5 d3d8 f6g8 d8g8 h8g8 b5e8,1389,79,96,25013,attraction endgame long mate mateIn3 sacrifice,https://lichess.org/XXcb2spr/black#70,
095H2,3rr1k1/pp3ppp/8/8/2P1pqP1/1P2R3/PQ3PP1/4R1K1 b - - 0 26,f4g4 e3g3 g4g3 f2g3,1279,76,93,10516,advantage endgame master short,https://lichess.org/0R2RkYXu/black#52,
07y73,8/4R3/1p3rp1/5k2/1P1p1r2/3R1PK1/7P/8 b - - 2 36,f6c6 e7f7 f5e5 f7f4,981,84,93,1820,crushing endgame rookEndgame short,https://lichess.org/odiDfJWR/black#72,
0Ckr9,r7/pp6/5k2/2q1pn2/2P5/2N2P2/PPP3PP/R2QR1K1 w - - 1 27,g1h1 f5g3 h2g3 a8h8,964,77,96,8025,mate mateIn2 middlegame sacrifice short,https://lichess.org/jOxJELVi#53,
0ToKH,r3kb1r/1p1b1ppp/pqn1p3/3pPn2/Q2P4/4BN2/PP2BPPP/RN1R2K1 b kq - 6 12,c6d4 e3d4 d7a4 d4b6 a4d1 e2d1,1524,75,84,483,advantage long opening,https://lichess.org/wHlGtjWF/black#24,Sicilian_Defense Sicilian_Defense_Modern_Variations
0JnP1,8/R1R3pk/7p/5p2/4p2P/4P1P1/4bP2/1r4K1 w - - 3 41,g1g2 e2f3 g2h3 b1h1,1358,75,96,23767,endgame mate mateIn2 short,https://lichess.org/NhseN71y#81,
0Lvsj,6k1/3qbbp1/2n2p1p/pp1Np3/1Pp1P3/P1P2PNP/2B3P1/3Q2K1 b - - 0 31,a5b4 d5f6 g7f6 d1d7,1616,75,96,27645,crushing discoveredAttack kingsideAttack middlegame short,https://lichess.org/uLe22bFn/black#62,
0Z9p2,8/5p1k/6p1/5r1p/1RP5/1P3P1P/r4K2/6R1 w - - 1 39,f2g3 f5g5 g3f4 g5g1,1260,80,93,1922,crushing endgame rookEndgame short skewer,https://lichess.org/oC44QvWv#77,
0DTsJ,6k1/1p1r4/2b5/2R5/6p1/3B2P1/PP3p1P/5K2 w - - 1 39,c5c3 d7d3 c3d3 c6b5 f1f2 b5d3,1339,75,92,1100,advantage attraction endgame long pin sacrifice,https://lichess.org/1s1Uqnry#77,
01bzW,5r1k/6p1/2BR3p/1Nn5/p7/P4PPn/1P2r2P/3R2K1 w - - 1 33,g1h1 h3f2 h1g1 f2d1,901,81,96,1805,advantage fork master middlegame short,https://lichess.org/sOzJkv67#65,
02wgI,2kr1b1r/1ppq2pp/p1n2p2/4Pn2/6b1/1BP2N2/PP2QPPP/RNB1R1K1 b - - 0 12,c6e5 f3e5 g4e2 e5d7,1230,77,96,168,advantage opening short,https://lichess.org/i3Afdl6l/black#24,Ruy_Lopez Ruy_Lopez_Cozio_Defense
02nxc,r3k2r/pp1q3p/4p1p1/2bN4/P5Pn/8/RPP4P/2BQR2K b kq - 0 19,d7c6 e1e6 c6e6 d5c7 e8f7 c7e6,980,80,96,570,advantage attraction exposedKing fork long middlegame sacrifice,https://lichess.org/FZ8OHv03/black#38,
03XGG,1b3r1k/p5p1/4Q2p/3p2p1/5q2/5P2/P6P/4RR1K w - - 1 27,e6d5 f4h2,990,78,96,1685,endgame mate mateIn1 oneMove,https://lichess.org/sLnisiS6#53,
0AFcN,r4r2/5pk1/2q1p1P1/2p1P1N1/1pPb3Q/7P/P6K/3R1R2 b - - 2 29,d4e5 h2g1 e5h2 g1h2 a8a2 f1f2 a2f2 h4f2,1789,75,87,191,advantage defensiveMove middlegame veryLong,https://lichess.org/GBwOExp4/black#58,
0VOju,r3k1nr/ppp1qpBp/2nb4/1B1p4/5Pb1/1P2Pp2/P1PP2PP/RN1Q1RK1 w kq - 0 9,g7h8 f3f2 f1f2 g4d1,1552,75,89,2588,advancedPawn crushing discoveredAttack middlegame short,https://lichess.org/Pzm8qmH7#17,Nimzo-Larsen_Attack Nimzo-Larsen_Attack_Modern_Variation
03lc6,2r2rk1/p3p2p/1pq3pP/8/1P3P2/2bPQP2/2R1P1K1/4R3 b - - 0 30,c6d7 c2c3 c8c3 e3e5 f8f6 e5c3,1815,75,95,3636,advantage attraction long master middlegame sacrifice,https://lichess.org/SDWbCRqr/black#60,
0NklK,2kr4/ppp2pp1/4pnp1/q7/3nN3/1P1Q2NP/P1Pb1PP1/R4RK1 w - - 4 19,d3d2 d4f3 g2f3 d8d2 e4d2 a5d2,1514,76,95,26709,advantage discoveredAttack long middlegame,https://lichess.org/whjZTJe4#37,Scandinavian_Defense Scandinavian_Defense_Main_Line
0J66z,r1b2q1k/pp2br1P/2p1p3/4Pp2/3PN1Q1/1B1n1N2/PP1K1PP1/R6R w - - 0 22,g4g3 f5e4 g3g8 f8g8 h7g8b h8g8,1789,75,92,1075,advantage hangingPiece long middlegame,https://lichess.org/EcoBFwgU#43,
04zd4,2R5/p4krp/2p5/2P2p2/1P6/P6K/8/8 b - - 4 41,f5f4 c8c7 f7f6 c7g7,1068,88,93,7483,crushing endgame rookEndgame short,https://lichess.org/eRoVOaAA/black#82,
03oAe,4Rr1k/pp3pr1/3p2q1/5bn1/3Q4/1BP1R2P/PP3PP1/5K2 b - - 12 31,f8e8 e3e8 h8h7 d4h4 g6h6 e8h8 h7h8 h4h6,1286,75,92,513,advantage attraction deflection exposedKing kingsideAttack middlegame veryLong,https://lichess.org/xISXsytB/black#62,
07oPk,8/6p1/5p2/4p1p1/1Q2k3/1P2n2P/6PK/2r5 b - - 1 45,e4f5 g2g4 f5e6 b4b6 e6d5 b6e3,1381,75,95,14598,advantage endgame fork long,https://lichess.org/AlBh6DUH/black#90,
0E41n,r1bqk2r/pp2bppp/3p1n2/4p1N1/2Q5/8/PPPP1PPP/RNB1K2R w KQkq - 0 9,g5f7 d6d5 f7d8 d5c4,1518,74,92,1204,advantage opening short,https://lichess.org/BUx3tLRL#17,Italian_Game Italian_Game_Two_Knights_Defense
03E3Y,2rr2k1/p6p/1p4p1/5p2/4pP2/PN4P1/1P4NP/1K5R w - - 0 25,g2e3 d8d3 h1e1 d3b3,1153,74,97,3713,crushing endgame fork short,https://lichess.org/1YHHjVUA#49,
0W6FL,r2qr1k1/pp2bp2/2p2P1p/3p4/7P/2P2RB1/PP2Q1P1/4R1K1 b - - 0 24,e7f6 e2e8 d8e8 e1e8 a8e8 f3f6,1374,75,93,752,advantage kingsideAttack long middlegame,https://lichess.org/0LeGXXK0/black#48,
00R0l,rnbqkb1r/pp3p1p/6pP/P1ppp3/6n1/3P1P2/1PP1P1P1/RNBQKBNR b KQkq - 0 7,g4h6 c1h6 f8h6 h1h6,1306,77,88,1493,advantage opening short,https://lichess.org/y06s0jL8/black#14,Ware_Opening Ware_Opening_Other_variations
08WZb,4r1k1/p5pp/2Q2pb1/3p4/3q1b2/P1N4P/BP1r2P1/2R2R1K b - - 0 28,d2b2 c6d5 d4d5 a2d5 g8h8 f1f4,2362,88,88,767,advantage kingsideAttack long middlegame,https://lichess.org/K1w917Xy/black#56,
0MCw0,8/3r1qbk/4R1pp/pn3n2/2BP1p2/2P2P1P/1P3BP1/4Q1K1 b - - 0 36,b5d6 e6d6 f5d6 c4f7,1296,75,94,836,advantage discoveredAttack master middlegame short,https://lichess.org/XtwZKyNg/black#72,
0I3Vy,r2q2k1/1b1n1r1p/pp1pQ1p1/2pP1p1n/P1P2P2/2PB3P/6PN/R1B2RK1 w - - 2 17,e6d6 f7f6 d6e5 d7e5,1417,75,88,2803,advantage middlegame short trappedPiece,https://lichess.org/SwM1mYdu#33,Sicilian_Defense Sicilian_Defense_Other_variations
04YPD,r4k2/1ppR2p1/8/1PP5/5P1p/Pp5P/1Kb3P1/3n1NR1 w - - 5 30,b2c1 a8a3 d7d1 a3a1 c1b2 a1d1,2067,75,85,535,crushing deflection endgame exposedKing long queensideAttack sacrifice skewer,https://lichess.org/xugWCjBX#59,
04R0B,1r2r2k/6b1/p2pp3/7q/2p1NP2/P3R3/1PPB2Q1/6K1 b - - 5 33,g7d4 d2c3 d4c3 e3h3,2053,74,93,7330,advantage middlegame pin sacrifice short,https://lichess.org/c3om4oO7/black#66,
0HcIw,7r/3bkpb1/4p2p/N2p2P1/1P1P3P/P4q2/3Q1P2/2KR3R w - - 0 28,b4b5 f3a3 d2b2 a3a5,1188,75,87,367,advantage deflection middlegame queensideAttack short,https://lichess.org/ozLzsQyj#55,
04knM,5nr1/1p3k1p/pr2pp2/3p1P2/3P3P/2P2N1K/1P2R3/4R3 b - - 4 31,e6f5 e2e7 f7g6 e1g1 g6h6 g1g8,1235,73,96,15204,crushing endgame long skewer,https://lichess.org/Hav8Ldim/black#62,
0WSgB,1n3b1r/1bN4p/pB1p1k2/4p1p1/3N4/2P3P1/P1P2P1P/2KR4 b - - 2 23,e5d4 b6d4 f6f7 d4h8,1269,75,97,780,advantage middlegame short skewer,https://lichess.org/eNzlXG6z/black#46,
00Nhl,5r1r/pR5p/k1ppb1n1/4p1Q1/N3P3/1P1P4/P1P3PP/6K1 w - - 1 23,b7h7 g6f4 g5f4 e5f4 h7h8 f8h8,2254,76,95,1850,advantage long middlegame,https://lichess.org/BEOTFmYh#45,
0ZzhM,r3kb1r/pp3pp1/n3pnbp/qNpp4/3P1BPP/2P1PP2/PP6/R2QKBNR w KQkq - 1 10,f1d3 g6d3 d1d3 c5c4 d3c2 a5b5,1477,79,95,25245,advantage interference long middlegame,https://lichess.org/iwLspB6Y#19,Rapport-Jobava_System Rapport-Jobava_System_Other_variations
0RNyo,2kr1b1r/pppqnppp/2n5/3NP3/2P1P1b1/P2p1N2/1P3PPP/R1BQKB1R b KQ - 2 11,c6e5 f3e5 g4d1 e5d7,1209,76,100,114,advantage hangingPiece master masterVsMaster opening short,https://lichess.org/E7x6AV6U/black#22,Queens_Gambit_Declined Queens_Gambit_Declined_Albin_Countergambit
03W5g,4r1k1/pp1n1r1Q/6p1/2p5/2B2P2/1P2P1R1/PB1q3P/2R2K2 b - - 0 28,g8h7 g3h3 h7g8 h3h8,1547,76,97,22078,mate mateIn2 middlegame pin short,https://lichess.org/h1E4CUel/black#56,
0Rh39,r7/pp3pk1/1np1b1p1/3pP1Np/2q5/2P1Q3/PPB2PP1/4R1K1 b - - 7 22,b6d7 g5e6 f7e6 e3g5 c4g4 g5e7,1751,75,93,3551,clearance crushing long middlegame,https://lichess.org/mqMy17bM/black#44,
03Sv4,r1b2rk1/2q2ppp/p1n2n2/1p1p4/1b6/1NN1BP2/PPPQ2PP/1K1R1B1R w - - 0 13,c3d5 f6d5 d2d5 f8d8 d5d8 c6d8,2010,75,92,1641,advantage long master opening,https://lichess.org/vbsgXZey#25,Sicilian_Defense Sicilian_Defense_Taimanov_Variation
02zVb,r2q1r2/p5k1/3b1ppp/1p1p4/2pP4/P1P2Q1P/1P1N1PP1/R3R1K1 w - - 0 24,f3d5 d6h2 g1h2 d8d5,970,81,90,381,advantage discoveredAttack middlegame short,https://lichess.org/1jp7XnRC#47,
0YRTm,r1b1Q3/2p5/2rp1k1p/pp2nN2/6P1/7P/PP3P2/1K1RR3 w - - 0 27,f2f4 c8f5 g4f5 a8e8,1470,76,97,5948,advantage discoveredAttack middlegame short,https://lichess.org/9ceJsMF3#53,
0HMDk,r1bq1rk1/pp2n1p1/4p2p/3p4/3PnN2/3B1N2/PP3PPP/R2Q1RK1 w - - 0 16,d3e4 d5e4 f3e5 f8f4,1201,77,92,465,advantage opening short,https://lichess.org/QchKR6o7#31,French_Defense French_Defense_Tarrasch_Variation
0E2Ts,rnb1kb1r/pp1p1ppp/4pn2/8/N2P1B2/8/Pq2PPPP/2RQKBNR b Kkq - 1 7,b2b4 f4d2 b8c6 d2b4 f8b4 a4c3,1650,77,94,4328,advantage defensiveMove long opening,https://lichess.org/90WqpFl8/black#14,Indian_Defense Indian_Defense_Other_variations
0LiLg,8/8/N1BQ4/6p1/3k1p2/2b3n1/2K5/4q3 b - - 8 59,d4e3 d6d3 e3f2 d3f3 f2g1 f3g2,1890,75,95,13515,endgame long mate mateIn3,https://lichess.org/kQry5xxW/black#118,
03MDl,4rr2/ppR3p1/3pq1k1/4p1p1/8/1P1Q3P/P6P/5R1K b - - 9 32,f8f5 f1f5 e6f5 c7g7 g6f6 g7f7 f6f7 d3f5,1755,74,95,12992,attraction crushing deflection endgame veryLong,https://lichess.org/gVZpRZ4H/black#64,
0U59S,1k1r3r/1p1b2pp/p7/n2p4/3q1R2/2NB4/PPQ3PP/5R1K b - - 3 21,d4c5 b2b4 c5c7 b4a5,1736,74,94,10127,advantage fork middlegame short,https://lichess.org/iuQTBLUu/black#42,
0EUKq,8/2r3k1/R1p2ppp/1pNn4/3P4/7P/5PP1/5K2 b - - 3 42,d5b4 c5e6 g7f7 e6c7 b4a6 c7a6,807,75,100,134,advantage endgame fork long master,https://lichess.org/TRzdTBqA/black#84,
0LcbS,5rk1/1p1Q2pp/8/2P1p3/1P3qp1/P1B4r/2R1RPK1/8 w - - 0 31,d7e6 g8h8 e6d5 f4h2,1774,74,82,508,advantage defensiveMove middlegame short,https://lichess.org/OLNFi8DG#61,
0Hid7,1r4k1/3q3p/6p1/p6r/P2P1p2/1P2P3/2Q2PR1/2R3K1 w - - 0 30,g2g6 h7g6 c2g6 d7g7,1170,79,92,2902,advantage endgame pin short,https://lichess.org/chzQhARf#59,
0W8OQ,5k2/6R1/5Kpp/4P3/5P1P/8/5r2/8 w - - 6 48,e5e6 f2f4 f6g6 f4g4 g6h6 g4g7 e6e7 g7e7,1355,74,97,20886,crushing endgame rookEndgame veryLong,https://lichess.org/jzG8GCWG#95,
0C9bX,2r2b1r/ppkbq1p1/3R1p1p/2BQp3/1P2P3/P7/2P1BPPP/2K4R w - - 5 19,c5a7 e7d6 d5a5 b7b6,1044,80,92,2675,advantage middlegame short,https://lichess.org/y7Gz2z98#37,Sicilian_Defense Sicilian_Defense_Open
0Ctom,5k2/5p1p/2Np2p1/1P1r4/8/3BK3/8/8 b - - 1 41,f8e8 b5b6 e8d7 b6b7,1337,76,95,18340,advancedPawn crushing endgame master short,https://lichess.org/tRQKu2wC/black#82,
0DtuR,r5k1/1p4Bp/p1p3p1/4pq2/4N2Q/1P1P2P1/1PP3PK/r7 b - - 0 23,f5h5 e4f6 g8g7 f6h5,984,85,94,721,advantage endgame fork master short,https://lichess.org/I7SBQOC1/black#46,
098uM,r1bq1rk1/1pp2pp1/pb1p1n1p/4p3/1PBnP3/P1NPBN1P/2P2PP1/R2Q1RK1 w - - 3 12,c3a4 d4f3 d1f3 b6e3 f3e3 b7b5,1409,74,87,2677,advantage discoveredAttack kingsideAttack long middlegame,https://lichess.org/4D8MDUQC#23,Italian_Game Italian_Game_Anti-Fried_Liver_Defense
02MML,rnb1k2r/pppp1ppp/8/4P3/2B1q3/5Nn1/PPP4P/RNBQK2R w KQkq - 2 9,e1f2 g3h1 d1h1 e4c4,1260,76,94,13007,advantage opening short,https://lichess.org/fJnNpt8E#17,Bishops_Opening Bishops_Opening_Ponziani_Gambit
01U3J,r3q1k1/p5b1/npp3p1/3n1pB1/Q1b1p3/2N1PP1P/PP4BN/3R2K1 b - - 1 24,a6b4 c3d5 c6d5 a4b4,1367,76,81,716,advantage capturingDefender middlegame short,https://lichess.org/S7dtyWl6/black#48,
0MNxd,r4rk1/1p3ppp/p1b1p3/3pq3/6Q1/P3B3/1P3PPP/R3R1K1 b - - 3 18,e5b2 e3d4 b2d4 g4d4,1408,78,94,18198,advantage middlegame short,https://lichess.org/1MhCI4KD/black#36,Sicilian_Defense Sicilian_Defense_Old_Sicilian
0WOvq,1r2k3/p1p1nr2/1p3p2/4p2Q/1P6/PqPR4/5PPP/4R1K1 b - - 3 30,b8d8 h5h8 f7f8 d3d8 e8d8 h8f8,1280,75,97,2699,attraction crushing exposedKing long middlegame,https://lichess.org/b8SlXd8d/black#60,
01tjv,4rr1k/2p3pp/p2P4/1p3p2/1P4n1/1BP1qP1R/P4QP1/R5K1 w - - 0 25,f3g4 e3f2 g1f2 f5g4 f2g1 g4h3,1300,76,97,25743,advantage discoveredAttack intermezzo kingsideAttack long middlegame,https://lichess.org/HIXIuFaM#49,
0JkUu,r2q1rk1/1ppb1p1p/p1Bb2pQ/3N1p2/3PpN2/8/PPP2PPP/R4RK1 b - - 0 13,d7c6 f4h5 g6h5 d5f6 d8f6 h6f6,1760,74,96,2109,advantage kingsideAttack long middlegame quietMove sacrifice,https://lichess.org/2IgxT3fk/black#26,Blackmar-Diemer_Gambit Blackmar-Diemer_Gambit_von_Popiel_Gambit
0M0sP,r1bq1rk1/p4pb1/1p3n1p/n2NB1p1/3Q4/5N2/PP2BPPP/3R1RK1 b - - 0 16,a5c6 d5f6 d8f6 e5f6 c6d4 f6d4,1848,75,99,582,advantage kingsideAttack long middlegame,https://lichess.org/75FfXmz9/black#32,Benoni_Defense Benoni_Defense_Other_variations
0Bb3q,5r1k/p1b3pp/1p4n1/1PpQp1q1/2Pp1P2/P2P2P1/2N1R1K1/5R2 b - - 0 30,g6f4 f1f4 f8f4 d5a8 g5d8 a8d8 c7d8 g3f4,1392,75,93,2602,crushing middlegame sacrifice veryLong,https://lichess.org/ArVKZVGt/black#60,
06ojO,rn1qkb1r/pp3ppp/8/2pp3b/3pn3/1BP2N1P/PP3PP1/RNBQR1K1 b kq - 0 9,b8c6 c3c4 f8e7 c4d5,2589,116,91,1110,advantage opening short,https://lichess.org/9jkrkQjP/black#18,Bishops_Opening Bishops_Opening_Urusov_Gambit
0Q92G,2k5/p6p/1b1pPq2/1bpQ3p/2P5/5P2/P4P2/R4K2 b - - 0 32,b5e8 d5a8 c8c7 a8e8 f6a1 f1g2,1284,75,97,761,advantage endgame long sacrifice skewer,https://lichess.org/wzH9GMWk/black#64,
06Zmc,1k1r3r/pppb1pp1/2n2b1p/4p3/1P2B3/2P1BN2/P4PPP/R2R2K1 b - - 0 15,b7b6 d1d7 d8d7 e4c6,1503,74,92,538,advantage capturingDefender middlegame short,https://lichess.org/1fnMAGnL/black#30,Ponziani_Opening Ponziani_Opening_Jaenisch_Counterattack
0M6m5,r6r/4kpp1/p3qn2/2Qp4/4p3/4P1Pp/PPPR1P1N/3R2K1 b - - 0 22,e7d7 d2d5 f6d5 d1d5 d7e8 d5e5,1256,74,97,9146,crushing exposedKing long middlegame pin,https://lichess.org/hbbrDPaH/black#44,
05LvB,6k1/p7/1p2r2p/5qPQ/2Pbp3/P5P1/4RPB1/6K1 b - - 0 28,h6g5 g2h3 f5g6 h3e6,1955,75,91,539,crushing endgame short skewer,https://lichess.org/8elbK6uP/black#56,
0CAjn,r6k/6p1/p4r1p/Pp4NQ/1q6/8/6PP/R4R1K w - - 0 38,f1f5 f6f5 g5f7 f5f7,1005,80,96,1750,advantage hangingPiece middlegame short,https://lichess.org/cqlpXwbP#75,
0CRa4,1k6/2r1q2p/1Q5p/p2pN3/8/2P5/PP4bP/2K5 b - - 16 38,c7b7 e5c6 b8c8 c6e7,868,93,95,2579,crushing endgame fork master short,https://lichess.org/6kOMrRIn/black#76,
0HRop,3r2k1/pbp2Nbp/1p2pnp1/1Pq3B1/P7/1QN5/5PPP/4R1K1 b - - 0 23,g8f7 b3e6 f7f8 g5f6 g7f6 e6f6,1368,75,92,2205,crushing deflection long middlegame,https://lichess.org/KZrXfMae/black#46,
0Buab,2kr4/pp6/2p4p/5Q2/4N2b/8/PPP2PP1/1KBq4 b - - 1 25,c8b8 f5f4 b8a8 f4h4,1277,74,93,12636,crushing endgame fork short,https://lichess.org/qOCFb0kC/black#50,
0BGvj,5R2/k7/p1pN4/Bp2p3/3bP3/3P4/P2r4/K1R5 w - - 2 33,a1b1 d2b2 b1a1 b2b4 c1c3 d4c3,2079,77,95,11307,discoveredAttack endgame long mate mateIn3,https://lichess.org/XMHx23Gh#65,
0D2Yq,r6r/pp2k2p/3b1pp1/2p1p3/1nP1P3/4BP1P/PP1RBP2/2K3R1 b - - 5 17,b4a2 c1b1 a2b4 g1d1 h8d8 d2d6,1882,74,94,10154,advantage defensiveMove long middlegame quietMove,https://lichess.org/6weV3OU5/black#34,Kings_Pawn_Game Kings_Pawn_Game_Maroczy_Defense
0Ejxh,8/2k5/7R/p1P2BB1/2b2P1P/P3b3/7r/2K5 w - - 5 42,c1b1 c4a2 b1a1 e3d4,1559,74,97,17710,endgame mate mateIn2 short,https://lichess.org/lhNFMZmb#83,
00nl3,6R1/1p4p1/p1k4p/3p4/PP2p1P1/2b1P3/6K1/8 b - - 2 37,b7b5 g8c8 c6b7 c8c3,820,79,89,273,advantage endgame master short skewer,https://lichess.org/WVBshO34/black#74,
0AO7M,3r2k1/1p2bppp/pqb1pn2/4B3/8/P1N4P/1PB1QPPK/2R5 b - - 4 21,b6b2 c2h7 g8h7 e2b2,1412,77,93,4838,advantage discoveredAttack master middlegame short,https://lichess.org/tdGyT9m2/black#42,
0REpQ,rn6/ppp4p/3p2p1/7k/2P2Qb1/1P1B3P/P5PK/4q3 b - - 0 26,e1e5 h3g4 h5h4 g2g3,1504,75,97,24405,endgame mate mateIn2 short,https://lichess.org/nmqov3qw/black#52,
0VoBj,r2qk2r/ppp2ppp/2np4/4p1b1/2B1PPn1/2N5/PPPP4/R1BQ1RK1 w kq - 0 11,f4g5 d8g5 f1f5 g5h4,1600,75,93,274,advantage defensiveMove opening short,https://lichess.org/MjKC9ftJ#21,Kings_Gambit Kings_Gambit_Other_variations
0KCeN,1r4k1/pB3r2/1p2QBp1/2p1P2P/3P4/2P1q3/PP4KP/8 b - - 1 30,b8b7 e6e8 f7f8 e8g6 b7g7 g6g7,1220,78,95,20488,endgame exposedKing long mate mateIn3 skewer,https://lichess.org/smthdyWP/black#60,
01yHG,6r1/ppR2pr1/1q1pk3/4p3/P6p/1P3Q1P/5PB1/2R3K1 w - - 5 34,g1h2 g7g2 f3g2 g8g2,833,85,86,211,advantage middlegame short,https://lichess.org/7VfaP9Wq#67,
01Hgu,2k5/p1p5/r6q/3b4/8/3P4/PPP2P1P/R1B2RK1 w - - 0 31,c1h6 a6g6 h6g5 g6g5,986,82,94,6107,endgame fork mate mateIn2 short,https://lichess.org/9laF2Tml#61,
01UyQ,4r3/3NP1kp/2p2Rp1/5p2/8/2rp3P/5PP1/4R1K1 w - - 2 34,f6f8 d3d2 e1d1 c3c1 g1h2 c1d1,1709,76,95,12839,advancedPawn crushing endgame long pin,https://lichess.org/4Rze3FMZ#67,
0Mmnz,1k1r4/4q1p1/1Q5p/3p4/8/6P1/P7/2KRr3 b - - 0 44,e7b7 b6d8 b7c8 d8c8 b8c8 d1e1,1131,78,96,12393,crushing endgame exposedKing hangingPiece long,https://lichess.org/ALQAVXdo/black#88,
05DKu,r5k1/pp3r2/1q6/3Q4/1P6/P1Bp1P1P/5R1K/2R5 w - - 3 37,d5d3 b6f2 h2h1 f2f3 d3f3 f7f3,1820,74,97,713,advantage hangingPiece long middlegame,https://lichess.org/KJBabYyH#73,
0E01b,8/3Rb1kp/2p2pn1/7Q/8/4q1N1/r5PP/3R3K w - - 1 27,h2h3 e3g3 h5g4 g3g4,1536,76,85,164,advantage hangingPiece middlegame short,https://lichess.org/UqGGbzMC#53,
02OZP,rn1qk2r/1pp1npp1/pb2p2p/3pP2b/1P1P4/P1N2N1P/2PBBPP1/R2QK2R w KQkq - 1 12,c3a4 h5f3 e2f3 b6d4,1121,80,94,1848,advantage capturingDefender middlegame short,https://lichess.org/NcXRma9u#23,Scandinavian_Defense Scandinavian_Defense_Other_variations
02bHR,r2qkbnr/1n1bpppp/p2p4/3P4/1B2P3/5N2/1P3PPP/RN1QKB1R w KQkq - 1 11,a1a6 a8a6 f1a6 d8b6,1410,75,93,1326,advantage opening short,https://lichess.org/yR9FvAmd#21,Sicilian_Defense Sicilian_Defense_Alapin_Variation
0O0fe,3r4/4Nkp1/p2nRp2/2p5/3p4/1P3P1P/P1P2KP1/8 w - - 4 37,e7c6 f7e6 c6d8 e6d7,1685,75,95,11377,advantage endgame short,https://lichess.org/Ck3o1yqG#73,
0NZ2q,r5k1/6p1/P4p2/8/3P3Q/6P1/1Pq1PP1P/R5K1 w - - 1 40,a1a2 c2b1 g1g2 b1a2,1354,74,96,15344,advantage endgame fork short,https://lichess.org/sTbwLxYk#79,
07GSL,1k2N3/p4r2/1p3p2/3R1P1p/7P/1P5b/1K6/8 b - - 2 50,f7f8 d5d8 b8b7 e8d6 b7c6 d8f8,932,76,100,173,advantage discoveredAttack endgame long,https://lichess.org/4Xpmc90c/black#100,
0CML1,3r4/6kp/4p3/2p2pP1/1p3P2/1P1bP1R1/PQ1K4/7q b - - 1 31,g7g6 b2f6 g6h5 f6h6,1056,78,96,4794,endgame fork mate mateIn2 short,https://lichess.org/faRdpfnx/black#62,
09pnA,2r3r1/2pbq2k/1p5p/p1nPB2P/2P1PPp1/6Q1/PPB5/2K3R1 b - - 1 29,c5b7 e5f6 e7f6 e4e5 d7f5 e5f6,1923,74,93,577,advantage attraction discoveredAttack long middlegame sacrifice,https://lichess.org/cHLmQ7aQ/black#58,
0ISrq,r1q2rk1/pp2bpp1/2n4p/2pBP3/4n3/2PQBN2/PP3Pb1/RN2R1K1 w - - 0 16,d3e4 c8h3 f3h2 g2e4,1251,77,88,144,advantage opening short,https://lichess.org/64JKNprY#31,Sicilian_Defense Sicilian_Defense_Modern_Variations
0EwHy,4r1k1/1pq2pp1/6p1/3Rp1Q1/1p6/2r2P1P/PKPR1P2/8 b - - 5 24,e8c8 d5d8 c7d8 d2d8 c8d8 g5d8,895,79,99,908,advantage endgame long,https://lichess.org/NnIOwZes/black#48,
0EqRt,r3k2r/ppp1q3/3pp1pb/4p1Np/3nP1n1/N2P3Q/PPP2PPP/R1B1K2R w KQkq - 1 13,f2f3 h6g5,1337,76,66,215,advantage middlegame oneMove,https://lichess.org/cAy36lGe#25,Kings_Pawn_Game Kings_Pawn_Game_Wayward_Queen_Attack
04Ciw,8/pp1R2pp/2n2p2/2k5/5P2/1B5P/Pr4P1/6K1 b - - 2 30,c6d4 d7d5 c5c6 d5d4,1561,75,96,10494,advantage deflection endgame short,https://lichess.org/k33u1ocL/black#60,
03LVu,r2qkb1r/ppp2ppp/4b3/8/Q1n5/4PN2/PP2B1PP/R1B2RK1 b kq - 1 12,d8d7 a4d7 e6d7 e2c4,1326,77,88,943,advantage opening short,https://lichess.org/JAHAT8fn/black#24,Queens_Gambit_Declined Queens_Gambit_Declined_Albin_Countergambit
019Qi,3k4/p1pp3p/1p3K2/8/5P2/8/8/8 b - - 4 44,d8e8 f6g7 h7h5 f4f5 h5h4 f5f6,1142,77,94,12521,crushing endgame long pawnEndgame quietMove,https://lichess.org/xENaK26y/black#88,
0Dxl8,3r1r2/pp5k/5pRp/q2n4/3Q4/2PP1P2/P1PK1P1P/6R1 b - - 5 23,d8d7 g6h6 h7h6 d4h4,1675,78,96,23447,attraction mate mateIn2 middlegame sacrifice short,https://lichess.org/Ps26ucFq/black#46,
0J02L,5r1k/1p2QBqp/2b5/2P5/1P2p3/P3P3/5PPP/R2R2K1 w - - 3 30,d1d8 g7a1 d8d1 a1d1,1148,78,95,6356,backRankMate hangingPiece mate mateIn2 middlegame short,https://lichess.org/9u1d4fAM#59,
0CW2P,r2q1k2/ppp3pp/2nb1R2/8/3Pp3/1QP5/PP1N2PP/R6K b - - 0 17,d8f6 a1f1 e4e3 f1f6 g7f6 d2f3,1854,75,94,9595,advantage defensiveMove long middlegame pin,https://lichess.org/olQJxRSG/black#34,Kings_Gambit_Declined Kings_Gambit_Declined_Falkbeer_Countergambit
0EAGu,r4rk1/1ppnq1p1/p7/3pp2P/P4PP1/2P3Q1/1P1N1P2/R3K2R w KQ - 0 22,h5h6 e5f4 e1d1 f4g3,1152,74,96,9032,crushing discoveredAttack middlegame short,https://lichess.org/h0rY82Op#43,
05HRv,r2qkb1r/pp3ppp/4bn2/2p1Q3/3pPP2/3P4/PPP1N1PP/RNB2RK1 w kq - 1 12,f4f5 f8d6 e5d6 d8d6,1448,74,92,3796,advantage opening short trappedPiece,https://lichess.org/eCaw4XDM#23,Scandinavian_Defense Scandinavian_Defense_Other_variations
07B8q,2r2rk1/4Rpp1/8/1N6/p1BP3P/2P5/P7/6K1 w - - 3 33,e7c7 c8c7 b5c7 f8c8 c4d5 c8c7,989,77,95,551,advantage clearance endgame long,https://lichess.org/LfPEzUGS#65,
0KGCt,r1bqkb1r/pp2n1pp/2n1pp2/1B1pN3/3P4/5Q2/PPP2PPP/RNB1K2R w KQkq - 0 8,f3h5 g7g6 e5g6 e7g6,1179,82,93,936,advantage opening short,https://lichess.org/txaX4sjE#15,Caro-Kann_Defense Caro-Kann_Defense_Other_variations
0CQeO,r4rk1/pp3pp1/2p4p/q2pP3/3P4/2P2b2/PP1Q1B1P/R3K1R1 b Q - 2 22,g7g5 g1g5 h6g5 d2g5,1188,77,88,137,crushing kingsideAttack middlegame sacrifice short,https://lichess.org/c0CiVByB/black#44,
0NDKt,1r5r/p1p1pkb1/2p1bnpp/8/3q4/2NB1P2/PBP3PP/1R1Q1R1K b - - 7 15,b8b2 d3g6 f7g6 d1d4,1095,78,95,24627,advantage discoveredAttack middlegame short,https://lichess.org/cHUYDiTp/black#30,Zukertort_Opening Zukertort_Opening_Tennison_Gambit
0B6uj,rnb2rk1/pp4pp/2p5/q2pPp2/3P4/1B3Q2/P1PBN1PP/b2K3R b - - 3 13,a5a3 b3d5 c6d5 f3a3,1616,75,98,2127,advantage discoveredAttack middlegame short,https://lichess.org/rvzeIxBV/black#26,Vienna_Game Vienna_Game_Heyde_Variation
0KiZf,8/6pk/QN2p2p/P4p2/7r/5P2/1q3P1P/4RK2 w - - 3 38,a6c8 h4h2 c8c5 h2h1 f1g2 h1e1,1526,74,96,18671,crushing deflection endgame long skewer,https://lichess.org/fBZAYlJV#75,
0An5Y,2rq2r1/2p5/kpQ1R3/pN1pPP2/6P1/2P2K2/PP6/8 b - - 0 38,d8h4 b5c7 c8c7 c6b6,1432,73,96,25758,endgame mate mateIn2 short,https://lichess.org/wzNEMliF/black#76,
0LOIr,1r1qr1k1/1pb3p1/p1p2pnB/3pP3/3P4/P4N1Q/1P3PPP/2R1R1K1 b - - 0 22,g7h6 h3h6 d8d7 h6g6,1104,79,93,2836,advantage kingsideAttack middlegame short,https://lichess.org/F9Y9bGZE/black#44,
0Yue9,r4rk1/1b1nqpbp/p3p1p1/1p6/3PN3/3B1N2/PPR1QPPP/2R3K1 b - - 3 17,d7b6 c2c7 a8c8 c7e7 c8c1 f3e1,1393,75,94,10572,advantage defensiveMove long middlegame,https://lichess.org/7pCHmAMW/black#34,Semi-Slav_Defense Semi-Slav_Defense_Other_variations
03C7W,6k1/5pp1/5b1p/2R5/P7/2pK1P1P/3r4/1R6 w - - 2 31,d3e3 f6d4 e3e4 d4c5,1808,78,95,17261,crushing endgame fork short,https://lichess.org/ZLHBPNLy#61,
0416t,7k/1Q4bp/6p1/8/8/8/5RPP/q5K1 w - - 1 27,f2f1 g7d4 g1h1 a1f1,959,76,97,2243,deflection endgame mate mateIn2 short,https://lichess.org/CMNusADV#53,
0TFPA,4B3/7p/p2k4/1Pp2p2/b4K1P/6P1/1P6/8 b - - 2 39,d6e6 b5b6 a4e8 b6b7,1493,75,89,969,advancedPawn bishopEndgame crushing endgame sacrifice short,https://lichess.org/yutoMUHZ/black#78,
0NPlU,r1b1k3/ppBp1qpQ/7r/8/8/2N5/PPP3PP/4R1K1 b - - 2 18,e8f8 c7d6 h6d6 h7h8 f7g8 e1e8 f8e8 h8g8,1541,75,85,201,attraction crushing deflection middlegame sacrifice veryLong,https://lichess.org/uJ9ZbMEd/black#36,Scotch_Game Scotch_Game_Other_variations
0GkKe,rn4k1/2p2pb1/1pqpr1pB/7P/p7/Pb3N2/1P1QBPP1/1K4RR b - - 2 23,c6e4 e2d3 g7h6 d3e4 h6d2 e4a8,1971,76,92,1524,advantage defensiveMove long middlegame,https://lichess.org/TYPmF4JO/black#46,
03Dj5,r6k/5Rb1/2p3Qp/p2pq1p1/8/1B1R2PP/P1P3PK/4r3 w - - 5 28,d3f3 e5a1 g6g7 a1g7 f7g7 h8g7,1796,73,94,14402,advantage long middlegame,https://lichess.org/0IabbKVb#55,
0D9eS,7r/pp1npk2/1q1p1b2/5p2/3P1N2/2P3P1/PP2QPP1/2KR4 b - - 6 21,f6g5 e2e6 f7e8 e6g6 e8d8 g6g5,1082,76,95,9669,crushing fork long middlegame,https://lichess.org/LoOurc6Z/black#42,
06Df6,r2qr1k1/ppp2pp1/7p/4p3/2Bn4/3P1N1b/PPP2P2/R2QRNK1 w - - 2 15,f3e5 d8g5 f1g3 e8e5 e1e5 g5e5,1515,74,89,689,advantage intermezzo long opening,https://lichess.org/oPAz6pUT#29,Italian_Game Italian_Game_Anti-Fried_Liver_Defense
0G0L9,1k1n1b1r/ppp5/3p3p/8/2B1n1Q1/4P3/PPP2qPP/R1B1R2K w - - 2 19,e1f1 f2f1 c4f1 e4f2 h1g1 f2g4,1235,79,96,25259,advantage fork long middlegame sacrifice,https://lichess.org/g5nRoxuc#37,Englund_Gambit Englund_Gambit_Other_variations
0C15U,1n1q1rk1/2p2ppp/3b4/1r2p3/4Q3/P3PP2/1B4PP/1R2K1NR b K - 1 15,d6a3 b2a3 b5b1 e4b1,1260,77,92,713,advantage hangingPiece middlegame short,https://lichess.org/dikzcyB4/black#30,English_Opening English_Opening_Kings_English_Variation
0CrVM,4k2r/3n1ppp/p1r5/3qp3/Q3b3/P3B2P/1P3PP1/2R2RK1 w k - 0 25,c1c6 d5c6 a4c6 e4c6 f1c1 d7b8,2189,77,86,185,advantage defensiveMove long middlegame,https://lichess.org/aaj74CyU#49,
04fOd,4r1k1/ppp2q1p/2n5/2Pb1pp1/Q7/2P1p1P1/PP1NPP1P/4RRK1 w - - 0 20,d2f3 d5f3 e2f3 e3e2 e1e2 e8e2,2118,75,93,5605,advancedPawn advantage long middlegame,https://lichess.org/y3i8gSCu#39,
0GeMN,8/3r4/2k5/4qRp1/p1B1p1P1/P3P3/1PP5/2KN4 b - - 3 42,e5h2 c4b5 c6c7 b5d7,1505,75,93,1382,advantage endgame master short skewer,https://lichess.org/DGheisnU/black#84,
01Btz,2r1k2r/1p2bppp/1q1p4/p2Pp1P1/5n1P/1N3P2/PPPQ4/2KR1B1R w k - 0 17,a2a4 b6b3 f1b5 e8f8,1479,72,95,30432,advantage defensiveMove middlegame pin short,https://lichess.org/FMeNuY7a#33,Sicilian_Defense Sicilian_Defense_Najdorf_Variation
00z9K,4B3/1b5p/p5k1/3p3R/6P1/1P6/KPrn1r2/7R b - - 2 34,g6g7 h5h7 g7f8 h7b7,2493,79,92,550,advantage master middlegame short skewer,https://lichess.org/slx46h53/black#68,
0U6iF,r2k3r/p4Ppp/1p1b1p2/2p5/2Bp2P1/5q1P/PP2QP2/R3R1K1 b - - 3 24,f3h3 e2e8 d8c7 e1e7 d6e7 e8e7,1484,75,92,435,crushing exposedKing long middlegame sacrifice,https://lichess.org/rMzY2o7r/black#48,
0EHvz,6k1/5ppp/p3p3/1P1pP1q1/1P1P4/2r1rQ1P/R5P1/4R1K1 w - - 0 36,f3f2 e3e1 f2e1 c3c1 e1c1 g5c1,1913,74,94,14014,crushing endgame long pin,https://lichess.org/rSl12wNS#71,
00KOz,8/r4k2/7R/5PK1/1n6/8/8/8 b - - 3 56,b4d5 h6h7 f7f8 h7a7,967,96,95,1071,crushing endgame master short skewer,https://lichess.org/QVprMNzR/black#112,
0UUfh,r2q1b1r/pp2p2p/3p1kp1/4n1B1/4P1b1/5N2/PP3PPP/R2QR1K1 b - - 1 12,f6f7 f3e5 d6e5 d1g4,1735,74,93,790,advantage discoveredAttack opening short,https://lichess.org/YpGcPwui/black#24,Sicilian_Defense Sicilian_Defense_Smith-Morra_Gambit
07AfS,r2qr3/1bp3kp/2n2p2/3Q1P2/1bB5/2N2P2/PP4PP/R3K1NR w KQ - 1 17,g1e2 e8e2 e1e2 c6d4 e2d3 b7d5,2233,78,94,5036,attraction crushing discoveredAttack exposedKing long middlegame pin sacrifice,https://lichess.org/GZ26D7uP#33,French_Defense French_Defense_St_George_Defense
04DZk,r3kb1r/pbp1p1pp/1pn2n2/3q1p2/2QP4/5NP1/PP2PPBP/RNB2RK1 w kq - 1 9,f3e5 d5g2 g1g2 c6e5 g2g1 e5c4,1953,74,95,5879,crushing discoveredAttack kingsideAttack long opening sacrifice,https://lichess.org/VbByWpEu#17,Dutch_Defense Dutch_Defense_Fianchetto_Variation
0BhHx,6k1/p4pp1/1pr4p/8/3RP3/1PN2P2/P5PP/2n3K1 w - - 1 29,c3d5 c1e2 g1f2 e2d4,813,77,100,159,advantage endgame fork short,https://lichess.org/3DevS38J#57,
0BfPv,r3r3/pp5Q/5kp1/3Rpp2/2n5/2q3N1/2P2PP1/5K1R b - - 0 29,c4d2 f1g1 c3a1 g1h2,2049,74,92,258,advantage defensiveMove middlegame short,https://lichess.org/IyQ9fPMw/black#58,
0AcLi,r4r2/p1k5/2P1p1pp/3p2q1/P2P1n2/4Q3/3N1PP1/R1R3K1 w - - 3 28,g2g3 f4h3 g1g2 f8f2 e3f2 h3f2,1648,74,93,4533,crushing discoveredAttack kingsideAttack long middlegame,https://lichess.org/Qq62HJRf#55,
09g9w,1r4k1/p1p1n1p1/3p3p/2p2r1P/N4qbR/P2R4/1PP3Q1/1K3B2 w - - 0 21,h4g4 f4f1 g2f1 f5f1,941,83,89,389,advantage middlegame short,https://lichess.org/dadPMOGh#41,
0DeYF,8/8/6kp/p1R1K3/5P1r/1P6/P7/8 w - - 1 40,c5a5 h4h5 e5e6 h5a5,665,96,95,1413,crushing endgame rookEndgame short skewer,https://lichess.org/kKVoikXc#79,
0D9xU,r1q2r1k/1pp3p1/p2bQn1p/8/7B/2N4P/PPP2PP1/R3R1K1 w - - 0 17,c3d5 c8e6 e1e6 f6d5,1623,75,85,111,advantage capturingDefender middlegame short,https://lichess.org/2xd04RLu#33,Philidor_Defense Philidor_Defense_Exchange_Variation
09wyZ,2k5/pp2pr1p/4q3/2p1b1r1/3pQ1P1/P2P1P1P/1PP3K1/R3R3 b - - 1 27,f7f4 e4f4 e5f4 e1e6,1464,75,88,2686,crushing discoveredAttack middlegame short,https://lichess.org/t8Kds6BK/black#54,
0Vz8w,r4rk1/pb1nbppp/2p2n2/1p1q4/5P2/1N1BP1B1/PPP1QP1P/R2R2K1 b - - 3 16,d5h5 e2h5 f6h5 d3h7 g8h7 d1d7 e7f6 d7b7,1621,75,96,9545,advantage discoveredAttack fork middlegame veryLong,https://lichess.org/A8sIU3nW/black#32,Queens_Pawn_Game Queens_Pawn_Game_Other_variations
02deX,r4rk1/4q1pp/8/1p1nPp2/p3p3/2Pb1PP1/P5BP/N1RQR1K1 b - - 0 23,e7e5 d1d3 e4d3 e1e5 d3d2 c1d1 d5c3 d1d2,1688,74,94,1230,advantage middlegame veryLong,https://lichess.org/Ux7z37Oz/black#46,
0JlzX,4r1kr/pp1Q1ppp/8/n7/8/P1P1qN2/2PR2PP/2K4R b - - 6 22,a5c4 h1e1 e3e1 f3e1,1541,75,96,21058,advantage middlegame short,https://lichess.org/yerFYd1q/black#44,
0Usje,1rb4k/4pQ2/pq1p2p1/6Pn/3NP3/2N2P2/P1PK4/3R4 w - - 1 24,f7g6 b6d4 d2c1 d4e3,1554,74,100,231,advantage hangingPiece middlegame short,https://lichess.org/Cn3ILZ0d#47,
0CuYW,r1b1k1nr/pppp1ppp/2N5/8/2B1P3/4PQ2/P1P3PP/qN2K2R b Kkq - 1 9,a1b1 e1d2 g8h6 h1b1,1868,72,94,9677,advantage defensiveMove discoveredAttack middlegame short,https://lichess.org/qi7ke81T/black#18,Scotch_Game Scotch_Game_Classical_Variation
05Q61,5rk1/R1Q2pp1/p3p2p/1p6/r3P3/2PR1P2/PKP3qP/8 w - - 0 26,c7e7 a4a2 b2a2 g2c2,1103,92,94,6038,attraction crushing deflection endgame master masterVsMaster sacrifice short,https://lichess.org/cNeN1U17#51,
02EIw,1r1k3r/2Nppp1p/1bp3pn/B7/4P3/8/PPP2PPP/1R3RK1 w - - 1 18,a5b6 b8b6 c7d5 c6d5,895,79,86,243,advantage middlegame short,https://lichess.org/3lGubekC#35,Sicilian_Defense Sicilian_Defense_Accelerated_Dragon
0JrCg,5r1k/1b3ppp/8/p1p1q1Q1/PpBr3P/1P6/4NnP1/2R1R1K1 b - - 1 29,f2h3 g2h3 e5g5 h4g5,1239,77,94,5583,advantage hangingPiece master middlegame short,https://lichess.org/KXFOxeXq/black#58,
08X53,3r2k1/5pp1/7p/p3q3/Q2R4/1P1R3P/P4PPK/2r5 w - - 3 30,g2g3 d8d4 a4d4 e5e1,2091,78,95,9898,crushing endgame short,https://lichess.org/vfBkEzSj#59,
0F7f3,4b3/4k2p/6pP/p2p2P1/1p1P4/1P2K3/8/1B6 b - - 6 48,e8d7 b1g6 h7g6 h6h7,1463,75,91,925,advancedPawn bishopEndgame crushing endgame master sacrifice short,https://lichess.org/D8rb3mV5/black#96,
00wUm,5rk1/pR1Q1ppp/4N3/3p1n2/8/7P/q1r2PP1/4R1K1 b - - 0 28,c2f2 d7f7 f8f7 b7b8 f7f8 b8f8,1536,75,97,14225,long mate mateIn3 middlegame sacrifice,https://lichess.org/nBCoCtRO/black#56,
0aWp5,2b3k1/p2q1ppp/8/8/1P3Q2/1BP5/P2r1pPP/R4K2 w - - 8 29,b3f7 d7f7 f4d2 c8a6,1558,75,94,3155,advantage endgame sacrifice short,https://lichess.org/lTzBXebR#57,
03naU,4r1k1/pb5p/1p4p1/3pn3/2qB4/2P4P/PPB2RP1/5QK1 w - - 4 35,f1e1 e5f3 g2f3 e8e1,906,77,100,157,crushing discoveredAttack kingsideAttack middlegame short,https://lichess.org/DZM230XU#69,
0DOIB,8/1q3p2/6kp/6p1/3Q4/4PPP1/6KP/8 w - - 1 40,d4e4 b7e4 f3e4 g5g4 g2f1 g6f6,2023,74,94,10342,crushing defensiveMove endgame long queenEndgame quietMove,https://lichess.org/R9mKQMcW#79,
07xF8,8/7p/1p4p1/p1nkp3/8/P3K2P/2PB2P1/8 b - - 1 44,c5e4 c2c4 d5c4 e3e4,943,77,98,2057,advantage deflection endgame short,https://lichess.org/hDSZngcU/black#88,
0Z6oe,r1bq1k1r/ppppnPpp/1b6/6N1/2n1P3/2P5/PP3PPP/RNBQK2R b KQ - 2 9,e7g6 g5e6 d7e6 d1d8,1392,76,93,423,advantage opening short,https://lichess.org/TKm9J78v/black#18,Nimzowitsch_Defense Nimzowitsch_Defense_Franco-Nimzowitsch_Variation
0YhzB,r2q1rk1/pp3ppp/2pbbn2/3p4/3P4/2N1R2P/PPPB1PP1/R3QBK1 b - - 2 14,d8b6 e3e6 f7e6 e1e6 f8f7 e6d6,1357,78,94,15947,advantage fork long middlegame,https://lichess.org/1zns3MXS/black#28,Ruy_Lopez Ruy_Lopez_Berlin_Defense
06Vhm,6k1/2p1n2p/1bn3p1/3p2Pb/2p1p2q/2Q1P3/1B3PBN/5NK1 b - - 1 25,e7f5 c3h8 g8f7 h8f6 f7e8 f6c6,2120,81,93,9079,crushing fork long middlegame,https://lichess.org/2tWVf5xU/black#50,
0HeED,rnbqk1nr/ppp1ppbp/6p1/8/2Bp4/2N2N2/PPP2PPP/R1BQK2R b KQkq - 1 6,d4c3 c4f7 e8f7 d1d8,1404,75,91,2767,attackingF2F7 crushing deflection opening short,https://lichess.org/R3TxIgCQ/black#12,Modern_Defense Modern_Defense_Other_variations
08K0J,8/R4Rp1/4p2k/1p1pP2p/2rn4/5PKP/5P2/8 w - - 2 35,f7g7 d4f5 g3g2 f5g7,931,92,96,2248,crushing endgame fork short,https://lichess.org/EVAlvr3j#69,
0XRwK,8/3k1p2/6rp/3K4/8/2Q5/8/8 w - - 7 75,c3b4 g6g5 d5c4 g5g4 c4b3 g4b4,1316,76,98,727,crushing endgame long queenRookEndgame skewer,https://lichess.org/kBItiZLP#149,
0IQXe,2r3k1/pp3ppp/4pb2/3p4/1PrP2Q1/P4B1P/2q2PP1/2RR2K1 b - - 4 22,c2b3 f3d5 b3d1 c1d1,1947,75,95,9768,advantage middlegame short,https://lichess.org/xetDGPMe/black#44,
0CrUZ,r1bq1rk1/2p2ppp/p1n5/1p1p4/3Pn3/PBP2N2/5PPP/R1BQR1K1 b - - 0 13,e4c3 d1c2 c6a5 c2c3 a5b3 c3b3,1796,75,88,1464,advantage long opening,https://lichess.org/svl0iNnR/black#26,Ruy_Lopez Ruy_Lopez_Morphy_Defense
0Witz,r1bq1r2/pppn2kp/5np1/4ppN1/2P5/2N5/PP1QPPPP/2KR1B1R b - - 1 11,d7c5 d2d8 f8d8 d1d8,1294,75,98,442,advantage opening short,https://lichess.org/rW8fm4Ot/black#22,Dutch_Defense Dutch_Defense_Other_variations
0IHqR,2r3k1/pp2Bppp/2p2b2/3p1q2/8/2P3QP/PP3PP1/4R1K1 b - - 9 23,c8e8 e7f6 e8e1 g1h2 f5f4 g3f4,1062,76,97,1009,crushing endgame long pin sacrifice,https://lichess.org/xzHwCTlM/black#46,
09F87,2r3k1/p2r1pp1/1p6/4PpP1/3p3R/7R/PP5P/6K1 b - - 1 34,g8f8 h4h8 f8e7 h8c8,725,90,93,1076,crushing endgame rookEndgame short skewer,https://lichess.org/CFwpKHxz/black#68,
0GqKE,8/8/4k2p/7P/5K2/p7/P7/8 w - - 3 51,f4g4 e6e5 g4f3 e5f5,1840,74,93,10476,crushing defensiveMove endgame pawnEndgame short,https://lichess.org/RNv3xvKs#101,
05nh4,1r3rk1/1ppq1pbp/3p1np1/1P2p3/2P5/2NPPQPb/3B1PBP/1R3RK1 w - - 1 16,f1e1 h3g4 f3b7 b8b7,1578,73,94,18283,advantage middlegame short trappedPiece,https://lichess.org/Erit95FI#31,English_Opening English_Opening_Anglo-Indian_Defense
0D9CN,r1r5/1p2kp1p/pq2p3/3p2Q1/8/1n1n4/PP1N1PPP/1R1B1K1R b - - 0 19,f7f6 g5g7 e7d6 g7g3,1834,75,93,8536,advantage middlegame short,https://lichess.org/m8zgbt8n/black#38,Sicilian_Defense Sicilian_Defense_Alapin_Variation
001Fg,2R2r1k/pQ4pp/5rp1/3B4/q2n4/7P/P4PP1/5RK1 w - - 3 30,c8c7 d4e2 g1h2 a4f4 h2h1 e2g3 f2g3 f4f1,1427,75,100,1066,advantage middlegame veryLong,https://lichess.org/y0QalMAw#59,
0HIPU,r4rk1/ppp1pp1p/6p1/4b2P/6b1/2N1B3/PPP2P1P/3RKB1R w K - 1 13,d1d5 e5c3 b2c3 g4f3,1816,76,95,17389,advantage middlegame short,https://lichess.org/WPypVQnW#25,Pirc_Defense Pirc_Defense_Classical_Variation
0Mma2,r4rk1/6pn/1p1p3p/pPpPp2R/Pn2PqP1/1Q3P2/1P1R4/2KB1N2 b - - 1 24,h7f6 h5f5 f6d7 f5f4,1196,76,88,805,advantage middlegame short trappedPiece,https://lichess.org/miZI6mPF/black#48,
0Hy1A,8/2R2ppk/1r5p/8/3p4/q2P3P/2Q2PP1/6K1 w - - 3 38,c2e2 b6b1 g1h2 a3d6 g2g3 d6c7,1215,73,97,13571,crushing endgame fork long,https://lichess.org/kzSZcXLZ#75,
0RbEL,1k1r3r/p4ppp/B1p5/2b1nq2/8/4Q3/PPP2PPP/3RR1K1 w - - 0 22,e3c5 e5f3 g2f3 f5c5 d1d8 h8d8,1460,74,94,15876,crushing discoveredAttack long middlegame,https://lichess.org/argKtR5M#43,
0CPLS,2kr1b1r/ppp2pp1/2n1b3/3qp1Np/3P4/2P1B2P/PP2BPP1/R2QK2R b KQ - 2 11,d5g2 e2f3 g2g5 e3g5,1328,76,91,105,advantage middlegame short trappedPiece,https://lichess.org/NgJ7NzNg/black#22,Scandinavian_Defense Scandinavian_Defense_Modern_Variation
0JTrY,2rq1rk1/3bbpp1/3ppn1p/np6/4P3/PPN1BN1P/4BPP1/2RQ1RK1 w - - 0 16,e2b5 c8c3 c1c3 d7b5,1674,75,92,1971,advantage capturingDefender intermezzo master opening short,https://lichess.org/oY5lo1hB#31,Sicilian_Defense Sicilian_Defense_Smith-Morra_Gambit
02ye0,2kr1bR1/ppp2p1p/4pq2/8/5p2/2N2Q2/PPPBBK2/8 w - - 1 24,f3f4 f6f4 d2f4 f8c5 f2f3 d8g8,1967,79,92,1156,advantage discoveredAttack exposedKing long middlegame,https://lichess.org/1xo7QtPE#47,
07s3C,1k5r/p1p2R1p/1p1p4/3P4/3n1RBb/6r1/PP5K/8 b - - 3 29,g3d3 f7f8 h4d8 f8h8,993,77,90,507,crushing middlegame pin short,https://lichess.org/OruDSflo/black#58,
03xxB,5rk1/1Qp4p/6pB/2bp4/7P/3q1N2/PPr2PP1/5RK1 b - - 1 23,c5f2 f1f2 c2f2 g1f2,740,83,88,164,advantage middlegame short,https://lichess.org/PcSmUL25/black#46,
0766c,1kq5/4n3/3bbQ2/p2p1p2/2pP1Pp1/1Pp1P1N1/P1B1N1P1/3K4 w - - 0 34,e2c3 c4b3 c2b3 c8c3,1609,74,93,4227,crushing discoveredAttack master middlegame short,https://lichess.org/vxx8wUKx#67,
0EEFr,6k1/1b1nB1p1/pq1p3p/1p6/4P1n1/P1N5/1PPQ1rPP/R3R1K1 w - - 0 18,d2d6 f2f1 g1f1 b6f2,1982,78,95,14046,attraction doubleCheck kingsideAttack mate mateIn2 middlegame sacrifice short,https://lichess.org/XyJc12ed#35,Sicilian_Defense Sicilian_Defense_Other_variations
0CL4I,6k1/1p1R1ppp/2r1p3/8/1b2N3/7P/r4PP1/1R3K2 w - - 0 30,b1b4 c6c1 d7d1 c1d1,854,79,97,1670,endgame mate mateIn2 short,https://lichess.org/EC1aFjS1#59,
0AgqC,1r4k1/p1p2p2/3p1q1p/5r1P/2Q5/5P2/PP6/3R1RK1 b - - 0 29,f5f3 c4g4 f6g5 g4g5 h6g5 f1f3,1392,74,95,22606,advantage endgame long,https://lichess.org/hWmotLV5/black#58,
0Kn9J,1r1qr1k1/ppp2pb1/2n1b1pp/2Np4/QPP5/3P2P1/P2NPPBP/1RR3K1 b - - 1 16,d5c4 c5b7 b8b7 g2c6,2109,75,91,2746,advantage capturingDefender middlegame short,https://lichess.org/ZlkMf135/black#32,English_Opening English_Opening_Great_Snake_Variation
0DNjp,1nb2rk1/r1N1bppp/p4n2/6B1/2p1P3/2N4P/1P3PP1/R2K1B1R w - - 3 15,c7d5 f6d5 c3d5 e7g5,1172,78,89,266,advantage discoveredAttack middlegame short,https://lichess.org/6LpXu400#29,Queens_Gambit_Declined Queens_Gambit_Declined_Three_Knights_Variation
0DnBL,r1b1r1k1/ppq2p1p/6p1/2p1b3/5B2/7P/PPB3P1/R2Q1RK1 b - - 1 19,e5d4 d1d4 c5d4 f4c7,1747,75,94,8951,advantage middlegame short,https://lichess.org/tGK5kW3l/black#38,Kings_Indian_Defense Kings_Indian_Defense_Other_variations
09lzX,1qb2rk1/4bpp1/2pNp2p/2B1P3/2Q5/6P1/5P1P/3R2K1 b - - 3 25,e7d6 c5d6 f8d8 d6b8 d8d1 g1g2,1087,75,97,3123,advantage fork long middlegame,https://lichess.org/kA2MXgyw/black#50,
02Nzh,r1b2rk1/pppp1ppn/7p/2q1P3/2B2P2/2Q5/P5PP/RN2R2K b - - 2 17,b7b5 c4f7 f8f7 c3c5,829,96,88,337,crushing discoveredAttack middlegame short,https://lichess.org/DbNPhFIf/black#34,Italian_Game Italian_Game_Anti-Fried_Liver_Defense
0D3mZ,5rk1/5ppp/p1N1p3/3nR3/8/6P1/r4P1P/1R4K1 b - - 1 26,f8c8 e5d5 e6d5 c6e7 g8f8 e7c8,1501,74,96,10153,advantage endgame fork long sacrifice,https://lichess.org/SQvawE56/black#52,
0DcV3,5rk1/p1p3p1/1p5p/2N1qn2/6Q1/3P4/PP1B2PP/R6K b - - 0 22,e5c5 d2b4 c5f2 b4f8,2026,75,94,4349,crushing endgame short skewer,https://lichess.org/RBnVv9ms/black#44,
0FJMQ,6k1/pp3pb1/2p1p1p1/3r2q1/3P2p1/2P3Q1/PP3PKR/3R4 b - - 1 29,d5f5 g3b8 g7f8 h2h8 g8h8 b8f8 h8h7 d1h1,1358,77,74,184,advantage attraction deflection endgame kingsideAttack sacrifice veryLong,https://lichess.org/4NLtmdQS/black#58,
02Oku,r2qk2r/p2nbppp/2n5/2p1p3/4N3/3Q4/PPPP1PPP/RNB1K2R w KQkq - 0 14,e4d6 e7d6 d3d6 c6b4,2518,107,86,547,advantage opening short,https://lichess.org/97Qk80ic#27,Italian_Game Italian_Game_Two_Knights_Defense
0YPSB,5r1k/p5pp/1pR5/3Q4/3P4/2P3N1/P1Pq1r1P/R5K1 w - - 1 23,a1f1 f2f1 g3f1 d2f2 g1h1 f2f1,1569,78,97,25282,clearance deflection long mate mateIn3 middlegame,https://lichess.org/LJlqTuui#45,
04EqC,r1bqkb1r/pp3p1p/2n2n2/2p1pP2/4P3/2P5/PP4BP/RNBQK1NR b KQkq - 0 9,f6e4 d1d8 e8d8 g2e4,1525,75,92,1408,advantage intermezzo opening short,https://lichess.org/jdQFjDH8/black#18,Sicilian_Defense Sicilian_Defense_Alapin_Variation
0WqKP,1k1r1bnr/ppp3pp/8/4Q3/2q5/8/PPP1NPPP/2KR3R b - - 0 16,d8d1 h1d1 f8e7 e5g7 a7a5 g7h8,1582,75,92,1431,advantage long middlegame trappedPiece,https://lichess.org/wyqUOtdQ/black#32,Scandinavian_Defense Scandinavian_Defense_Mieses-Kotroc_Variation
0AyQq,r3qrnk/ppp1bnp1/8/4P3/3N4/2PQ4/PP4PP/R1B2RK1 b - - 3 18,f7e5 d3h3 g8h6 c1h6 g7h6 h3h6,1614,76,92,789,advantage kingsideAttack long opening,https://lichess.org/iz8KwZaf/black#36,Ponziani_Opening Ponziani_Opening_Jaenisch_Counterattack
0MKSS,3r2k1/2p1qppp/1pB1p3/4Bb2/2nP4/R1P4P/5PP1/2Q2RK1 b - - 0 21,e7a3 c1g5 a3f8 e5g7 f8g7 g5d8,1843,73,93,9290,crushing deflection kingsideAttack long middlegame,https://lichess.org/f4yUFskD/black#42,
0Pgue,r4rk1/3bppbp/pq1p1np1/1p6/3NPP2/P1NB4/1PP3PP/R1BQR2K b - - 0 14,b6d4 c1e3 d4c3 b2c3,1549,76,94,2277,advantage middlegame short trappedPiece,https://lichess.org/smTF0NDJ/black#28,Sicilian_Defense Sicilian_Defense_Modern_Variations
0OKBe,r5k1/p4bp1/1p5p/n1p1Q3/P7/6P1/2P3P1/6K1 b - - 1 33,g8h7 e5e4 g7g6 e4a8,1307,76,93,15029,advantage endgame fork short,https://lichess.org/BntDt2l9/black#66,
0KOQ7,5r1k/6p1/p1p5/2Bn1qp1/1P6/P4B2/5PPP/4R1K1 b - - 7 37,f8f7 e1e8 h8h7 f3e4 f5e4 e8e4,1094,76,99,612,advantage endgame long pin,https://lichess.org/ny6XMFBy/black#74,
0STSJ,4k2r/p2r1q2/2p1pb2/1pPp1P2/1P1P4/4P1Q1/P5PP/1R3RK1 b k - 0 22,h8g8 f5e6 f7e6 f1f6 g8g3 f6e6,1948,72,93,13322,attraction crushing discoveredAttack long middlegame,https://lichess.org/XNTHOW7S/black#44,
00CtS,Q5k1/5q2/p2p4/b1p1pr2/P7/6P1/4KP1R/8 b - - 3 38,g8g7 a8h8 g7g6 h8h6,987,77,96,3115,endgame mate mateIn2 short,https://lichess.org/yKolw9vl/black#76,
01i0h,r4rk1/1ppbqpNp/7P/3P4/2PBP1p1/6b1/3Q2P1/2R2K1R b - - 6 28,e7e4 g7h5 g3e5 d2g5 e4g6 g5e5,2240,75,83,178,crushing deflection kingsideAttack long middlegame,https://lichess.org/YLdDEAwS/black#56,
043BF,k2r4/1p5p/p1n2Q2/8/5B2/6P1/qPP4P/2K1R3 w - - 0 31,c2c3 a2a1 c1c2 a1e1 f6d8 c6d8,1046,75,97,826,crushing endgame long skewer,https://lichess.org/EWf3QGcV#61,
05eon,8/5p2/7P/5PK1/1p6/2k5/8/1b6 b - - 0 57,b1f5 g5f5 c3c2 h6h7 b4b3 h7h8q,913,76,100,243,advancedPawn crushing endgame hangingPiece long promotion,https://lichess.org/zZ8qNjVS/black#114,
0H3hH,3r1r1k/1bq4p/p4p2/1p2nNp1/3p4/PB1P4/1PP1RQPP/4R1K1 w - - 2 25,f5d4 e5g4 f2g3 c7g3 h2g3 d8d4 e2e8 d4d8 e8f8 d8f8,2169,75,81,139,advantage middlegame veryLong,https://lichess.org/OIznT3NY#49,
0IQPm,rnb1k2r/ppp1bppp/1n1q4/1N6/8/8/PP2QPPP/R1B1KBNR b KQkq - 1 10,d6b4 c1d2 b4b2 b5c7,1957,78,92,3357,advantage defensiveMove opening short,https://lichess.org/XSDuNq7J/black#20,Queens_Gambit_Declined Queens_Gambit_Declined_Exchange_Variation
0O753,5b1r/p1Qr2p1/2Np4/3N1Pkq/6n1/4P2p/PPP3P1/R1B2RK1 w - - 3 22,c7d7 h3h2 g1h1 g4f2 f1f2 h5d1 f2f1 d1f1,1904,79,95,13690,advancedPawn clearance fork mate mateIn4 middlegame sacrifice veryLong,https://lichess.org/WvFjPzea#43,
02YTz,1k5b/pp2n1q1/n1pN4/4Pb2/5B2/1BN2Q2/PPP3P1/3rK3 w - - 0 21,e1d1 f5g4 d1c1 g4f3,1248,76,94,12620,crushing master middlegame pin short,https://lichess.org/V70IvV77#41,
0Ahbz,2kr3r/pp1n1pp1/2pb1n1p/3p1NB1/3P4/5N2/PPP2PPP/2KR3R b - - 1 14,h6g5 f5d6 c8c7 d6f7,1182,78,86,371,advantage hangingPiece middlegame short,https://lichess.org/CvxJWous/black#28,French_Defense French_Defense_Exchange_Variation
02XyH,r2q1rk1/pp2bppp/2b1pn2/4N3/3PN3/3B4/PP3PPP/R2QR1K1 b - - 3 13,d8d4 e4f6 e7f6 d3h7 g8h7 d1d4,1384,74,97,1786,advantage discoveredAttack kingsideAttack long middlegame,https://lichess.org/CyCNqXWq/black#26,French_Defense French_Defense_Tarrasch_Variation
0Jd4D,7b/1p2R3/p1k3B1/5p2/4p2P/PP6/K3nP2/8 w - - 1 41,h4h5 e2c3 a2b2 c3d5 b2c2 d5e7,1164,78,93,3310,advantage discoveredAttack endgame long,https://lichess.org/I0md10Kh#81,
08SXD,r2r2k1/bpp2p1Q/p2q4/3bN3/3P4/6nP/PPB2PP1/4R1K1 b - - 1 25,g8f8 e5d7 d8d7 h7h8,2426,80,92,1710,mate mateIn2 middlegame sacrifice short,https://lichess.org/ULl9c7Cw/black#50,
08eyY,rnbr2k1/p3nRpp/2p5/2p5/2B1P3/2P5/PP4PP/R1B3K1 b - - 0 16,d8d1 f7f1 g8h8 f1d1,1273,78,94,1615,crushing discoveredAttack master middlegame short,https://lichess.org/sXaBhijo/black#32,Caro-Kann_Defense Caro-Kann_Defense_Maroczy_Variation
0DCBO,3b4/1b1P4/p4k1p/2p2B2/1pN5/1P4P1/r4P2/3R2K1 b - - 0 39,f6f5 c4d6 f5f6 d6b7,956,76,97,2725,advantage endgame fork master short,https://lichess.org/UC1KQZJh/black#78,
0N9Vq,6k1/P4p1p/1Q4p1/8/8/1N3qP1/2r2n1P/4R1K1 w - - 0 39,a7a8q f3a8 b6f2 c2f2,1231,75,85,454,advantage hangingPiece middlegame short,https://lichess.org/mjv0B64I#77,
01GnH,1R6/P7/6p1/7p/8/7k/K7/2q5 b - - 1 43,c1c4 b8b3 h3g4 a7a8q,979,78,100,257,advancedPawn advantage endgame promotion queenRookEndgame short,https://lichess.org/QXjY4nyw/black#86,
0EjG0,3r2k1/5p1p/p2qb1p1/1p6/3P4/1PR5/P2Q1PPP/1B4K1 w - - 1 29,c3d3 e6f5 d3e3 f5b1,1317,75,91,2531,crushing endgame short skewer,https://lichess.org/MeniFH6u#57,
0FqVu,4Qbk1/3N1pp1/3qp2p/3p4/1P1P1P2/r1P1RRP1/2r3P1/6K1 w - - 5 37,f3f2 a3a1 g1h2 c2f2,1187,77,92,328,advantage deflection middlegame short,https://lichess.org/ZtbkuCEl#73,
0F6pR,6r1/ppp2B1k/1n1p1q1p/4p2Q/3nP3/2NP4/PPPK1P2/7R b - - 0 22,f6f2 c3e2 f2e2 h5e2 d4e2 f7g8 h7g8 d2e2,2100,78,91,481,advantage defensiveMove middlegame veryLong,https://lichess.org/fgzzXqFv/black#44,
0DuGH,2R1N2r/5p2/2P1p3/8/1p4k1/1Pb5/4K3/8 b - - 0 44,c3e5 e8f6 e5f6 c8h8 f6h8 c6c7,1226,76,100,170,advancedPawn crushing discoveredAttack endgame long sacrifice,https://lichess.org/tYsnhWA2/black#88,
06Tp7,2k3nr/1p3Bp1/6p1/1Np5/8/8/PP1R1P1b/4K3 b - - 0 27,h2f4 f7e6 c8b8 d2d8,1347,76,97,11903,endgame mate mateIn2 short,https://lichess.org/PHAeQV7K/black#54,
07KSG,r1bq2k1/ppp1p3/4prpR/4N3/8/8/P1P1KPP1/Q4B2 b - - 2 18,d8f8 h6h8 g8h8 e5g6 h8g8 g6f8,2267,81,90,1039,advantage attraction exposedKing kingsideAttack long middlegame pin sacrifice,https://lichess.org/Z2JYqKGq/black#36,Modern_Defense Modern_Defense_Other_variations
01Vce,2r4r/6b1/8/1b1pPQ1k/2p2P2/4P3/PP1B3q/2K5 b - - 7 33,h5h4 d2e1 h2g3 f5g5 h4h3 g5g3,1998,73,95,11338,long mate mateIn3 middlegame pin,https://lichess.org/90JQSZJo/black#66,
0CukS,rn2r1k1/ppp2p2/3p3p/4b1q1/6b1/4PNP1/PPPN1QP1/R3KB1R b KQ - 3 15,g5e3 f2e3 e5g3 e1e2 e8e3 e2e3,1437,75,92,1410,advantage long opening,https://lichess.org/8kUCJTEl/black#30,Trompowsky_Attack Trompowsky_Attack_Classical_Defense
0UHih,8/1bp2pN1/3p4/pk5p/2pP4/2P3P1/P3KPP1/8 w - - 4 37,f2f3 b5a4 e2d2 a4a3 d2c2 a3a2,1410,74,96,13720,advantage endgame long,https://lichess.org/tospU1HR#73,
0OEcP,2r4k/4qb1p/p5p1/3p1p2/3P4/P1N1P1QP/1PR3P1/2n3K1 b - - 1 32,c1a2 c3d5 e7e6 c2c8,1410,75,92,1270,advantage discoveredAttack middlegame short,https://lichess.org/h2CHhn62/black#64,
01d2J,r3r1k1/pp4pp/2pq4/3nNQ1b/3P4/4pP1P/PP2P1B1/1K1R3R b - - 0 19,g7g6 f5f7 g8h8 f7e8 a8e8 e5f7 h8g7 f7d6,1632,73,95,18234,clearance crushing fork middlegame sacrifice veryLong,https://lichess.org/CklaH1ip/black#38,Grob_Opening Grob_Opening_Grob_Gambit
07wpy,2rr2k1/5ppp/2P5/1p1Pp1q1/1N3n2/4QP2/P5PP/2RR2K1 w - - 3 30,g2g3 f4h3 g1g2 g5e3,1090,78,93,1865,crushing discoveredAttack kingsideAttack middlegame short,https://lichess.org/vXedphWg#59,
062at,r4rk1/7p/p1pp1qp1/1p2b3/8/2PBR2P/PPQ2PP1/5RK1 w - - 0 19,e3g3 e5g3,937,83,83,125,advantage middlegame oneMove,https://lichess.org/74uBEEUd#37,Indian_Defense Indian_Defense_Other_variations
0UVLm,r1r3k1/1b2qppp/4p3/1P6/Pn1Q4/2p2NP1/R3PPBP/2R3K1 w - - 5 27,a2a3 b4c2 c1c2 e7a3,1804,77,94,10628,advantage discoveredAttack master middlegame short,https://lichess.org/j8QewQHe#53,
0M2Hi,5rk1/2p2pp1/p1np4/3Nq3/4P3/5RQP/Pr3PP1/R5K1 b - - 3 22,b2d2 d5f6 e5f6 f3f6,1379,74,99,2976,advantage kingsideAttack middlegame pin short,https://lichess.org/dG83twxG/black#44,
003S3,r4k1r/pNqnppb1/6pn/2p3Np/7P/2P2Q2/PP3PP1/R1B1K2R b KQ - 2 15,a8b8 g5e6 f8g8 e6c7,1516,76,95,10697,advantage middlegame pin short,https://lichess.org/Eu6S0GPA/black#30,Modern_Defense Modern_Defense_Other_variations
0U8oj,8/7k/3R2pP/8/5n1r/5B2/5P2/6K1 w - - 9 48,f3e4 f4e2 g1g2 h4e4,1257,78,95,10084,advantage discoveredAttack endgame master short,https://lichess.org/jlGkfOEb#95,
06ZCW,1r1r2k1/5ppp/2B5/1P1bq3/p2p4/P2R1NPP/1P2P2K/3Q4 b - - 8 33,e5e4 d3d4 d5c6 d4d8 b8d8 d1d8,1606,76,88,149,advantage kingsideAttack long middlegame,https://lichess.org/54e3h2qz/black#66,
0Hkv6,r2n1k2/p2R1Nbp/2P3p1/3B4/7P/P3P3/1q6/3K1R2 b - - 3 29,d8c6 f7d6 g7f6 d7f7,2065,76,87,142,clearance crushing discoveredAttack middlegame short,https://lichess.org/zbjDKoys/black#58,
0D34H,8/R4pk1/2p1p1p1/1rNpPPKp/1P1n3P/8/5P2/8 b - - 0 30,e6f5 e5e6 b5c5 a7f7,2077,77,91,6933,advantage endgame sacrifice short,https://lichess.org/MBnYZJCZ/black#60,
0HJ75,r4rk1/p4ppp/1p4b1/3q4/3N4/2P5/PQ3PPP/3RR1K1 b - - 1 18,h7h6 d4e6 f7e6 d1d5,1645,74,89,361,advantage discoveredAttack middlegame short,https://lichess.org/QVnQtD1S/black#36,Sicilian_Defense Sicilian_Defense_Lasker-Pelikan_Variation
0IK8f,r3k2r/pp1q2b1/2p1nppn/3p1bBp/P2P3P/2PB1N2/1P1NQPP1/R4RK1 w kq - 0 14,g5f4 f5d3 e2d3 e6f4 d3e3 f4e6,1325,75,94,5926,advantage long master middlegame,https://lichess.org/7PwkvleJ#27,Caro-Kann_Defense Caro-Kann_Defense_De_Bruycker_Defense
0C77K,r2qkbnr/ppp2pp1/3p3p/4n3/2B1P1b1/2N2N2/PPP2PPP/R1BQK2R w KQkq - 0 7,h2h3 g4f3 c4b5 c7c6,1648,75,93,8846,advantage opening short,https://lichess.org/cq8xD2LT#13,Italian_Game Italian_Game_Anti-Fried_Liver_Defense
0AsQ1,r4nrk/1bp2pq1/p2p1npp/1p1Pp3/4P2N/1PP1Q1NP/P1B2PP1/R3R2K w - - 4 24,f2f4 e5f4 e3f4 g6g5 f4f2 g5h4,1546,75,95,11749,advantage fork long middlegame,https://lichess.org/upctOshb#47,
0XqCg,r4k1r/p2pb3/1p3PQp/2p1P3/PB5P/5q2/1PK5/8 b - - 0 32,c5b4 g6g7 f8e8 g7e7,1529,76,97,9303,endgame fork mate mateIn2 short,https://lichess.org/03sOnZxW/black#64,
06L3g,r5k1/5ppp/1p3q2/4p3/1P2Q3/6P1/4bP1P/2R1B1K1 b - - 1 25,e2f3 e4a8 f3a8 c1c8 f6d8 c8d8,860,79,91,298,backRankMate endgame fork long mate mateIn3 sacrifice,https://lichess.org/JQmgJMtn/black#50,
0AiwF,3k1r2/pp1b2p1/3q4/4p3/3PQ3/2P2NP1/PP3PP1/1K2R3 w - - 0 29,f3e5 d7f5 e4f5 f8f5,1123,81,94,1451,advantage endgame pin short,https://lichess.org/PebRbG81#57,
0Opwi,r4rk1/ppq1Bppp/1n2b3/8/4n3/1BP2N1P/PP3PP1/R2QR1K1 b - - 0 17,c7e7 e1e4 e6b3 e4e7 b3d1 a1d1,1518,75,92,5062,advantage hangingPiece long middlegame,https://lichess.org/E1R6FAk1/black#34,Philidor_Defense Philidor_Defense_Other_variations
0MvRo,1r1qkb1r/p3nppp/Q1ppb3/3nP3/2BP4/5N2/PP3PPP/RNB1K2R w KQk - 0 11,e1g1 d5b4 a6a4 e6c4,1549,76,93,2520,advantage discoveredAttack opening short,https://lichess.org/upyb0T2w#21,Ponziani_Opening Ponziani_Opening_Jaenisch_Counterattack
0UXia,rn1qkbnr/pp4p1/2p1Q3/8/2B1pp2/8/PPPP3P/RNB1K2R b KQkq - 0 10,d8e7 e6c8 e7d8 c4f7 e8f7 c8d8,1208,76,93,12430,clearance crushing deflection exposedKing long opening,https://lichess.org/suF0XRm2/black#20,Caro-Kann_Defense Caro-Kann_Defense_Other_variations
0755v,1r1q2k1/ppp1rppp/8/n4bB1/2BPp3/1Q6/P1P2PPP/R3R1K1 w - - 4 20,c4f7 e7f7 b3f7 g8f7 g5d8 b8d8,814,86,98,1391,advantage long middlegame,https://lichess.org/VsMyDjrZ#39,
0AkCK,r6k/pp1b4/4pNrp/4Pn2/3P2P1/P7/5P1P/R2R1K2 b - - 2 32,d7c6 g4f5 c6b5 f1e1,1355,75,96,6293,advantage middlegame short,https://lichess.org/ZjrzC2RE/black#64,
0FveL,r5k1/1p2q1pp/2p5/2Pp1R2/1P2p3/p1BnP1Q1/P2P2PP/6K1 b - - 0 29,a8f8 c3g7 e7g7 f5g5 g7g5 g3g5,2064,75,94,2527,advantage endgame kingsideAttack long master pin sacrifice,https://lichess.org/2WZQSEWl/black#58,
07ZS4,r1bqk2r/1p3ppp/p1n1p3/2bpP3/5Pn1/2NB1N2/PPP1Q1PP/R1B1K2R b KQkq - 5 9,c6d4 f3d4 c5d4 e2g4,1299,75,96,18615,advantage discoveredAttack master masterVsMaster opening short,https://lichess.org/k2vWgvm4/black#18,French_Defense French_Defense_Paulsen_Variation
0SLZa,1r6/5rkp/p2N1qp1/3Qpp2/8/7P/PPP2PP1/4R1K1 b - - 2 28,f7d7 d6e8 b8e8 d5d7,1473,78,94,13233,advantage discoveredAttack endgame short,https://lichess.org/ztvx8WlL/black#56,
0EWK6,2r3k1/p3Bp1p/b2Q2p1/q7/8/2b2N2/5PPP/2R3K1 b - - 0 25,c3e5 c1c8 a6c8 d6e5 a5e5 f3e5,1827,73,93,9871,advantage long middlegame,https://lichess.org/Lsqweyp1/black#50,
0PHZc,4r1k1/pbp2ppp/3b1n2/4N3/3P3q/2P1B3/PP3PPP/R2Q1BK1 w - - 8 21,g2g3 h4e4 d1f3 e4f3 e5f3 b7f3,1644,75,94,8797,advantage long middlegame,https://lichess.org/cIdBQTL6#41,
00mvr,7r/ppp1Nk1p/2n5/8/8/2P2pP1/P6P/R1Br1BK1 b - - 0 20,f7e7 c1g5 e7e6 a1d1,672,85,99,965,crushing discoveredAttack endgame master short,https://lichess.org/R3FdESiy/black#40,
01PI9,2k2r1r/1pq2p2/p1p1p3/2NpP2p/3P1RpP/6P1/PPPQ2P1/2K5 b - - 4 27,h8h7 c5e6 f7e6 f4f8,1178,77,92,6432,advantage endgame short,https://lichess.org/YE44gmiR/black#54,
0EMHY,8/p1b5/2N5/1PK2p2/P3k3/8/8/8 w - - 5 46,c6a7 f5f4 b5b6 c7b6 c5b6 f4f3,1324,74,97,4267,crushing endgame long master quietMove sacrifice,https://lichess.org/lzxwhUFC#91,
00rhJ,2r2rk1/pb3ppp/1p4q1/4P3/3P4/P7/BP2Q1PP/4RR1K w - - 1 21,e5e6 c8c2 e6f7 g8h8,1918,75,88,286,advantage defensiveMove middlegame short,https://lichess.org/MpURgVDM#41,
0Ne88,2k2r2/1p1q2p1/p1p3P1/3p4/4B3/2P2nQ1/PP6/2KR4 b - - 0 36,d7c7 g3g4 c8b8 e4f3,1733,75,96,11915,advantage endgame short,https://lichess.org/PbLGy5oq/black#72,
0EDHI,1r1q1rk1/p4ppp/3b4/1B1p4/1P2p3/2P5/5PPP/R1BQ1RK1 w - - 1 20,d1d5 d6h2 g1h2 d8d5,960,93,93,660,advantage discoveredAttack kingsideAttack middlegame short,https://lichess.org/eyWpcOlV#39,
023zD,1r3rk1/p1p1bppp/3q1n2/1Qn5/8/2N2NP1/PP1PPP1P/R1B1K2R w KQ - 5 13,b5c4 b8b4 c4b4 c5d3 e2d3 d6b4,1811,75,92,1069,advantage attraction discoveredAttack long middlegame sacrifice,https://lichess.org/hmyx5nib#25,Hungarian_Opening Hungarian_Opening_Other_variations
0Ey3i,2kr4/ppq2p2/3b1p1p/3Bn1r1/P7/2P4P/1P1N1PP1/R2Q1RK1 w - - 1 18,d2f3 e5f3 d5f3 d6h2 g1h1 d8d1,1038,76,89,370,advantage clearance discoveredAttack kingsideAttack long middlegame pin,https://lichess.org/lJNa5Zuw#35,Caro-Kann_Defense Caro-Kann_Defense_Exchange_Variation
0TC37,1r3r1k/7p/1Pp3p1/p2pp3/8/3QP2P/P4qP1/R3R2K b - - 1 24,b8b6 e1f1 f2f1 a1f1 f8f1 d3f1,1356,72,96,26177,advantage endgame long,https://lichess.org/hR4mYPOk/black#48,
03wHw,1k1r1b1r/ppp2ppp/5n2/4p3/4P3/2N1BQ1P/PqP2PP1/R4RK1 b - - 1 14,b2c3 e3a7 b8a7 f3c3,1066,79,67,125,advantage discoveredAttack middlegame short,https://lichess.org/fbAvuspo/black#28,Bishops_Opening Bishops_Opening_Vienna_Hybrid
0Acwa,r1b4k/pp1p1Q2/8/8/3q4/8/PP3nPP/R3R1K1 b - - 7 25,f2d3 g1f1 d4f4 f7f4,1876,76,85,108,advantage defensiveMove middlegame short,https://lichess.org/fVEfYccV/black#50,
0Idg0,4rk1r/1p3pp1/p1pR4/4PqN1/2P5/1P4Q1/P4P2/4RbK1 w - - 0 29,g1f1 h8h1 f1g2 h1e1,1333,74,95,10383,advantage deflection master middlegame short skewer,https://lichess.org/0Ww5TfWi#57,
0A9Wa,2k1r3/pp1R2Rp/8/8/2r5/8/6PP/5K2 w - - 0 30,d7b7 c4f4 f1g1 e8e1,1515,74,98,12507,endgame mate mateIn2 rookEndgame short,https://lichess.org/STlPmu9e#59,
0Mh35,3rr3/p2k1p2/8/3Q4/PP1P1b1p/4P2P/4K1P1/8 b - - 0 41,d7e7 d5e4 e7f8 e4f4,1234,74,96,14135,advantage endgame fork short,https://lichess.org/v66vnEcL/black#82,
0EbEm,8/p7/4k1K1/1p5P/8/8/P7/8 w - - 1 47,g6h6 e6f6 h6h7 f6f7,2115,78,93,9650,crushing defensiveMove endgame pawnEndgame short,https://lichess.org/ltWLjoyo#93,
0YIgM,8/2R4p/5p1k/PR6/6n1/3N2P1/r3rPKP/8 w - - 5 38,b5f5 g4e3 g2h3 e3f5,1286,75,97,16429,advantage endgame master masterVsMaster pin short,https://lichess.org/Kf9xcw46#75,
0V3OS,r1bqk2r/1pp2ppp/p2p1n2/1Nb5/2BpP3/2PP4/PP1B1PPP/R2QK2R w KQkq - 0 10,c3d4 a6b5 c4b5 c7c6 d4c5 c6b5,1550,74,94,7583,advantage long opening,https://lichess.org/5Aa26DSl#19,Bishops_Opening Bishops_Opening_Vienna_Hybrid
0KE1r,r3k2r/pp1b1p1p/2n1pp2/q2p4/1b1P4/1QN1P1N1/PP3PPP/R3KB1R w KQkq - 6 11,g3h5 c6d4 e3d4 d7a4 b3a4 a5a4,1945,73,92,142030,clearance crushing long middlegame pin sacrifice,https://lichess.org/NZBnNKF3#21,Slav_Defense Slav_Defense_Other_variations
0Exvg,rnbq1rk1/pppp1ppp/4p3/8/3PnP2/2BQ4/PPP3PP/R3KBNR b KQ - 1 7,d8h4 g2g3 e4g3 d3g3 h4g3 h2g3,1278,77,93,1837,advantage defensiveMove long opening,https://lichess.org/X192pDPk/black#14,Indian_Defense Indian_Defense_Other_variations
0UcjL,5r2/p5kp/6p1/8/1PP2p1K/3Q1P1P/5r2/8 b - - 0 33,f8f5 d3d4 g7h6 d4f2,1651,73,96,27204,crushing endgame fork queenRookEndgame short,https://lichess.org/kGebbZYY/black#66,
06UJo,1r1q2k1/p1p1rpp1/1pB4p/2B3n1/8/6Q1/PPP3PP/R3R1K1 b - - 0 20,e7e1 a1e1 b6c5 e1e8 d8e8 c6e8,1448,74,96,18969,advantage fork long middlegame,https://lichess.org/0OWdzcV8/black#40,
0FREF,r4rk1/5ppp/p1p1p1n1/2Q5/q3P3/5P2/3RN1PP/5R1K b - - 3 21,h7h6 e2c3 a4b3 f1b1 b3b1 c3b1,1862,76,93,3315,advantage long middlegame trappedPiece,https://lichess.org/j1lt0YJ5/black#42,
0MgWN,r4rk1/pp1n2pb/2p3qp/3p1p2/3P1P2/1P1B1PPK/PBQN4/R4R2 w - - 3 22,g3g4 f5g4 f3g4 g6d3 c2d3 h7d3,1404,74,95,5892,advantage discoveredAttack long middlegame,https://lichess.org/zYblW1cz#43,
09H3M,8/8/p1Q5/8/8/KP6/P3r3/1k6 w - - 3 44,c6a6 e2a2 a3b4 a2a6,801,80,89,323,crushing endgame queenRookEndgame short skewer,https://lichess.org/91Ktf7zg#87,
0KxBm,r1b1k2r/ppp1bppp/2n5/q7/3p4/4BN2/PPP1QPPP/R2K1B1R b kq - 5 10,e7c5 e3d2 e8f8 d2a5,1750,74,92,1776,crushing discoveredAttack opening short,https://lichess.org/XGgvb4l2/black#20,Russian_Game Russian_Game_Other_variations
0Clrd,4Q3/p7/1p4k1/2p4p/2P5/2P3qP/P4rP1/6K1 b - - 1 36,g6h6 e8h8 h6g6 h8g8 g6f6 g8g3,1433,75,100,281,crushing endgame long skewer,https://lichess.org/dz7gFOji/black#72,
0FcKL,3r2k1/2p3p1/pp2p2p/4p1r1/1P2RnN1/P1PP1P1P/6P1/2R3K1 w - - 11 28,e4e5 g5e5 g4e5 f4e2 g1f2 e2c1,1381,76,95,9592,crushing endgame fork long,https://lichess.org/616wqkY5#55,
0SFNG,r3kb1r/ppqnnppp/2p1p1b1/6P1/1PP4P/P1NP1N2/1B2BP2/R2QK2R b KQkq - 2 13,e7f5 h4h5 g6h5 h1h5,1519,74,83,229,advantage middlegame short trappedPiece,https://lichess.org/JfSC4aBz/black#26,Scandinavian_Defense Scandinavian_Defense_Mieses-Kotroc_Variation
05Pkx,r2k3r/pp1n2p1/3bpnBp/2qp4/5BPP/P1N1P3/1PP2P2/R2Q1RK1 w - - 2 15,d1d4 c5d4 e3d4 d6f4,1383,77,96,5358,advantage capturingDefender master middlegame short,https://lichess.org/kZgtJo1s#29,Rapport-Jobava_System Rapport-Jobava_System_Other_variations
0KG92,2kr1b1r/pp1b1npp/1q1p1p2/2pP4/5P1N/2N3P1/PPPQB1P1/2KR3R w - - 1 17,h4g6 h7g6 h1h8 f7h8,1067,96,73,107,advantage hangingPiece middlegame short,https://lichess.org/zcw9eCaf#33,Sicilian_Defense Sicilian_Defense_Franco-Sicilian_Variation
07Olj,6k1/pp1n2b1/4N3/4P2p/3Pr2P/1P6/P7/2R3K1 b - - 2 29,g7e5 c1c8 g8f7 e6g5 f7e7 g5e4,1163,77,96,7317,crushing endgame exposedKing fork long master,https://lichess.org/LMm9Iafo/black#58,
0DE1S,r2q1rk1/1bpp1pp1/n1p4p/p3P3/2B1P3/PQ6/1PP3PP/RN3RK1 w - - 1 15,b3b7 a6c5 b7a8 d8a8,1389,74,81,222,advantage middlegame short trappedPiece,https://lichess.org/4utkgPUz#29,Scotch_Game Scotch_Game_Scotch_Gambit
0N7LQ,r4rk1/pp1b2bp/1q2p1p1/4PpP1/3Pp3/2P5/PPQN3P/R1B2RK1 b - - 0 16,g7e5 d2c4 e5d4 c3d4 b6d4 c1e3,1624,75,94,10153,advantage fork long middlegame,https://lichess.org/TLNnXwwR/black#32,Horwitz_Defense Horwitz_Defense_Other_variations
0GjMh,1B1k2r1/p3p1b1/6Qp/2pP4/4N2P/4PN2/Pq3P2/3RK3 w - - 1 28,d5d6 g7c3 e4c3 b2c3 e1f1 g8g6,1853,75,95,8781,advantage long middlegame,https://lichess.org/oYcNjTmz#55,
06RYF,r1bqk2r/pp3ppp/3p1n2/b7/2BpP3/P1N2P2/1P4PP/R1BQ1RK1 w kq - 0 12,d1d4 a5b6 c1e3 b6d4,1135,75,93,1129,advantage opening pin short,https://lichess.org/rqmTUi3G#23,Italian_Game Italian_Game_Classical_Variation
05xH6,8/6kp/1r1p1r2/R7/4p3/P1Pb2P1/3R1PB1/6K1 w - - 0 33,a5a4 b6b1 g1h2 f6h6,865,79,98,1990,advantage endgame master short,https://lichess.org/G4cwthSD#65,
04Qx2,2rq1rk1/3p3p/pb2p1B1/1p2P3/6Q1/P5P1/1n3PP1/2R2RK1 b - - 0 22,d8e7 g6e8 e7g7 g4g7 g8g7 c1c8,2127,75,98,144,advantage discoveredAttack kingsideAttack long middlegame,https://lichess.org/1VAO7hQy/black#44,
0Lmp0,3r2k1/7p/8/3PK3/1p3P1P/3R4/1r6/4R3 w - - 2 40,e5e6 d8e8 e6f6 e8e1 d5d6 e1e8 d3g3 g8f8,1745,77,93,2035,crushing endgame quietMove rookEndgame skewer veryLong,https://lichess.org/kSE6GqHP#79,
0Veg8,3q1r1k/2r3bp/p2p1pp1/5P2/1P1BP3/P6P/3Q2P1/2R2R1K w - - 2 31,d4b6 c7c1 b6d8 c1f1 h1h2 f8d8,1212,77,93,4508,advantage long middlegame,https://lichess.org/M9EAU88t#61,
04vot,2rk1bnr/Q1q1pppp/1n6/8/2BP4/4PP2/3N1P1P/R1B1K2R w KQ - 1 14,c4f7 c7a7 a1a7 c8c1 e1e2 c1h1,1632,77,96,19157,advantage discoveredAttack long opening skewer,https://lichess.org/BUmhzqOO#27,Queens_Gambit_Accepted Queens_Gambit_Accepted_Old_Variation
0C7U8,2kn2nr/ppp2pQp/4p3/8/1b2PB2/2N5/PPP2q1P/2K2B1R w - - 0 13,g7h8 f2f4 c1b1 f4f3 f1g2 f3g2,2057,76,87,300,advantage hangingPiece long middlegame,https://lichess.org/o1H5ic1D#25,Queens_Pawn_Game Queens_Pawn_Game_Anti-Torre
026QC,2r5/R7/1p5p/1kq1pr2/1N1p4/P2P1p2/1PP4P/2K2Q2 b - - 0 36,c8c7 a3a4 b5b4 f1e1 c5c3 b2c3,2174,76,95,9983,crushing endgame long sacrifice,https://lichess.org/AantwQbU/black#72,
0IdZ1,r5k1/7p/4p1p1/3p4/6P1/p1B4P/BPP5/5K2 w - - 0 32,b2b4 a8c8 c3d4 c8c2,1637,74,92,3280,crushing endgame short skewer,https://lichess.org/6mea5wCG#63,
0PoBF,r2q1rk1/4ppb1/p5B1/1p1p4/8/1Q2R3/PPP3PP/3R2K1 b - - 0 22,f7g6 d1d5 f8f7 d5d8,1307,76,93,6587,advantage middlegame short,https://lichess.org/dI5uYJ5I/black#44,
01CmR,5r1k/2p3p1/p1pp3p/8/Pb1PP3/1Q3P2/1P2RK1q/R1B5 w - - 3 25,f2e3 f8f3 e3f3 h2h3 f3f2 h3b3,2305,78,86,181,advantage attraction long middlegame sacrifice skewer,https://lichess.org/iNxnHQeK#49,
0BJad,6k1/2p5/3p4/3P3p/3r2bP/3B4/PPK1p3/4R3 b - - 5 52,d4d5 d3c4 g8g7 c4d5,1201,77,94,7833,crushing endgame pin short,https://lichess.org/cKsCGhty/black#104,
0Dont,8/4k3/5p2/3PpPp1/4PnN1/5PK1/6RP/4r3 w - - 6 55,g2a2 e1g1 g3f2 g1g2 f2f1 g2a2,1453,75,87,432,advantage endgame long skewer,https://lichess.org/XALY8JYa#109,
0SCS8,N1bk1b1r/pp3ppp/2n5/8/2B1p3/8/PPPP1PqP/R1BQKR2 w Q - 1 11,d1e2 c6d4 e2h5 d4c2,1854,77,93,1910,advantage opening short,https://lichess.org/GqvEALl3#21,Italian_Game Italian_Game_Two_Knights_Defense
0DEbT,r1bk3r/pppp1Bp1/7p/2q1b3/4nP2/1QP5/P5PP/RNB2R1K w - - 1 14,f4e5 e4f2 f1f2 c5f2 b3d1 f2f7,1446,75,95,407,advantage long opening,https://lichess.org/Me6HBnjO#27,Italian_Game Italian_Game_Evans_Gambit
0UHvC,rn1R1rk1/p1p2ppp/1p2p3/4P1B1/2P5/3B1P2/P1K2P1P/b6R b - - 0 15,a1e5 d3h7 g8h7 d8f8,1518,77,92,345,advantage deflection kingsideAttack middlegame short,https://lichess.org/0Dl3fQa2/black#30,Nimzo-Indian_Defense Nimzo-Indian_Defense_Leningrad_Variation
0FPvv,r4rk1/1npq1ppp/p1pb4/8/1P4b1/P1N1PN2/5PPP/R1BQ1RK1 w - - 1 17,f3e5 d6e5 d1d7 g4d7,1544,76,90,373,advantage hangingPiece middlegame short,https://lichess.org/yfnpSOAQ#33,Queens_Gambit_Accepted Queens_Gambit_Accepted_Old_Variation
0Jl3T,3r1k2/4bpp1/2p3q1/8/5p2/2P5/PPKNQP2/3R4 w - - 2 26,e2e4 d8d2 c2d2 g6e4,1124,76,97,1402,crushing endgame master pin short,https://lichess.org/DZrI35SM#51,
0ScEw,3r2k1/p4ppp/1p3b2/2n5/1P6/4P3/P1R2PPP/2R3K1 b - - 0 23,c5d3 c1d1 d3b4 d1d8 f6d8 c2c8,1509,75,95,21679,advantage endgame long pin,https://lichess.org/teOcMxn0/black#46,
09CJh,rn2kb1r/p4ppp/2p2q2/3p4/3Q2b1/5N2/PPP2PPP/RNB1K2R b KQkq - 0 9,f8e7 d4g4 f6e6 g4e6,1932,75,93,1367,advantage hangingPiece opening short,https://lichess.org/IEVhz2Vl/black#18,Bishops_Opening Bishops_Opening_Ponziani_Gambit
0ZZrJ,3r4/2R2ppp/4p1k1/1Q2P3/8/7P/PP1q1PP1/6K1 w - - 1 23,b5a4 d2e1 g1h2 e1e5 g2g3 e5c7,1449,78,95,30340,advantage endgame fork long,https://lichess.org/U5qgAfPy#45,
0EWR4,2kr1b1r/pp6/2q5/2pNp2p/1PPnP1p1/P1Q5/3RBPP1/3R2K1 b - - 1 23,f8h6 d5e7 c8c7 e7c6 d4e2 d2e2,976,75,100,204,advantage fork long middlegame,https://lichess.org/KpgpMiY1/black#46,
0EW6J,2r2r2/3bbppk/p2p1n1p/qp2pP2/4P3/PBN1B1QP/1PP3P1/3R1RK1 w - - 2 21,b3f7 f8f7 g3g6 h7g8,1383,76,84,207,advantage hangingPiece middlegame short,https://lichess.org/EE0yIkNh#41,
0CJdf,2r4k/1p1b2pp/1q6/pP1Br3/P1Pp1p2/3Q2P1/5P1P/2RR2K1 w - - 0 27,d3d4 e5e1 g1g2 b6d4 d1d4 e1c1,1743,76,96,18445,advantage intermezzo long middlegame,https://lichess.org/jwDHJtrr#53,
0MSlK,1k3r2/ppp3p1/3pQ2p/6q1/1PBpP1P1/P2P3P/2P4P/R5K1 w - - 0 22,a1f1 g5e3 g1g2 e3e2 g2g3 e2f1,1535,74,94,21704,crushing deflection endgame kingsideAttack long,https://lichess.org/Uf1AuMWf#43,
0J328,2r1r1k1/1p4pn/p3p3/3p4/3P1q2/P1N3R1/1P2Q2K/6R1 b - - 5 32,c8c7 c3d5 e6d5 e2e8,1706,75,96,10093,advantage middlegame short,https://lichess.org/YOIKr6yF/black#64,
0I6QI,1r3k1r/2p2ppp/p1Qb1qn1/8/2P5/1P2B3/P2P1PPP/RN3RK1 w - - 3 16,b1c3 d6h2 g1h2 f6c6,1199,78,92,4296,crushing discoveredAttack master masterVsMaster middlegame short,https://lichess.org/yACNQ3i4#31,Nimzo-Larsen_Attack Nimzo-Larsen_Attack_Modern_Variation
05DyL,5r2/5pkp/p4p1N/1p1b4/4B3/6P1/PP3q1b/2Q1R2K w - - 2 26,e4d5 h2g3 h6g4 f2e1 c1e1 g3e1,1608,75,96,661,advantage exposedKing long middlegame,https://lichess.org/5vgrfq91#51,
0LkgM,r2q1rk1/ppp3pp/2nb1n2/3pNb2/3Pp3/1B6/PPP2PPP/RNBQR1K1 b - - 1 10,d6c5 e5c6 b7c6 d4c5,1549,74,93,4307,advantage opening short,https://lichess.org/WeCytyf3/black#20,Italian_Game Italian_Game_Rousseau_Gambit
0XMH1,1r2r3/p1k3pp/1p1Rbp2/2p1p1b1/2P5/5BB1/PP3PPP/3R2K1 b - - 3 20,b8d8 d6c6 c7b8 d1d8 e8d8 c6e6,1518,75,96,16738,crushing deflection discoveredAttack long middlegame,https://lichess.org/XMPcdLzC/black#40,
08hpi,4qr2/6p1/5bk1/2pQp1p1/2P1P1R1/5B1R/P5K1/1r6 b - - 11 38,e8a8 g4g5 f6g5 f3h5 g6h7 h5e8 g5h6 d5a8,2581,83,91,467,advantage clearance discoveredAttack interference middlegame sacrifice veryLong,https://lichess.org/3PvkyI2h/black#76,
06Wql,8/8/2p5/4kppK/pP2Pp2/P4P2/5P2/8 w - - 0 38,e4f5 e5f5 h5h6 g5g4 f3g4 f5g4 h6g6 f4f3 g6f6 g4h3 f6e5 h3g2,2286,75,95,3627,crushing endgame pawnEndgame veryLong zugzwang,https://lichess.org/3ttL8I6s#75,
0WLUA,r1b2k1r/pppp2b1/2n1p1np/4Pq2/3P3B/2PBQ3/PP3PPP/RN2K2R b KQ - 9 15,f5f4 d3g6 f4h4 e3f3,1385,75,93,352,advantage opening short,https://lichess.org/65ib6o2c/black#30,Modern_Defense Modern_Defense_Other_variations
0CN2w,5rk1/2p3pp/Qbqp1p2/8/PP2P1Pr/5P2/1B5P/R3R2K w - - 1 26,a4a5 h4h2 h1h2 b6g1 h2g1 c6a6,2097,77,92,1295,advantage attraction discoveredAttack kingsideAttack long middlegame sacrifice,https://lichess.org/9YYKCE0N#51,
0BuCk,1KQ2q2/8/p5p1/P5P1/8/6k1/8/8 b - - 0 58,f8c8 b8c8 g3g4 c8b7 g4g5 b7a6,971,76,98,441,endgame,https://lichess.org/3ECe1yRI/black#116,
0AGx4,r4rk1/2p2ppp/p1qp1b2/1p2p2b/4P3/2NP1N1P/PPP2PP1/R2Q1RK1 w - - 0 14,f3e5 c6c3 b2c3 h5d1,2089,78,89,139185,advantage middlegame short,https://lichess.org/7m5ivcqC#27,Ruy_Lopez Ruy_Lopez_Closed
0SHxr,r1b1k2r/ppp1qpp1/2np1n1p/bQ1Bp3/4P3/B1PP1N2/P4PPP/RN2K2R b KQkq - 3 10,e7d7 d5c6 d7c6 b5a5 b7b6 a5b4,1445,74,96,15727,advantage capturingDefender long opening pin,https://lichess.org/1wcn9Tqc/black#20,Italian_Game Italian_Game_Evans_Gambit
05iQ7,r1b2rk1/ppp2pp1/3p3p/6q1/3NPn2/P1BP3P/1PP1BP2/R2Q1K1R w - - 4 14,h1g1 c8h3 f1e1 g5g1,1332,75,87,899,advantage deflection opening short,https://lichess.org/IQm7qnsF#27,Four_Knights_Game Four_Knights_Game_Other_variations
0CxwS,r2q1rk1/p1p2pp1/1p1b1np1/3Q2B1/3P4/5N2/PPP2PPP/R3R1K1 w - - 2 16,g5f6 d6h2 f3h2 d8d5,1409,75,95,9793,advantage discoveredAttack kingsideAttack middlegame short,https://lichess.org/0afLbHoE#31,Russian_Game Russian_Game_Other_variations
0FaX9,r1bqkb1r/1p3pp1/p1nppn1p/2p5/Q1B1P3/2PP1N2/1P3PPP/RNB2RK1 b kq - 3 10,b7b5 c4b5 a6b5 a4a8,1037,83,89,3287,advantage opening pin short,https://lichess.org/aGYDilal/black#20,Sicilian_Defense Sicilian_Defense_Modern_Variations
0MQ41,1r3rk1/5pbp/3p1qp1/p1pP4/1p2Pp2/1P1PB1N1/P5PP/R2Q1RK1 w - - 0 19,f1f4 f6a1 d1a1 g7a1,1108,76,92,832,advantage middlegame short,https://lichess.org/v23LGKSy#37,Sicilian_Defense Sicilian_Defense_Modern_Variations
023oo,r5k1/pp5p/2pN2p1/2P1n3/5Pq1/1P5b/P4RB1/Q5K1 b - - 2 24,a8f8 a1e5 h3g2 f2g2,1103,78,79,579,advantage hangingPiece middlegame short,https://lichess.org/6oHAJVCE/black#48,
0Qzi9,r3k3/1q2n1br/pp1Q4/3P1p2/N3p1p1/8/PPP2PPP/3R1RK1 b q - 0 25,b7d7 d6d7 e8d7 a4b6 d7d6 b6a8,1380,74,95,24453,advantage attraction exposedKing fork long middlegame,https://lichess.org/L3JZ3c81/black#50,
0CJ0F,r1r3k1/1p3ppp/p1q5/3p1p2/1P3Bn1/2PQ2P1/2P4P/R3R1K1 b - - 3 24,c6c3 e1e8 c8e8 d3c3,1486,76,94,7870,advantage deflection middlegame short,https://lichess.org/n2pQu7ll/black#48,
09vi3,1k3r2/1p2Q3/p1q4b/3p4/3P1P2/2P1N3/1P1K4/8 b - - 2 37,h6f4 e7f8 b8a7 f8f4,882,76,98,1892,crushing endgame fork hangingPiece master short,https://lichess.org/BUazETiO/black#74,
0NlGR,2r5/5ppk/pn2p3/8/4P3/PrB2P2/1PR1K1PP/1R6 w - - 1 29,c2d2 c8c3 b2c3 b3b1,1488,75,96,18137,advantage endgame short,https://lichess.org/4INbKGw5#57,
00XXM,3r1br1/Qpqk1p2/p1p1p2p/3nP3/8/2P1NP1N/PP6/1K1R3R b - - 3 25,f8e7 c3c4 b7b6 a7c7 d7c7 c4d5,1693,73,95,11707,advantage long middlegame pin,https://lichess.org/Pd55n9kL/black#50,
0HMHV,5rk1/pp6/6r1/3P3N/2Pp1QPn/8/P7/7K w - - 1 34,f4d4 f8f1 h1h2 h4f3 h2g2 f3d4,1165,76,94,2782,advantage endgame exposedKing fork long,https://lichess.org/JY4WDS9F#67,
0XnmG,r1b1k2r/1p1p1ppp/p1nb1n2/3N4/P3Pp1q/5N2/1PP1K1PP/R1BQ1B1R b kq - 4 10,h4h5 d5f6 g7f6 d1d6,1394,75,95,2861,advantage discoveredAttack opening short,https://lichess.org/UiB0CqZF/black#20,Sicilian_Defense Sicilian_Defense_Closed
08OnY,r1b1kbr1/pp3p2/3Pp2p/1q3n1Q/2Np1PP1/3P4/PPP3P1/R1B2RK1 b q - 0 16,f5d6 c4d6 f8d6 h5b5,909,85,94,554,advantage middlegame short,https://lichess.org/ug2ZFKc9/black#32,Sicilian_Defense Sicilian_Defense_Bowdler_Attack
0MAkh,1r3qk1/pN1n2pp/8/2pP3Q/8/8/PP4PP/R5K1 w - - 1 22,a1f1 d7f6 h5f5 b8b7,1550,74,95,16810,advantage endgame master short,https://lichess.org/yfGpayuY#43,
04711,5kr1/5p2/4p3/pp5R/6P1/P2R2KP/1r6/8 b - - 1 37,b5b4 d3d8 f8e7 d8g8,868,88,84,224,crushing deflection endgame rookEndgame short skewer,https://lichess.org/8j9nzA0u/black#74,
07TUB,8/4Qpp1/kpq5/7p/1PPr4/P6P/5PP1/6K1 b - - 0 30,c6d6 b4b5 a6a5 e7a7,1156,75,95,5843,endgame mate mateIn2 short,https://lichess.org/DNHwzMEq/black#60,
08y3P,8/1p2kpp1/p5r1/2p1P2p/P1B2K2/2P5/1P1R2P1/8 w - - 0 27,g2g3 g6g4 f4e3 g4c4,1206,77,93,3597,advantage endgame short skewer,https://lichess.org/mwiYYXrj#53,
0XwYu,5rk1/pp1b1pbp/2nPr1p1/q7/2P5/2N2N1P/PP1Q1PP1/RB3RK1 w - - 5 21,b1e4 g7c3 b2c3 e6e4,1570,75,92,340,advantage capturingDefender middlegame short,https://lichess.org/7sQTHJJK#41,
07UYW,r1b1k2r/p1pp1pp1/1p5p/2b1P3/4QB2/2N3P1/PPP5/R3KBq1 w Qkq - 0 13,e4a8 g1f2 e1d1 f2f1,1140,76,95,352,advantage deflection master middlegame short,https://lichess.org/vOWd4NPX#25,Vienna_Game Vienna_Game_Falkbeer_Variation
06IH3,1q2k2r/5p2/1Np1p3/2Pp4/3P2pp/2Q1P1N1/P4K2/1R6 w k - 0 27,g3e2 b8h2 f2e1 h2h1 e1d2 h1b1,1718,75,91,869,advantage endgame long skewer,https://lichess.org/cLyyAwYT#53,
0R3AG,2kr1b1r/ppp2ppp/2n2n2/3Pp3/2P5/2BQ1N1P/Pq3PP1/RN2K2R b KQ - 1 12,c6b4 d3f5 f6d7 c3b2,1446,75,94,2844,advantage opening short,https://lichess.org/vKVzEVTI/black#24,Nimzowitsch_Defense Nimzowitsch_Defense_Scandinavian_Variation
0LMSd,3rr1k1/p5pp/5p2/n4b2/2PPN3/bP3N2/4RPPP/4R1K1 b - - 1 29,a3b4 e4f6 g8f7 e2e8,1751,75,93,1754,advantage discoveredAttack kingsideAttack middlegame short,https://lichess.org/NwmXlHme/black#58,
057Rd,r4r1k/ppp1bppp/2p2N2/4Pb2/2P5/qPB3QP/P4PP1/R2R2K1 b - - 8 19,g7f6 e5f6 f5g6 f6e7,984,82,91,562,advancedPawn crushing discoveredAttack kingsideAttack master middlegame short,https://lichess.org/QWMjcmRP/black#38,
0MQCm,r4k2/1p3pRp/7P/p4b2/3B4/8/6P1/5K2 b - - 0 28,a5a4 d4c5 f8e8 g7g8 e8d7 g8a8,1002,77,99,2209,crushing endgame long skewer,https://lichess.org/NuM1YE3i/black#56,
09XB5,r1b2rk1/ppp3pp/2n5/2bn4/4p2q/P1P1B2P/1P2BPPN/RN1Q1RK1 b - - 3 12,c5e3 d1d5 g8h8 f2e3,1413,74,94,2207,advantage hangingPiece intermezzo opening short,https://lichess.org/PPsOU10j/black#24,Ponziani_Opening Ponziani_Opening_Jaenisch_Counterattack
0SqHv,r3r1k1/pppb4/3p4/3Pq2p/2P1p1p1/1Q6/PPB3N1/R3R1K1 w - - 2 27,c2e4 e5d4 b3e3 e8e4 e3d4 e4d4,1592,75,99,5619,advantage discoveredAttack kingsideAttack long middlegame,https://lichess.org/XbNCB8Hw#53,
01mLC,7k/p1q4p/5Pp1/1ppb4/3n1PQ1/2KP4/PP6/2R4R w - - 0 27,h1e1 c7a5 b2b4 a5b4,1808,76,96,13159,endgame mate mateIn2 short,https://lichess.org/eUNPlEHz#53,
0556F,5rk1/5ppb/1pN5/3P1P1P/1PP1n3/4q2P/1QK5/r4BR1 b - - 6 31,a1a2 g1g7 g8h8 g7g8 h8g8 c6e7,2213,74,94,11629,attraction doubleCheck kingsideAttack long mate mateIn3 middlegame sacrifice,https://lichess.org/QglO5BZO/black#62,
00Bp0,1r2kr2/pp3p1p/2b1pn2/4N3/2P5/1N1B4/P3KP1P/6R1 b - - 4 21,f6e4 e5c6 b7c6 d3e4,1320,75,93,8648,advantage capturingDefender middlegame short,https://lichess.org/GN8F9TsL/black#42,
0IJp5,1r2n1k1/4Q2p/2b2pp1/6B1/p1P1P3/2NP4/1q4PP/1R4K1 b - - 3 32,b2b1 c3b1 b8b1 g1f2,1127,85,93,2749,advantage middlegame short,https://lichess.org/PsWwr7PK/black#64,
0UZJe,r3k2r/bpp1nppp/p2p1q2/P4P2/1P1N2b1/2P1B3/3N1QPP/R4RK1 b kq - 2 19,g4f5 d4f5 f6f5 e3a7 f5f2 a7f2,1845,74,90,3225,advantage discoveredAttack long middlegame,https://lichess.org/eWRyUnpV/black#38,Scotch_Game Scotch_Game_Classical_Variation
0BBQC,r4rk1/ppp2pp1/5q1p/3pP3/Q5b1/2PBP3/P4PPP/R3K2R b KQ - 0 15,f6e5 a4g4 e5c3 e1e2 c3b2 e2f3,1374,77,82,135,advantage defensiveMove long middlegame,https://lichess.org/OVbxS608/black#30,Queens_Gambit_Declined Queens_Gambit_Declined_Modern_Variation
0LhbE,r1bqr1k1/pp1nbppp/2p1pn2/8/2BPNB2/P2N4/1PP2PPP/R2QR1K1 w - - 7 16,e4d6 e7d6 f4d6 d7b6 c4a2 d8d6,1527,74,95,20746,crushing discoveredAttack long opening,https://lichess.org/e29GL69H#31,Scandinavian_Defense Scandinavian_Defense_Mieses-Kotroc_Variation
00e7H,8/7p/p1p4k/1p1p4/3Qpq2/2P2NpP/PP4K1/8 w - - 0 44,f3d2 c6c5 d4c5 f4d2,2012,77,94,12170,advantage deflection endgame master masterVsMaster short,https://lichess.org/DTE43D0V#87,
0VxCR,2b2rk1/3q2p1/3pp2p/2p1P2N/1p3PQ1/1P1P1B1P/2r5/6RK b - - 0 27,f8f7 h5f6 f7f6 e5f6,1254,76,94,8235,crushing kingsideAttack middlegame pin short,https://lichess.org/QRukoLUp/black#54,
0G3Ns,2k2b1r/Qpp2p1p/2q5/4pb2/8/2P4P/P4PP1/R2R2K1 b - - 0 19,b7b6 a7a6 c6b7 d1d8 c8d8 a6b7,1458,75,61,484,crushing deflection long middlegame queensideAttack,https://lichess.org/lYAPXyED/black#38,Scandinavian_Defense Scandinavian_Defense_Main_Line
0RBFv,r7/6p1/5pk1/p2R2p1/1p6/2p5/P4PPP/2B3K1 w - - 0 33,d5b5 a8d8 g1f1 d8d1 f1e2 d1c1,1675,74,96,18335,crushing endgame fork long quietMove,https://lichess.org/lnJtHCgN#65,
0EXif,r5k1/ppp1B1pp/6r1/b5N1/3nP3/2p5/P4PPP/RNR3K1 w - - 1 17,b1c3 a5c3 c1c3 d4e2 g1f1 e2c3,1267,73,97,14649,attraction crushing fork long middlegame,https://lichess.org/zMkbMusP#33,Italian_Game Italian_Game_Evans_Gambit
0EA0O,3r4/p3R1k1/2pN1np1/1p5p/7P/8/P4PP1/6K1 b - - 2 31,g7f8 e7f7 f8g8 f7f6,914,78,98,1256,crushing endgame fork short,https://lichess.org/R8MBNlVV/black#62,
0EkC2,8/3b1ppp/8/2p1p1k1/2P1P3/3PK3/6PP/3B4 w - - 7 34,e3f3 d7g4 f3e3 g4d1,715,92,89,1375,bishopEndgame crushing endgame short skewer,https://lichess.org/0vz1h28f#67,
0Apwh,r3k3/ppqn1pp1/2p1pnp1/6N1/2PP4/3B4/PP1Q1PPr/2KR3R b q - 1 14,h2h5 g5e6 f7e6 d3g6,1912,73,95,13869,crushing deflection master middlegame short,https://lichess.org/F89TAnfv/black#28,Queens_Gambit_Declined Queens_Gambit_Declined_Baltic_Defense
0MZTA,5rk1/1p1bbppp/p2q4/B1rp4/3Nn3/1Q2PB2/PP3PPP/2R2RK1 w - - 8 19,a5b4 c5c1 b4d6 c1f1 g1f1 e4d2 f1g1 d2b3,1756,73,95,13622,advantage attraction fork middlegame sacrifice veryLong,https://lichess.org/XF5dnG3n#37,Queens_Pawn_Game Queens_Pawn_Game_Symmetrical_Variation
0KTlE,1r1q1rk1/1bp2p1p/p1np1bp1/1p1Bp3/4P3/2PP1Q1P/PP1NNPP1/R4RK1 b - - 1 13,c6e7 f3f6 e7d5 f6d8 f8d8 e4d5,1414,75,91,3154,advantage hangingPiece long middlegame,https://lichess.org/CKmWUG2Q/black#26,Bishops_Opening Bishops_Opening_Other_variations
0Nqss,3rr1k1/2p1q1pp/p1n1pn2/1pb3B1/8/P4N1P/BPP1QPP1/3RR1K1 w - - 0 20,a2e6 e7e6 e2e6 e8e6 d1d8 c6d8,1142,76,100,382,advantage long middlegame,https://lichess.org/F7Wu3IrL#39,
07046,r5k1/1p3p1p/3Pp1p1/3p4/3b4/6P1/R4PKP/R7 b - - 0 32,a8d8 a2a8 d4a1 a8d8,737,86,97,845,advantage endgame pin short,https://lichess.org/vIhgg5d5/black#64,
0AUuq,rnb2rk1/pppp1ppp/5B2/2q5/2B1P3/8/P1Q2PPP/2K1R1NR b - - 0 11,g7f6 c4f7 f8f7 c2c5,984,81,62,129,crushing discoveredAttack middlegame short,https://lichess.org/EowWkTEF/black#22,Danish_Gambit_Accepted Danish_Gambit_Accepted_Copenhagen_Defense
03sAX,r2qr1k1/pb2bppN/2p1p3/1p1pN3/3P1P2/2P1P1n1/PP4PP/R2Q1RK1 b - - 0 15,g3e4 d1h5 g7g6 e5g6 f7g6 h5g6,1713,75,88,1164,advantage kingsideAttack long middlegame,https://lichess.org/AHzmXLQF/black#30,Queens_Pawn_Game Queens_Pawn_Game_Accelerated_London_System
06Z0u,rQ2k2r/3qppbp/2bp1np1/2p3N1/5B2/2P1P3/P4PPP/1R2KB1R b Kkq - 5 17,a8b8 b1b8 d7d8 b8d8 e8d8 g5f7,842,77,100,255,advantage attraction long middlegame,https://lichess.org/uvLsG51F/black#34,Indian_Defense Indian_Defense_Pseudo-Benko
0N5sE,4k2r/6pp/p3p3/1p2n1Q1/8/1Prq3P/P5P1/K3RR2 b k - 5 26,c3c2 g5e5 d3c3 e5c3,1591,75,93,1947,advantage hangingPiece middlegame short,https://lichess.org/Y4A7rFYY/black#52,
0RYPm,r5k1/5ppp/pqp1p3/1b1rP1B1/1bB3Q1/1P2P2P/5PP1/R2R2K1 b - - 6 21,d5e5 g5f6 b4f8 f6e5,1669,73,94,11272,crushing middlegame pin short,https://lichess.org/gnlrN2Wv/black#42,
09Ouj,6k1/pp4p1/4p1p1/3p2q1/1P4r1/P7/1BR4P/5Q1K b - - 3 29,g5e3 c2c8 g8h7 c8h8 h7h8 f1f8 h8h7 f8g7,1783,75,95,13407,attraction endgame mate mateIn4 sacrifice veryLong,https://lichess.org/TNlpQILm/black#58,
02ICM,4k3/8/8/4N3/1pPP4/pK5P/3n2P1/8 w - - 2 51,b3c2 b4b3 c2d2 a3a2 d2c3 a2a1q,1742,75,96,1954,advancedPawn crushing endgame knightEndgame long promotion sacrifice,https://lichess.org/lUhC65Pm#101,
0ED2b,6r1/4br1k/P1Qp2q1/7p/2P1p2P/5NP1/3N1P1K/5R2 w - - 0 34,c6e4 g6e4 d2e4 f7f3,1244,78,84,278,advantage capturingDefender middlegame short,https://lichess.org/zFqvrbzo#67,
0LDco,rn1qk2r/1p3pp1/p1p1b2p/3nP1b1/2BP1P2/2N3Q1/PP4PP/R1B2RK1 b kq - 0 13,g5h4 g3g7 h4f6 e5f6,1347,75,94,27963,advantage opening short,https://lichess.org/zu09D0rQ/black#26,Philidor_Defense Philidor_Defense_Other_variations
05rVv,r1b1k2r/pp2qppp/2nppn2/3p4/3P1B2/4PN2/PPP2PPP/R2QKB1R w KQkq - 1 8,f1d3 e6e5 f4g5 e5e4 d3e2 e4f3,1590,73,95,20242,advantage fork long opening,https://lichess.org/Zga7CVi3#15,Queens_Pawn_Game Queens_Pawn_Game_Accelerated_London_System
0MwR1,r4rk1/ppp2ppp/3p2q1/3N2b1/2BPPRb1/6P1/PPP4P/4RQK1 b - - 4 17,g5f4 d5e7 g8h8 e7g6,1350,77,96,20221,advantage fork middlegame short,https://lichess.org/lYlcsaWD/black#34,Kings_Gambit_Declined Kings_Gambit_Declined_Queens_Knight_Defense
0MNJA,1r5k/R3P1pp/8/1b1B4/2p5/P5PP/3nr3/2R3K1 b - - 0 40,d2b3 c1f1 e2e7 a7e7,1820,74,94,6372,advantage middlegame quietMove short,https://lichess.org/6sVx8rGz/black#80,
0Iasi,r2k1b1r/ppNbpppp/5n2/8/1q6/4BQ2/PPP3PP/2K2BNR w - - 0 11,c7a8 b4e1 f3d1 e1e3,1178,75,89,426,advantage deflection middlegame queensideAttack short,https://lichess.org/Qa7rhyx6#21,Blackmar-Diemer_Gambit Blackmar-Diemer_Gambit_Ryder_Gambit
04vl4,r2q1rk1/pp5p/2pp1ppb/n3p3/1PbP4/2PB1N1P/P1Q2PP1/RN2K2R w KQ - 0 16,b4a5 c4d3 c2d3 e5e4 d3e4 f8e8,1635,73,94,8630,advantage long middlegame pin,https://lichess.org/orOBmlxZ#31,Modern_Defense Modern_Defense_Other_variations
02X7P,rn2k2r/ppp2ppp/2q1bp2/1B1p4/1b1P4/1PN1PN2/P1PQ1PPP/R3K2R b KQkq - 4 9,b4c3 b5c6 b8c6 d2c3,928,78,80,191,advantage intermezzo middlegame short,https://lichess.org/OhP83a1u/black#18,Richter-Veresov_Attack Richter-Veresov_Attack_Other_variations
049fm,r1b2rk1/1pq2ppp/p2b1n2/2p5/2B5/2N4P/PPPB1PP1/2KRQ2R w - - 3 15,d2g5 d6f4 g5f4 c7f4 e1d2 f4c4,1159,76,95,4977,crushing fork long opening,https://lichess.org/hZwhxR1s#29,Philidor_Defense Philidor_Defense_Other_variations
0PS7Q,1Q3r2/3rk3/8/8/1PqBpp2/2Pb4/P5PP/R3R1K1 w - - 7 38,d4c5 c4c5 b4c5 f8b8,1448,78,95,12410,advantage middlegame short,https://lichess.org/dnnAwflZ#75,
01JKz,r3r1k1/ppp1qppp/5n2/4P3/8/2Q1B3/PPP4P/2KR2R1 b - - 0 19,e7e5 e3d4 e5f4 c1b1 a8d8 g1g7 g8f8 g7g1,2722,121,89,826,advantage defensiveMove middlegame veryLong,https://lichess.org/Eptc3qIK/black#38,
0QeBJ,rn2k2r/p2pnppp/2p1pq2/8/1Q6/P1P2BP1/3P1P1P/R1B1R1K1 b kq - 0 13,f6f3 b4b7 e8g8 b7a8,1441,77,85,1324,advantage middlegame short trappedPiece,https://lichess.org/ECccVgD4/black#26,English_Opening English_Opening_Agincourt_Defense
07CCA,2kr2nr/pp4pp/4pp2/4Pb2/Bq1p1P2/5N2/PPP1N1PP/R2QK2R w KQ - 2 14,c2c3 d4c3 d1c1 c3c2 e1f2 b4a4,2224,79,94,7575,advancedPawn advantage discoveredAttack exposedKing long opening,https://lichess.org/WBMFRcXX#27,Caro-Kann_Defense Caro-Kann_Defense_Other_variations
027Ar,2q2r2/1pp2rpk/p1npbn1p/3Np3/4P2N/P2QP1PP/1PP3BK/3R1R2 b - - 6 18,e6d5 e4d5 e5e4 g2e4,1274,76,93,1446,crushing discoveredAttack master middlegame short,https://lichess.org/uvj6KJdY/black#36,Englund_Gambit Englund_Gambit_Other_variations
0GdgI,r1b3nr/ppq2kpp/4p3/5p1Q/5P2/1K1B4/PPP5/R6R b - - 1 20,g7g6 h5h7 h8h7 h1h7 f7f6 h7c7,1236,75,94,853,advantage long middlegame sacrifice skewer,https://lichess.org/i0f8y4Se/black#40,
07fcs,6k1/p1q2pb1/4p1p1/4P2p/2bPB2P/2P2Q2/Pr1B1PP1/3R2K1 w - - 0 23,d2g5 c4e2 f3f4 e2d1,1374,76,94,10850,crushing fork interference master masterVsMaster middlegame short,https://lichess.org/mSHYuvk1#45,
0N0S8,5rk1/1p4r1/p3p1b1/2PpPq2/P2P1b1p/5R1P/3B2P1/1Q3RK1 w - - 0 37,f3f4 f5f4 f1f4 g6b1,1981,75,95,10755,crushing discoveredAttack middlegame short,https://lichess.org/4ofZKBFw#73,
0XYBB,5q1k/pQp4p/4r3/8/6P1/2p5/PPP2K1P/R1B5 w - - 0 25,b7f3 e6f6 f3f6 f8f6,1508,75,97,12484,advantage endgame pin short,https://lichess.org/V294nYPW#49,
0Jp7r,6RQ/4b3/p4p2/4p2p/7k/8/P3q1PP/5RK1 w - - 5 35,g8g3 e7c5 g3e3 c5e3 g1h1 e2f1,1172,74,96,13004,endgame long mate mateIn3,https://lichess.org/psl7RUei#69,
07kFt,r2qkb1r/p1pb1ppp/8/1B1npnN1/Q7/2P5/PP1P1PPP/RNB1K2R w KQkq - 0 10,g5f7 d7b5 a4b5 e8f7,2192,77,94,3129,advantage intermezzo opening short,https://lichess.org/XwltofXR#19,Italian_Game Italian_Game_Two_Knights_Defense
04zUx,r1bq1rk1/ppp2p2/2np4/3np1B1/2B1P3/P2P4/1PP2bPP/R2Q1K1R w - - 0 13,g5d8 d5e3 f1f2 e3d1,912,77,100,386,advantage fork opening short,https://lichess.org/aXOwT1fS#25,Italian_Game Italian_Game_Giuoco_Pianissimo
0KwAr,r4rk1/3b1p1p/p2p1qp1/1ppPn3/4P3/1P3N1P/1P2QPP1/R1B1R1K1 w - - 0 21,c1g5 e5f3 e2f3 f6g5,1032,82,92,2880,advantage kingsideAttack middlegame short,https://lichess.org/ZxMZ9MXb#41,
0FHrW,7r/pp1bnkpp/3Bpp2/8/3p4/2qB4/P4PPP/1R1Q2K1 b - - 5 25,d7c6 d6b4 c3d3 d1d3,2085,75,94,653,advantage middlegame short trappedPiece,https://lichess.org/zyGF78lG/black#50,
0IKs6,3r1rk1/ppp1q1pp/1n1b1n2/3P2B1/1P4b1/P1N2N2/2P1BPPP/R2Q1RK1 w - - 1 13,g1h1 g4f3 e2f3 e7e5,1787,76,96,16070,advantage middlegame short,https://lichess.org/Hec8JAZ2#25,Englund_Gambit_Complex Englund_Gambit_Complex_Soller_Gambit
0JblX,3r1k1r/p1p2ppp/8/1B6/6P1/2Q1q3/PPPR2PP/2K4n b - - 5 19,e3c3 d2d8 f8e7 d8d7 e7e6 b2c3,1751,72,95,15958,advantage endgame hangingPiece long,https://lichess.org/SnzY25Ks/black#38,
0LmWt,5n2/r4kp1/4p3/p2p4/3P1N2/2P2PR1/Pr6/6RK b - - 1 31,f7f6 f4h5 f6e7 g3g7 e7d6 g7a7,1281,77,95,26721,crushing deflection endgame long skewer,https://lichess.org/ALmAnaDV/black#62,
096U9,r2q1rk1/pp2pp1p/3pn1p1/3N4/2Q5/8/PP3PPP/R2R2K1 b - - 2 18,a8c8 c4c8 d8c8 d5e7 g8g7 e7c8,1566,75,96,8854,advantage attraction fork long middlegame sacrifice,https://lichess.org/W0ujN1I2/black#36,Sicilian_Defense Sicilian_Defense_Smith-Morra_Gambit
0HvzB,6k1/2r2pp1/4pn1p/1Br5/P2N4/7P/2b2PP1/2R2RK1 b - - 1 34,c2d3 c1c5 c7c5 b5d3,1248,76,91,3482,advantage middlegame short,https://lichess.org/j6cBf9Ii/black#68,
0HgjA,1k1r3r/pp6/4Bn2/b1P2ppp/4p3/4P1PP/1B3PN1/5RK1 b - - 0 30,d8d2 b2f6 h8h6 f6e5 a5c7 e5c7,1709,75,93,3109,advantage hangingPiece long middlegame queensideAttack,https://lichess.org/lbbXkvhi/black#60,
0LSZc,4r1k1/ppb2p2/5P1p/3bP1p1/3p4/2q3P1/P1B1QB2/2R3K1 b - - 4 36,c3b2 c2h7 g8h7 e2b2,1149,77,83,767,advantage discoveredAttack middlegame short,https://lichess.org/SUtKUTt4/black#72,
01srl,2r1r3/pQ5p/5kp1/1P6/P7/8/5PPP/4R1K1 w - - 1 34,e1e8 c8c1 e8e1 c1e1,783,89,95,3353,backRankMate endgame mate mateIn2 queenRookEndgame short,https://lichess.org/T6cxLj6c#67,
07mNZ,r2qr1k1/p1p2pp1/1p1b3p/n7/Q2P4/2P3P1/PB1N1PKP/1R2R3 b - - 2 17,d8g5 e1e8 a8e8 a4e8,913,77,99,959,advantage kingsideAttack middlegame short,https://lichess.org/4QAJ5EUg/black#34,Four_Knights_Game Four_Knights_Game_Other_variations
0VsXL,2r1kb1r/pp1q1pp1/3Ppn1p/1NB4b/2P5/3B1P2/PP3P1P/R2QR1K1 w k - 2 16,b5c7 c8c7 d6c7 f8c5,1700,75,93,765,advantage opening short,https://lichess.org/CvYandJj#31,Scandinavian_Defense Scandinavian_Defense_Mieses-Kotroc_Variation
0SGkW,r4bk1/pppn1qp1/3p4/4P1p1/1PQ1P1P1/2P2N2/P4PK1/R6R w - - 6 30,e5e6 f7f3 g2f3 d7e5 f3g3 e5c4,1509,74,93,9349,advantage attraction fork long middlegame sacrifice,https://lichess.org/jYIGVrxW#59,
069H6,3r2k1/3P1pp1/1r5p/8/8/8/6PP/2RR3K b - - 0 34,b6b7 c1c8 b7d7 c8d8 d7d8 d1d8,988,77,99,1119,crushing endgame long rookEndgame xRayAttack,https://lichess.org/36ZbdrWa/black#68,
0GWe3,5rk1/p3R1bp/3pN3/q1pP4/5pp1/2PB1P2/1r3BPP/5RK1 b - - 3 26,g7e5 d3h7 g8h8 e6f8,1363,76,77,905,advantage kingsideAttack middlegame short,https://lichess.org/BtfsyM6b/black#52,
0Uv8Q,2rq2k1/pb2brpp/3ppn2/1p6/3PP3/P2B1N2/1Pn1QPPP/1RB2RK1 w - - 0 16,d3c2 c8c2 e2c2 b7e4 c2b3 e4b1,1490,75,97,18749,advantage long middlegame skewer,https://lichess.org/mDLqGQ9T#31,Yusupov-Rubinstein_System Yusupov-Rubinstein_System_Other_variations
0AFgI,5rk1/pp6/2pb1q2/3p2p1/3P3p/2P1Q1P1/PP1NNnKP/5R2 b - - 1 26,h4g3 e2g3 d6f4 e3f2,2336,77,97,943,advantage capturingDefender interference middlegame short,https://lichess.org/Kmr7DJZ1/black#52,
00KMV,1r3k2/1p1q1p2/p2p1np1/2pP2bp/2P1P1n1/1PQ3P1/P3N1K1/3N1R1R b - - 11 28,f6e4 c3h8 f8e7 h8b8,947,84,93,2624,crushing middlegame short skewer,https://lichess.org/zMA7YEmv/black#56,
0KdA5,1r5k/6pp/p7/5p2/8/Pqp5/2R2QPP/K3R3 w - - 2 35,e1c1 b3a3 c2a2 a3c1,1127,77,92,6535,deflection endgame mate mateIn2 short,https://lichess.org/mKmQtt0P#69,
0ITxW,1q1r2k1/p5pp/2p5/2QP1p2/7R/1P2P1P1/P4PP1/2K5 w - - 0 23,c5c6 d8c8 h4c4 c8c6 d5c6 b8c7,1474,74,94,9419,advantage endgame long pin,https://lichess.org/R2Qr6gyQ#45,
04OYD,r1b1k2r/pppn3p/3bpqp1/3p1p2/3P3N/P3P1P1/1PPNBPP1/R2QK2R w KQkq - 4 11,h4g6 h7g6 h1h8 f6h8,1718,78,94,2813,advantage hangingPiece opening short,https://lichess.org/QYnRhe5u#21,Dutch_Defense Dutch_Defense_Other_variations
0MwgH,1rbqr1k1/1p3p2/p2b1n1p/2pPp1p1/P1P5/2NB2BP/1PQ2PP1/R4RK1 w - - 2 18,f2f3 e5e4 c3e4 f6e4 f3e4 d6g3,1591,76,92,3139,advantage capturingDefender long middlegame,https://lichess.org/gjTKfCaU#35,Benoni_Defense Benoni_Defense_French_Benoni
0KSLg,4r1kr/p2nP3/2Q4p/1p1p1R2/3P3q/8/PP3PP1/5RK1 b - - 1 31,h4e7 c6g6 e7g7 g6e8,1211,75,94,11653,crushing deflection middlegame short,https://lichess.org/RYYy51Pb/black#62,
0Cill,r1b2r2/2q2pk1/p3pb1p/1p1p1PNQ/8/8/PPP3PP/R1BR2K1 b - - 0 21,h6g5 c1g5 f8h8 g5f6 g7f6 h5h8,1396,74,98,4304,advantage attraction long middlegame,https://lichess.org/AENEuReI/black#42,
0A7T2,rR4k1/5pbp/2rp1np1/4p3/2PpP3/3P1P1N/2qB1QPP/1R4K1 b - - 2 36,a8b8 b1b8 g7f8 b8f8 g8f8 d2h6,2093,78,89,1517,attraction crushing kingsideAttack long middlegame,https://lichess.org/9GNPFM9T/black#72,
0DFG1,r2q1rk1/1pp3pp/p2p4/4p3/3nP1n1/P2B1N2/1PPB1P2/R2Q1RK1 w - - 2 16,f3d4 d8h4 d1g4 h4g4,1339,75,89,2217,advantage kingsideAttack middlegame short,https://lichess.org/y9vYvTVK#31,Nimzowitsch_Defense Nimzowitsch_Defense_Other_variations
0Awt3,2rqrk2/3n1p2/p2bpn1Q/1b1pN3/1p1P4/6RP/PP2NPP1/1BB3K1 b - - 0 25,f8e7 e5g6 f7g6 h6g7,2011,77,95,11616,mate mateIn2 middlegame sacrifice short,https://lichess.org/mZDxNj0v/black#50,
0402R,7k/p6p/1p1rrp2/3P4/2P1b3/1P2R1P1/P4p1P/K4R2 b - - 1 37,e4g2 d5e6 g2f1 e6e7 f1c4 e7e8q,2272,78,93,8690,advancedPawn advantage endgame long promotion,https://lichess.org/XovXV212/black#74,
0Urug,2r3k1/pp1Q1pp1/2r4p/2q1PP2/8/2nB1N2/PP5P/1K1R2R1 w - - 1 25,b2c3 c6b6 d3b5 b6b5 d7b5 c5b5,1462,76,96,3152,advantage long middlegame queensideAttack,https://lichess.org/IFdZ1e0g#49,
05eZx,8/6pk/1pqr2bp/8/2P2Q2/7P/5RPK/5R2 w - - 0 40,f2d2 d6f6 f4b8 f6f1,1794,73,94,11045,advantage endgame short skewer,https://lichess.org/IeaXinWX#79,
0BIsO,2r3k1/p2q3p/3ppQn1/2p2pP1/2N5/3P1K1P/P7/4R3 b - - 7 31,d7f7 f6f7 g8f7 c4d6 f7e7 d6c8,1455,74,96,24958,attraction crushing endgame fork long master,https://lichess.org/8s8X4ahZ/black#62,
0Shwm,4r1k1/1p3pp1/6np/2pP4/p1P1Nb2/2Q3PP/PP1NqP2/1R4K1 b - - 0 26,e8e4 d2e4 e2e4 b1e1,1863,80,94,9997,advantage middlegame short,https://lichess.org/fUch4E0e/black#52,
0Awgb,4k3/2p3p1/3b3p/6r1/2B5/1P3R1P/6P1/7K b - - 6 33,g5g6 c4f7 e8d7 f7g6,947,82,92,1241,advantage endgame fork short,https://lichess.org/NBVORB23/black#66,
0Mz6E,1r6/8/p1B4k/2b2RR1/7P/6P1/3r4/6K1 w - - 1 39,g1h1 b8b1 f5f1 b1f1,1136,76,96,10660,endgame mate mateIn2 short,https://lichess.org/iAv9lPpL#77,
0PfDk,r2q1rk1/pp1bppbp/3p1np1/8/3BPPP1/2N5/PPP1B2P/R2Q1RK1 b - - 0 11,f6g4 d4g7 g8g7 e2g4,1631,75,92,2335,advantage intermezzo master opening short,https://lichess.org/JMuRdVOX/black#22,Sicilian_Defense Sicilian_Defense_Accelerated_Dragon
07sC5,rk6/pr3ppp/3R4/1p1p4/2pP4/2P1P3/5PPP/R4K2 b - - 5 23,a7a5 d6d8 b8c7 d8a8,680,89,88,427,advantage deflection endgame queensideAttack rookEndgame short skewer,https://lichess.org/sMMuLpuJ/black#46,
0MEb8,8/2r3pQ/2qpkr2/p3p3/1p2P3/8/PPP3R1/1KR5 w - - 8 32,g2g7 c6c2 c1c2 f6f1 c2c1 f1c1,1394,76,96,9564,endgame long mate mateIn3 sacrifice,https://lichess.org/h6XXeDcu#63,
037fN,r1r3k1/5pp1/p2bp3/3p2RQ/1p6/2Nq3P/PP3P2/K5R1 b - - 1 22,g7g6 g5g6 d3g6 g1g6 f7g6 h5g6,1068,83,93,1515,advantage kingsideAttack long middlegame,https://lichess.org/eBqHQxjA/black#44,
0GVbM,4r3/1p2rp1p/2p4k/p2p1p2/4nN1P/1P4P1/PBP5/1K2R1R1 w - - 0 24,b2c1 e4c3 b1b2 e7e1 f4g2 e1c1,1415,75,93,4169,crushing discoveredAttack long middlegame queensideAttack,https://lichess.org/Iil7JTVI#47,
0HiKJ,3r2k1/p1p2ppp/3r4/2pP4/2P5/3R4/PP4PP/3R2K1 b - - 0 22,c7c6 d5c6 d6d3 d1d3 d8d3 c6c7,1336,77,81,220,advancedPawn crushing endgame long rookEndgame sacrifice,https://lichess.org/Nkv81TmB/black#44,
05SOm,6rk/3b1prp/p2p1Q2/2pPp3/3qP1P1/5B1P/5PK1/R6R w - - 3 26,f6d6 d7g4 h3g4 g7g4 f3g4 d4e4 g2f1 e4h1 f1e2 h1e4,2610,81,91,2105,crushing deflection fork middlegame pin sacrifice skewer veryLong,https://lichess.org/mya3BFq3#51,
0EXhU,r1b2k1r/pp4pp/2pq4/3B2B1/3Q4/8/P4PPP/4R1K1 b - - 1 18,c6d5 g5e7 d6e7 e1e7 f8e7 d4g7 e7d6 g7h8,1355,75,95,20673,advantage attraction capturingDefender fork middlegame veryLong,https://lichess.org/EWdo2tjF/black#36,Italian_Game Italian_Game_Giuoco_Piano
0CSpP,1r4k1/2q1ppb1/n2p1np1/p1pP4/b1P1PNP1/PrBQ1P2/1P5R/2K2B1R b - - 7 22,f6d7 h2h8 g7h8 h1h8,1561,75,96,10008,kingsideAttack mate mateIn2 middlegame sacrifice short,https://lichess.org/WLXPn8bU/black#44,
0GR8S,r1bqr2k/pp3Qpp/1bnp1pn1/1B6/4P2B/2P2N2/PP3PPP/RN3RK1 w - - 6 13,h4g3 c8e6 f7b7 c6a5 b7a8 d8a8,1961,74,95,7976,advantage long middlegame,https://lichess.org/y6uxMLRN#25,Ruy_Lopez Ruy_Lopez_Classical_Variation
04fOl,8/1p4pk/r4p2/7P/1b2n3/p2QPqP1/2P2P2/B1K2R1R w - - 2 28,h5h6 b4d2 d3d2 e4d2,1022,75,100,474,advantage middlegame queensideAttack short,https://lichess.org/FyHCIrt4#55,
0OEkV,1r3b1k/1q2r2p/p5p1/3Rp3/6P1/2B5/PPP2P1Q/1K5R w - - 3 30,c3e5 e7e5 h2e5 f8g7 h1h7 h8h7,1680,75,96,6738,advantage long middlegame sacrifice,https://lichess.org/o3wnzKNY#59,
0AaeI,5r1k/p2P2p1/4Pq1p/Q7/8/8/5PPP/5RK1 w - - 0 31,f1e1 f6f2 g1h1 f2f1 e1f1 f8f1,947,86,94,1465,backRankMate endgame long mate mateIn3 sacrifice,https://lichess.org/KyjwHZ2D#61,
0GFp8,2kr3r/pppbqpb1/2n1p1p1/1N1p3p/1BPPn3/1Q2PN2/PP2BPPP/2R2RK1 b - - 3 12,e7b4 b5a7 c6a7 b3b4,1223,79,73,291,advantage deflection middlegame queensideAttack short,https://lichess.org/ayVgor9q/black#24,Grunfeld_Defense Grunfeld_Defense_Other_variations
04Mis,r1b3k1/5rpp/p1n1Np2/1p1n4/2pP1q2/2P2N2/PPB2PPP/R2QR1K1 w - - 1 18,c2e4 c8e6 e4h7 g8h7,1206,74,90,546,advantage hangingPiece middlegame short,https://lichess.org/aQ1CjDrE#35,Sicilian_Defense Sicilian_Defense_Old_Sicilian
0Uswr,r1bk1b1r/ppN1pppp/2np4/4q3/2BN2n1/4B3/PPP2PPP/R2Q1RK1 w - - 4 12,d4c6 b7c6 d1g4 c8g4,1866,75,75,473,advantage opening short,https://lichess.org/gyFdIQZW#23,Sicilian_Defense Sicilian_Defense_Old_Sicilian
0PRUQ,r5k1/p1q3pp/2Nbbr2/1p1p1p2/3PnP2/2P1B3/PP1NQ1PP/R5RK w - - 1 23,c6e5 e4g3 h2g3 f6h6 e2h5 h6h5,1528,75,97,22507,kingsideAttack long mate mateIn3 middlegame sacrifice,https://lichess.org/PlLEYmac#45,
07Utx,r4rk1/7p/4p1p1/3p4/1p3P2/pPq1b1RQ/P2N2R1/3K4 b - - 1 33,d5d4 g3g6 g8h8 g6g7 c3a1 d1e2 d4d3 e2e3 a1e1 e3f3,2385,91,90,516,advantage defensiveMove middlegame veryLong,https://lichess.org/3T1IT19E/black#66,
0DvRV,r2q1rk1/pbp1bp2/5n1Q/3p4/8/3B4/PPP2PPP/RN1R2K1 b - - 0 16,f6e4 d3e4 d5e4 d1d8,943,96,95,474,advantage discoveredAttack opening short,https://lichess.org/zTfxHLD5/black#32,Scotch_Game Scotch_Game_Schmidt_Variation
0ANCp,5rk1/ppp2qp1/2npp1r1/2b1p2p/4P3/3P3P/PPPN1PPN/R2Q1RK1 w - - 2 15,d1h5 g6g2 g1g2 f7h5,1305,76,86,2997,crushing discoveredAttack kingsideAttack middlegame short,https://lichess.org/2QQwb65z#29,Italian_Game Italian_Game_Giuoco_Piano
01Bmi,rn1qk2r/ppp2ppp/5b2/3P4/4P3/5b1P/PPP1QPP1/RN2KB1R w KQkq - 0 10,e2f3 f6b2 f3b3 b2a1,1081,78,90,812,advantage middlegame short trappedPiece,https://lichess.org/cUrVP72f#19,Elephant_Gambit Elephant_Gambit_Paulsen_Countergambit
07ilT,r1b1k1nr/pp1p1ppp/4pq2/8/3bP3/2N3P1/PPP1QP1P/R1B1KB1R w KQkq - 0 10,f1g2 d4c3 b2c3 f6c3 e2d2 c3a1,1229,73,95,13082,advantage fork long opening,https://lichess.org/jpOeFgkF#19,Sicilian_Defense Sicilian_Defense_Taimanov_Variation
04isr,rr5k/4Np1p/5Ppb/8/p2P4/Q7/1B1q2PP/1R3RK1 w - - 2 30,b2c1 d2d4 g1h1 b8b1 a3f3 a8a6 c1h6 b1f1 f3f1 a6f6 f1c1 f6d6,2750,120,90,1567,advantage defensiveMove middlegame veryLong,https://lichess.org/DH95mDrg#59,
0FbIy,2rr2k1/p4p1p/5np1/2N5/1P6/P1q2BQ1/2b2PPP/R1R3K1 w - - 9 26,c5e4 f6e4 f3e4 c3g3 h2g3 c2e4,1850,73,94,15062,advantage long middlegame,https://lichess.org/uh7TWRi9#51,
0Bpwo,2r1rb2/pbqR1p1k/1p3p1p/2P1NN2/8/6Q1/PP3PPP/R5K1 b - - 1 24,c7e5 d7f7 h7h8 f7f8 e8f8 g3g7,1445,76,97,23629,fork long mate mateIn3 middlegame,https://lichess.org/NYojGdmm/black#48,
09p0V,4qk2/4bppp/8/3QN3/1p6/2p3P1/5P1P/6K1 b - - 7 39,f7f6 e5d7 e8d7 d5d7,1138,80,93,4516,advantage endgame short,https://lichess.org/koyMUHhi/black#78,
0FTtN,r1bqr1k1/1p3p2/3p3p/p3p1PQ/P2nP3/1NbB2P1/1PP3P1/R4RK1 b - - 1 17,d8g5 h5f7 g8h8 f7e8,1086,77,97,7360,crushing fork middlegame short,https://lichess.org/XH26Hayi/black#34,Sicilian_Defense Sicilian_Defense_Lasker-Pelikan_Variation
0815n,4r1k1/pp3p2/5PpR/3p1q2/3P4/6P1/P2Q2KP/8 b - - 2 35,e8c8 h6h8 g8h8 d2h6 h8g8 h6g7,1056,81,94,7219,attraction endgame long mate mateIn3 sacrifice,https://lichess.org/1yK9mRW9/black#70,
035y8,8/8/4b1k1/3pPpq1/1p1P3p/2rQP1pP/6P1/1B3RK1 w - - 2 41,d3d2 g5e3 d2e3 c3e3,920,76,98,481,crushing endgame master short,https://lichess.org/dqkDlyrg#81,
0M0Au,rnb2rk1/ppp2ppp/3b4/q7/8/2PBBN2/PP3PPP/R2QK2R w KQ - 1 12,d3h7 g8h7 f3g5 h7g8,1193,76,92,414,advantage defensiveMove hangingPiece opening short,https://lichess.org/BfBJdpjs#23,Russian_Game Russian_Game_Other_variations
0JHet,2r2rk1/1p2qp1p/p5pb/n2Bp3/3pP3/P2Q2PP/1P3PN1/R4RK1 b - - 3 22,e7c5 b2b4 c5c3 d3c3 d4c3 b4a5,1724,74,96,12660,advantage fork long middlegame,https://lichess.org/D6yiqlUJ/black#44,
083c4,r1b4r/pppk1NQp/2nbq3/3p4/5P2/8/PPPP1KPP/R1B4R b - - 0 14,h8f8 f7d6 e6e7 g7e7,2088,76,84,828,advantage discoveredAttack middlegame short,https://lichess.org/VdMDJrqN/black#28,Four_Knights_Game Four_Knights_Game_Italian_Variation
0QGQ9,1r3b1r/p4k1p/4pp2/6p1/P2PB3/2p1P1P1/5P1P/2R1K2R w K - 0 24,c1c3 f8b4 e1g1 b4c3,1472,75,92,7046,advantage endgame pin short,https://lichess.org/q2lPvlKo#47,
0IzqQ,6k1/pp3rPp/8/6n1/2p2P2/2P5/PP5K/3B1R2 b - - 0 29,g8g7 f1g1 f7f4 g1g5,1587,75,95,10580,crushing endgame master pin short,https://lichess.org/QtBb06Vv/black#58,
0UGku,3r2r1/p1pk1p1p/2b5/8/5P1b/1P4NP/P1P1R1PK/R1B5 w - - 7 25,e2d2 d7c8 d2d8 c8d8,1644,75,91,199,advantage defensiveMove middlegame short,https://lichess.org/PktMQp70#49,
04P1b,5rk1/2bB3p/pp4p1/2p5/2Pp4/PP1P4/5RQP/2B1q1K1 w - - 1 32,f2f1 c7h2 g1h2 f8f1,2205,91,90,2199,crushing deflection kingsideAttack middlegame short,https://lichess.org/09C2Poae#63,
0Dnr5,rnb1k2r/pp3ppp/2p1pq2/3N4/3P2Pb/P4Q1P/1PPBK3/R4BNR b kq - 0 11,f6f3 g1f3 c6d5 f3h4,1136,75,100,540,advantage opening short,https://lichess.org/t5VKWMif/black#22,Blackmar-Diemer_Gambit_Accepted Blackmar-Diemer_Gambit_Accepted_Ryder_Gambit
05cZt,8/2k5/p6p/1r1R3K/8/6P1/8/8 w - - 34 55,d5b5 a6b5 g3g4 b5b4 h5h6 b4b3 g4g5 b3b2 g5g6 b2b1q,747,81,94,896,advancedPawn crushing endgame promotion quietMove veryLong,https://lichess.org/iv8y1bWq#109,
05iL1,2kr4/p1p2pQp/1pP1p3/PP4r1/7q/7P/5PP1/R4RK1 w - - 1 26,g7f7 h4h3 g2g3 g5h5 f7h5 h3h5 a5b6 c7b6,2230,78,93,5476,advantage endgame pin veryLong,https://lichess.org/jYFrol0u#51,
0Gj2Y,3q2k1/6b1/p3bNp1/4p2p/1Prp3P/6P1/P4QBK/5R2 b - - 0 28,g7f6 f2f6 d8f6 f1f6 e6f7 f6f7,1527,77,95,18953,advantage long middlegame,https://lichess.org/FLRjEZyC/black#56,
0Kubd,r1b1kb1r/ppp3pp/3p1q2/3Q2N1/4p3/1P2P3/P1P3PP/RN2KB1R b KQkq - 0 11,f6a1 f1b5 c7c6 b5c6 b7c6 d5c6,2193,75,91,183,advantage exposedKing long middlegame,https://lichess.org/YGmyjy83/black#22,Nimzo-Larsen_Attack Nimzo-Larsen_Attack_Other_variations
0Ndni,r2q1r1k/p1pn2np/1p3bp1/3Qpp2/2P5/P1N1PN1P/1P3PPB/2R2RK1 w - - 2 18,h2e5 d7e5 f3e5 d8d5,1604,77,89,728,advantage discoveredAttack middlegame short,https://lichess.org/SJ5L52Mk#35,Dutch_Defense Dutch_Defense_Classical_Variation
0MOCu,3k2r1/pp1b4/4p2p/3pN3/3P4/2PB2p1/PP3PPq/2RQ1K2 w - - 0 24,f2f3 h2h1 f1e2 h1g2 e2e3 g2f2,1087,77,94,660,crushing deflection long middlegame,https://lichess.org/L0BlGx7r#47,
0OaUm,1k5r/pp1rnppp/1q2p3/4P3/8/PR6/1Q2BPPP/2R3K1 b - - 6 22,b6d4 b3b7 d7b7 b2d4,1292,76,85,593,advantage deflection middlegame queensideAttack short,https://lichess.org/9ue1X1BU/black#44,
05aa7,1rq1n1k1/2P1rpp1/1P4p1/8/8/4PQ2/5PPP/1RR3K1 b - - 0 30,b8b7 f3b7 c8b7 c7c8q,1067,84,95,1620,advancedPawn crushing middlegame promotion short,https://lichess.org/kfjfrH1T/black#60,
0NSmH,rnbqk2r/pp3ppp/3ppb2/7Q/2P1N3/5N2/PP3PPP/R3KB1R b KQkq - 3 10,f6b2 h5b5 b8c6 b5b2,1848,75,95,15133,advantage fork opening short,https://lichess.org/uAlhc7sp/black#20,Sicilian_Defense Sicilian_Defense_Other_variations
035gC,3r1bk1/1p1n1p1p/4p1p1/8/2P5/1PBBP2P/r5P1/3R1RK1 b - - 2 24,d7c5 d3g6 h7g6 d1d8,2184,79,90,122,advantage discoveredAttack middlegame short,https://lichess.org/CI5ox8tx/black#48,
09tN6,5rk1/bp3rpp/8/p1pQ4/3P4/P3R1NP/1q4P1/5R1K b - - 1 34,b2d4 d5f7 f8f7 e3e8 f7f8 f1f8,1468,75,96,24015,long mate mateIn3 middlegame sacrifice,https://lichess.org/0XUqSjpj/black#68,
00eTD,r1bq1r2/2p2p1k/pb1p1pnp/1p2p2Q/1P2P2N/P1PP1N2/B4PPP/R4RK1 w - - 6 17,a2f7 g6f4 f7g6 h7g7 h4f5 c8f5,1948,75,92,746,advantage defensiveMove long middlegame,https://lichess.org/KMvmskSd#33,Italian_Game Italian_Game_Giuoco_Pianissimo
09FaG,r3kb1r/p2n2pp/2p5/q3Pp2/P4B2/2p3P1/4PPBP/R2QK2R w KQkq - 1 17,g2c6 c3c2 d1d2 f8b4,1411,74,97,10616,advancedPawn advantage discoveredAttack middlegame pin short,https://lichess.org/QTIizZGA#33,Dutch_Defense Dutch_Defense_Normal_Variation
0TGE1,1r2r1k1/1Bp2ppp/3q4/p3Nbb1/3P1p2/P1P4P/1P3PP1/R2Q1RK1 w - - 1 20,b7c6 e8e5 d4e5 d6c6,1493,75,88,646,advantage capturingDefender middlegame short,https://lichess.org/2FO4K0YY#39,
0C6Em,3r2k1/1pb2bp1/p6p/2P1p3/1P2n3/P3B1PP/2Q2P2/6K1 w - - 0 31,c2e4 d8d1 g1g2 f7d5 e4d5 d1d5,1008,76,97,3411,crushing endgame long master pin,https://lichess.org/H1y1Y6tu#61,
040mV,2r3k1/p1r1q3/1p2p1pQ/3bPpN1/8/3n3P/PPB2PP1/2R1R1K1 w - f6 0 25,h6g6 e7g7 g6g7 g8g7 c2d3 c7c1,1768,78,88,154,advantage defensiveMove long middlegame,https://lichess.org/TROIid0M#49,
03Nmh,5R2/8/6p1/r3n2p/P3k3/6K1/5P1P/8 b - - 12 50,a5a4 f8f4 e4d5 f4a4,814,89,96,1898,advantage endgame short skewer,https://lichess.org/ZGCpuZFX/black#100,
0BL3T,2r5/pp4pp/5k2/2r1pb2/1b6/1BN1P3/PP3PPP/2RK3R w - - 12 20,c3d5 c5d5 b3d5 c8d8 d1e2 d8d5,1777,75,95,10791,advantage long middlegame pin sacrifice,https://lichess.org/mnBv3IKv#39,
0Adck,1k2R3/p5q1/1p1p1b2/PPpP1p2/2Pn4/5Prr/3Q2P1/R2B2K1 b - - 1 29,b8c7 a5b6 c7d7 a1a7 d7e8 a7g7 g3g7 b6b7 g7b7 g2h3,2111,75,93,5587,advancedPawn crushing discoveredAttack middlegame skewer veryLong,https://lichess.org/zKTizCxn/black#58,
00yfJ,r1b1k2r/p4p1p/2p1p3/1pR1Pp2/qn1P4/2Q2N1P/5PP1/1B3RK1 b kq - 0 19,b4d5 c5d5 c6d5 c3c6,1594,76,92,324,clearance crushing middlegame sacrifice short,https://lichess.org/3cvQUqUJ/black#38,Queens_Gambit_Declined Queens_Gambit_Declined_Other_variations
0Rxt3,rn1qkb1r/ppp1pppp/5n2/5b2/5P2/1BNp4/PPP3PP/R1BQK1NR b KQkq - 1 6,d3c2 b3f7 e8f7 d1d8,1632,75,88,251,advantage attackingF2F7 deflection master opening short,https://lichess.org/n303YHho/black#12,Bird_Opening Bird_Opening_Williams_Gambit
0Q1GF,8/8/8/1p4p1/4K1PP/2k5/2P5/8 b - - 0 52,g5h4 g4g5 h4h3 e4f3 b5b4 g5g6 c3c2 g6g7 h3h2 f3g2 b4b3 g7g8q,1708,74,94,9623,advancedPawn crushing endgame master pawnEndgame promotion quietMove veryLong,https://lichess.org/vQsQ0LQi/black#104,
05mC3,r4r2/ppqn1ppk/3bb3/2ppN3/3P4/3Q1N1P/PPP2PP1/R3R1K1 b - - 1 15,f7f5 f3g5 h7g8 g5e6,967,76,100,249,advantage fork middlegame short,https://lichess.org/AhY4PWMP/black#30,French_Defense French_Defense_Knight_Variation
0Keza,4r1k1/6pp/1p3p2/2pP1q2/P1P2P2/6P1/6Q1/1R4K1 w - - 0 33,b1b6 e8e1 g1f2 f5c2 f2e1 c2g2,1141,76,95,1287,crushing deflection endgame exposedKing long skewer,https://lichess.org/Zv31aQSi#65,
0Gq9j,3rr1k1/2p3pp/p1p5/1q6/2Nb4/P3PR1P/1P2Q1P1/3R2K1 w - - 2 23,g1h2 d4e5 h2g1 d8d1 e2d1 b5c4,1288,78,94,21211,crushing discoveredAttack long middlegame,https://lichess.org/FH3pmbZj#45,
04mZc,r1b2rk1/pp1p1pbp/1qn1pnp1/2p3B1/2B1P3/P1NP1N2/1PP2PPP/R2QK2R b KQ - 0 9,b6b2 c3a4 b2a1 d1a1,1526,74,95,4456,advantage opening short trappedPiece,https://lichess.org/aiOdVccM/black#18,Sicilian_Defense Sicilian_Defense_Hyperaccelerated_Dragon
05dnT,8/6r1/P6k/R4K1P/6P1/8/8/8 w - - 3 61,a6a7 g7g5 f5e4 g5a5 a7a8q a5a8,1321,77,100,134,crushing endgame long rookEndgame skewer,https://lichess.org/bEc7hRAl#121,
03U1f,1k2r3/p2p4/1p1q2p1/3bPrB1/Q6P/1P4P1/P7/R3R1K1 b - - 0 28,f5e5 e1e5 e8e5 g5f4 d6c5 g1f1,1919,73,94,10675,advantage defensiveMove long middlegame pin,https://lichess.org/iRAZRDdZ/black#56,
0C0te,1r1qkbnr/p1pppp1p/np4p1/4Nb2/2PP4/PN1B1Q2/1P3PPP/R1B1K2R b KQk - 5 11,f5d3 f3f7,908,87,93,4084,attackingF2F7 mate mateIn1 oneMove opening,https://lichess.org/oGEMvwxK/black#22,English_Defense English_Defense_Other_variations
034pK,3R4/1q3p1k/p1b1r1pp/5Q2/1P3P2/5B2/P5PP/6K1 w - - 0 30,f3c6 b7b6 f5c5 b6d8,1749,74,94,14069,crushing endgame fork short,https://lichess.org/YkREqGrP#59,
0KWwY,5k2/8/p4BR1/1p1PP3/8/5q2/Pr2nP1R/3Q3K w - - 2 43,g6g2 e2g3 f2g3 f3d1,1145,75,95,3885,crushing discoveredAttack middlegame short,https://lichess.org/42i1JnUT#85,
0SahI,2r5/pr3k1p/4p1p1/q7/2npNP2/1P1R2QP/P5P1/1K3R2 w - - 0 30,d3d4 c4a3 b1a1 a3c2,1661,76,89,172,advantage middlegame queensideAttack short,https://lichess.org/eDVSL4Vz#59,
077FA,4r1k1/pp3ppp/1q6/2b5/2Bn1Bb1/5N2/PP3PPP/RN1Q2K1 w - - 0 16,d1a4 d4f3 g2f3 e8e1,2022,75,87,111,advantage kingsideAttack middlegame short,https://lichess.org/whckPZGq#31,Italian_Game Italian_Game_Two_Knights_Defense
03WAB,k2r2r1/3R1Qpp/p3p3/4q3/1p6/3P4/3K1P1P/6R1 b - - 0 29,g8f8 d7a7 a8b8 f7b7,1035,80,94,7903,endgame mate mateIn2 short,https://lichess.org/BrSmnfbO/black#58,
0KGyS,Q1kr2r1/1pq2p2/2p1p3/5p2/3PBn1p/5P2/P4P1P/1RR4K b - - 1 24,c7b8 c1c6 c8d7 b1b7,1401,75,91,661,crushing deflection middlegame queensideAttack short,https://lichess.org/AOG1DBvZ/black#48,
0MS0Q,6r1/3p4/p3p1n1/P1k2p2/Rp3P2/1B1P1KPr/1PP1R3/8 w - - 5 40,e2g2 g6h4 f3f2 h4g2,1106,75,98,2146,crushing endgame master pin short,https://lichess.org/neBKSwCf#79,
05428,2r2rk1/p4ppp/2n1p3/1pPpP1q1/1P5n/2B2B2/P4PPP/2RQR1K1 w - - 3 20,c3d2 h4f3 d1f3 g5d2,1191,75,93,1016,advantage kingsideAttack middlegame pin short,https://lichess.org/9IbOAJ2W#39,
06uwS,8/8/5p1p/5k2/4p1bP/6K1/2N2P2/8 b - - 2 52,g4d1 c2e3 f5e6 e3d1,920,82,96,2427,crushing endgame fork short,https://lichess.org/nsd3U9gQ/black#104,
07SGL,r2qk2r/pp3ppp/5n2/8/2pbPBP1/2Pn2P1/PP4BP/RN1Q1RK1 w kq - 0 15,c3d4 d8d4 f4e3 d4e3,989,88,92,1115,advantage kingsideAttack opening short,https://lichess.org/IbU6drws#29,Kings_Indian_Attack Kings_Indian_Attack_Other_variations
08VyN,r7/1p2kn1R/p3p3/3p4/5q2/1PN5/P1P1Q3/1K6 b - - 2 29,a8g8 c3d5 e7f8 d5f4 g8g1 b1b2,1033,79,98,887,crushing defensiveMove endgame long pin,https://lichess.org/9MfxfZ1t/black#58,
09wLN,1r4k1/5ppp/1q2pn2/ppBp4/r2P4/1QP1P2P/5PP1/1RR3K1 b - - 2 24,b6c6 b3a4 b5a4 b1b8,1333,74,89,236,advantage discoveredAttack middlegame short,https://lichess.org/62EzBJlR/black#48,
0BuLe,Qnk2R2/1p4r1/3pq3/1Pp5/7b/8/2P2RP1/6K1 b - - 1 31,h4d8 f8d8 c8d8 a8b8 d8d7 b8b7,1228,75,78,229,attraction crushing deflection interference long middlegame,https://lichess.org/B9AIpUTA/black#62,
0KxJ4,3r1r2/1p2bp1k/p1b2n2/2q1pQp1/4P3/1R1B4/P1P1N1PP/5R1K b - - 1 22,h7g7 f5g5 g7h8 f1f6 e7f6 g5f6,2012,76,82,224,advantage deflection discoveredAttack long middlegame,https://lichess.org/rzwOyuKE/black#44,
0TN5i,r3kbnr/pp3ppp/4p3/q2pn3/3N4/2N3Q1/PPPB1PPP/R3K2R b KQkq - 1 11,e5d7 c3b5 a5b6 b5c7,1793,74,96,11447,advantage middlegame short,https://lichess.org/i5r04tH3/black#22,Caro-Kann_Defense Caro-Kann_Defense_Advance_Variation
0FGp1,r3kb2/pp2p3/2q2p2/3N1bp1/2BP4/4PP2/PP3KPp/R1Q5 b q - 1 20,b7b5 c4b5 c6b5 d5c7 e8f7 c7b5,1408,78,96,25929,attraction crushing fork long middlegame pin sacrifice,https://lichess.org/giu7DaGA/black#40,
0BOES,8/p1p2rk1/1p3p1p/n2Q1R2/3Bp1P1/2P3KP/P7/2q5 b - - 3 40,e4e3 d4f6 f7f6 d5d7,1251,77,99,2151,advantage endgame master sacrifice short,https://lichess.org/oZQ9HgYz/black#80,
05F1i,rnb2rk1/pppp1ppp/8/4P3/2B1n2q/1Q4P1/PB3P1P/R3K1NR b KQ - 0 11,e4g3 f2g3 h4e4 e1f2,2335,87,90,920,advantage defensiveMove opening short,https://lichess.org/wxiwpgAq/black#22,Danish_Gambit_Accepted Danish_Gambit_Accepted_Copenhagen_Defense
0BCEU,r3k2r/pppb1ppp/8/n2P4/2P2p2/2Q2N2/PP1Nq2P/R5KR b kq - 1 16,e8g8 a1e1 e2e1 f3e1,1507,75,94,653,advantage middlegame short trappedPiece,https://lichess.org/cmBY3X0W/black#32,Kings_Gambit_Accepted Kings_Gambit_Accepted_Abbazia_Defense
06L0V,rnbqkbn1/7r/1P6/3P4/P7/8/6PP/RNBQKBNR w KQq - 7 21,g2g4 f8b4 e1f2 d8h4 f2g2 c8g4,2659,109,86,365,advantage exposedKing long opening,https://lichess.org/T3JAv20U#41,
04MdN,r1b1r1k1/pp2qp1p/2n1p1pQ/3p3N/3P4/2PB4/P4PPP/R4RK1 b - - 2 17,e7f8 h5f6 g8h8 h6h7,1097,74,96,5393,fork mate mateIn2 middlegame short,https://lichess.org/0p6uARIs/black#34,Sicilian_Defense Sicilian_Defense_Morphy_Gambit
0MVn2,r2q1rk1/p1p1np2/1p1bp2Q/8/3P4/2PP1N1P/P4PP1/1R3RK1 b - - 0 15,e7g6 f3g5 d8g5 h6g5,1086,75,95,151,advantage middlegame short,https://lichess.org/4nHvkUJO/black#30,Scandinavian_Defense Scandinavian_Defense_Modern_Variation
0FHVA,4r1k1/3n1pp1/1p1B2qp/2pP4/2P5/1Q3N1P/1b3PP1/R5K1 w - - 0 26,a1a7 g6b1 g1h2 b2e5 f3e5 b1b3,1442,76,97,32740,advantage discoveredAttack long middlegame,https://lichess.org/VbsC6key#51,
0OKYB,r2qkb1r/pp1b1ppp/2n1p3/1B1pPn2/Q2P4/5N2/PP3PPP/RNB1K2R b KQkq - 2 9,c6d4 f3d4 f5d4 b5d7 d8d7 a4d4,1841,74,95,1661,advantage long opening,https://lichess.org/yIZPrE8r/black#18,French_Defense French_Defense_Advance_Variation
0ZUlP,r3qr2/ppp1k1pp/2np4/2bnp3/4P1b1/3P1N1P/PPP2PP1/RNBQ1RK1 w - - 0 11,e4d5 g4f3 c1g5 e7d7,1408,75,82,2257,advantage defensiveMove middlegame short,https://lichess.org/KWc4Iu90#21,Italian_Game Italian_Game_Two_Knights_Defense
0IVEj,rn1qk2r/2pb1p2/p3p1pp/Pp1pP1b1/3P1NPn/1NPB4/1PQ2P1P/R1B1K2R w KQkq - 0 14,b3c5 g5f4 c1f4 h4g2 e1d1 g2f4,1839,74,96,9989,advantage fork long middlegame,https://lichess.org/tknE3AoS#27,French_Defense French_Defense_Advance_Variation
0GOqY,2b5/6k1/ppp1P1p1/3B1nQp/1qP2p2/1P6/P5PP/3R2K1 w - - 0 31,d5c6 b4c5 g1h1 f5g3 g5g3 f4g3,2153,79,92,6624,advantage endgame fork long,https://lichess.org/pTQwjVBj#61,
0EYEg,7k/1p4b1/p1qp1pB1/6pP/3P1pP1/2P1r3/PP1Q3K/5R2 w - - 0 34,f1f2 e3h3 h2h3 c6h1 f2h2 h1f3,1705,76,96,17207,attraction endgame exposedKing long master mate mateIn3 sacrifice,https://lichess.org/RR6dUoUQ#67,
0H2EI,r5q1/pp4pk/2p3Np/5Q2/4r3/8/6PP/R6K b - - 3 28,g8e6 g6f8 h7g8 f8e6,1096,76,97,8641,crushing doubleCheck endgame fork short,https://lichess.org/OKHzYzz6/black#56,
00cy1,2rknb2/3q1pp1/p1pP3r/1pQ1P2p/5P2/1P4P1/PB4K1/3R4 b - - 0 27,h5h4 c5b6 e8c7 d6c7,1123,77,96,665,advancedPawn advantage master middlegame pin short,https://lichess.org/TsSnBR0S/black#54,
0DUCO,6k1/4rpp1/b2p1q1p/p1pP3P/Q1n2N2/5PP1/P4B2/1R4K1 b - - 0 35,c4d2 b1b8 g8h7 a4c2,1184,74,95,17441,advantage master middlegame short,https://lichess.org/BMGJbuTi/black#70,
04JEF,3r1bk1/ppp1p1p1/8/2qn2BQ/5P2/2N5/PPP3PP/3R3K w - - 5 22,g5h4 d5c3 h5c5 d8d1 c5g1 d1g1,2157,77,88,133,advantage capturingDefender discoveredAttack kingsideAttack long middlegame,https://lichess.org/oOSVA9bM#43,
0Tmel,r7/pp2Q3/2pp4/2kb4/1P3R2/4p3/P1Pq2P1/5K2 b - - 0 39,c5b5 e7b7 b5a4 b7a6,1855,75,95,16522,endgame fork mate mateIn2 short,https://lichess.org/UIM2tFzP/black#78,
0O3Mr,r2q1rk1/pp2bppp/2n2n2/3bp3/8/P1NBBN1P/1PP2PP1/R2QK2R w KQ - 0 12,e1g1 e5e4 d3e4 d5e4 c3e4 f6e4,1859,77,94,12957,advantage fork long opening,https://lichess.org/3uicYaWb#23,Sicilian_Defense Sicilian_Defense_Lasker-Pelikan_Variation
0C8uV,2k5/pp3p2/8/2p1n3/2PpPp1q/3P1BrP/P1P2R1K/5Q2 b - - 3 33,g3h3 f1h3 h4h3 h2h3,696,87,97,2427,crushing endgame short,https://lichess.org/AAGFSmpQ/black#66,
0MbbN,1r3rk1/pp2Rp1p/1q2b1p1/8/2p5/2Q3P1/1P3PBP/4R1K1 b - - 1 24,f8e8 e1e6 b6e6 e7e6,1611,75,94,10041,advantage middlegame short,https://lichess.org/w4voCvbo/black#48,
0XVJf,r4k1r/ppp2ppp/2pb4/8/5qb1/3B2P1/PPPP1P1P/R1B1RQK1 b - - 0 13,f4d4 e1e4 d4f6 e4g4,1298,74,94,1902,advantage interference middlegame short,https://lichess.org/kA26t6W4/black#26,Russian_Game Russian_Game_Stafford_Gambit
0MZaS,2rr2k1/p4ppp/1pn5/3N4/4q3/PQ1R4/1P4PP/3R2K1 b - - 1 24,c6a5 d5f6 g7f6 d3d8,1760,74,89,1253,advantage discoveredAttack middlegame short,https://lichess.org/yScToQhc/black#48,
08a5H,r5k1/pp1q1ppp/5n2/2pp4/3b4/1BNP1Q2/PPP2PPP/R5K1 b - - 1 18,a8e8 b3a4 b7b5 a4b5 d7b7 b5e8,1946,75,93,3044,crushing long middlegame skewer,https://lichess.org/b8o0O7rz/black#36,Sicilian_Defense Sicilian_Defense_Bowdler_Attack
0BO33,7k/7p/5r1P/6R1/8/1P2p3/2P5/1K6 w - - 1 51,g5g1 e3e2 g1e1 f6f1 b1c1 f1e1,1010,76,96,4280,advancedPawn crushing endgame long pin rookEndgame,https://lichess.org/cD3ImYcL#101,
0C0vp,8/8/8/1K6/1P4r1/2k5/6p1/6R1 w - - 2 55,b5c5 g4g5 c5d6 c3b4,1783,77,94,12577,crushing deflection endgame master rookEndgame short,https://lichess.org/6LUcQNKK#109,
0NxPD,r3r1k1/pppq2p1/4n2p/4P2b/7P/2NB4/PPP1R1P1/R2Q2K1 b - - 2 24,h5e2 d3h7 g8h7 d1d7,1714,75,93,4103,advantage discoveredAttack middlegame short,https://lichess.org/gc4Uz8kD/black#48,
0NNjj,r1b3k1/5prp/p2p4/1p1Pn2P/2p1PRP1/P1P2N2/1P3K1N/1B6 w - - 7 30,f3e5 d6e5 f4f6 c8g4 h5h6 g7g5,1753,76,93,6138,advantage defensiveMove long middlegame,https://lichess.org/92ArTclL#59,
03LZQ,r6k/pb4pp/1p2p3/2p2P2/2n2P1q/P1P1B3/4Q2P/3R1RK1 w - - 0 24,e2c4 h4g4 g1f2 g4f3 f2e1 f3e3,1648,74,93,1464,advantage deflection kingsideAttack long middlegame,https://lichess.org/YO1oiAso#47,
0Lbzo,3r2k1/p4pp1/5n2/3pNb1p/8/1PQ1P2P/PB2qPPK/R7 w - - 2 27,h2g1 f6e4 c3e1 e2b2,1522,73,95,26678,advantage master middlegame short,https://lichess.org/cYsdiQmQ#53,
0KIZ9,4R1k1/1pp3p1/5p1p/p2N1P2/2q5/r7/6PP/3R3K b - - 1 27,g8h7 d5f6 g7f6 d1d7 c4f7 d7f7,1248,75,95,8396,clearance endgame long mate mateIn3 sacrifice,https://lichess.org/A9esoVsr/black#54,
05XHa,1r1q1rk1/Q3ppbp/1p1pb1p1/1Nn5/P1P1P3/1P3PP1/6BP/1RBR2K1 w - - 1 18,c1e3 b8b7 a7b7 c5b7,1847,74,87,279,advantage middlegame short trappedPiece,https://lichess.org/EYqBVIFg#35,English_Opening English_Opening_Symmetrical_Variation
0UYzu,1k3rr1/pp2Q3/2p4p/5q1P/8/8/PPP5/1K1R3R b - - 0 28,f5f6 d1d8 f8d8 e7f6,1351,77,95,17196,advantage deflection endgame master short,https://lichess.org/JbKOBhBG/black#56,
0RO8O,r3kb1r/pp3ppp/2n1p3/3p4/2pPnB2/2P1P2P/P1Q1NPP1/qN3RK1 b kq - 3 13,e4c3 b1c3 a1f1 g1f1,1441,75,93,3806,advantage middlegame short trappedPiece,https://lichess.org/vOHYEKRs/black#26,Indian_Defense Indian_Defense_Other_variations
0Ccos,rn2kb1r/p3qp1p/2pp1p2/1p1Bp3/4P3/1QPP1P2/PP3P1P/RN2K2R b KQkq - 1 10,c6d5 b3d5 e7c7 d5a8,1651,76,89,1009,advantage middlegame short trappedPiece,https://lichess.org/88jwJ5ha/black#20,Philidor_Defense Philidor_Defense_Other_variations
03PgX,4r2k/p4pr1/2p2Q1p/8/3P4/2P2P2/P3KP1q/R3R3 w - - 3 24,e2d2 h2f2 d2d3 e8e1 a1e1 f2e1 f6h6 h8g8,1847,72,95,12967,crushing deflection endgame veryLong,https://lichess.org/zrdNJqWz#47,
0D9jN,3r1rk1/ppp3pp/3b4/3R4/4N3/3P4/PPb2P1P/R1B3K1 w - - 2 22,c1g5 d6h2 g1h2 d8d5,1234,74,100,424,advantage discoveredAttack kingsideAttack middlegame short,https://lichess.org/peNEei0b#43,
0UTBi,r1b5/p1k5/2p2n2/4q2p/1p2P3/5Q2/PPP3PP/1K1RR3 w - - 2 27,e1f1 c8g4 f3f6 e5f6 f1f6 g4d1,1330,74,94,12381,advantage long middlegame,https://lichess.org/yR9RIPKn#53,
0Atpj,6k1/3q2bp/2n3p1/2Bp4/2p1p1P1/R6P/4BP2/4R1K1 b - - 1 31,c6e5 a3a8 g8f7 a8a7 d7a7 c5a7,1383,73,94,16165,advantage long middlegame pin,https://lichess.org/lhL92gH5/black#62,
0MFrr,5r1k/ppq4p/2p1N2Q/2n5/2Bb3P/6R1/P4PP1/6K1 b - - 0 28,c5e6 h6f8 e6f8 g3g8,2046,73,95,11362,mate mateIn2 middlegame sacrifice short,https://lichess.org/kaDrVxqY/black#56,
0X9hR,r2q1rk1/pp1n2pp/3bpnb1/3pP3/3P4/2NB4/PPQN2PP/R1B2RK1 b - - 0 15,g6d3 c2d3 d6e5 d4e5 d8b6 g1h1,1320,76,84,843,advantage defensiveMove long opening,https://lichess.org/YEwtK0Pl/black#30,Slav_Defense Slav_Defense_Modern_Line
0A0VT,2kr3r/1bq1R2p/6pb/1np2p2/3p4/BP3N2/PKQ2PPP/4R3 b - - 1 23,c7a5 c2c5 c8b8 a3b4,2461,103,88,445,advantage middlegame queensideAttack short,https://lichess.org/tZwRcf8r/black#46,
0BDSr,rr4k1/pQp1qppp/3p4/4n3/8/8/PPP2PPP/R1B1R1K1 w - - 0 16,b7d5 e5f3 g2f3 e7e1,892,96,86,686,advantage discoveredAttack kingsideAttack middlegame short,https://lichess.org/fSGTJ5RF#31,Ruy_Lopez Ruy_Lopez_Steinitz_Defense
015Vc,q4r1k/5pbp/2Np1np1/3P2B1/pQb5/5B2/P4PPP/4R1K1 b - - 1 23,c4d5 g5f6 d5c6 f6g7 h8g7 b4c3,1841,75,90,1747,attraction crushing kingsideAttack long master middlegame,https://lichess.org/FNbRfhVX/black#46,
0EkPV,8/1p1r1ppk/4n1p1/3BQ3/P3P1PP/5P2/3q2K1/5R2 w - - 2 34,f1f2 e6f4 g2g3 d2f2 g3f2 f4d3 f2e2 d3e5,1815,74,95,8261,attraction crushing endgame fork sacrifice veryLong,https://lichess.org/UDNTHnwR#67,
00dt1,Q7/8/3B4/2p5/Krkn4/8/8/8 w - - 1 54,a4a3 d4b5 a3a2 b5c3 a2a1 b4b1,2205,83,95,12364,arabianMate endgame exposedKing fork long master mate mateIn3,https://lichess.org/AQkAsoMX#107,
02ra2,r4rk1/5ppp/pQ1b1q2/8/1P6/P4N1P/5PP1/2R2RK1 w - - 1 25,c1d1 d6h2 f3h2 f6b6,962,88,94,1274,crushing discoveredAttack middlegame short,https://lichess.org/cm7bHucJ#49,
04gie,r3kbnr/ppq2p2/2p1p2p/3pnpNQ/3P4/P1N4P/1PP2PP1/R1B1K2R w KQkq - 0 12,d4e5 c7e5 h5e2 e5e2 c3e2 h6g5,1334,75,82,426,advantage long opening,https://lichess.org/AnuBhXs5#23,Zukertort_Opening Zukertort_Opening_Tennison_Gambit
0CCRA,2r2rk1/p4p1p/1n2pPp1/8/2p2Q2/4P3/PB1q2PP/2R2RK1 b - - 1 22,d2b2 f4h6 b2f6 f1f6,1135,77,95,9366,advantage middlegame short,https://lichess.org/qEfJwgR7/black#44,
01Tpw,r3r1k1/p4ppp/8/3Q4/3P4/Ppp2N2/K1b2PPP/3R3R w - - 0 24,a2a1 b3b2 a1a2 c2d1 h1d1 c3c2,2322,77,92,5016,advancedPawn advantage long middlegame,https://lichess.org/iIhKzWva#47,
00rNc,1q5r/p3kpp1/2Q1p2p/3pP2P/2n3P1/2N2P2/PrP5/K3R1NR w - - 0 26,g1e2 b2a2 c3a2 b8b2,1554,76,95,23622,clearance mate mateIn2 middlegame sacrifice short,https://lichess.org/nyOQHpNP#51,
0GO4T,r5R1/pppbk1Rp/3p3b/3P3B/2P1Pr2/2N5/PP6/2K5 b - - 8 24,h6g7 g8g7 e7f6 g7d7,1940,75,88,106,advantage deflection master middlegame short skewer,https://lichess.org/J3GG92WW/black#48,
01qI9,1r6/1n4p1/1P1p1kp1/4p3/4P3/3K1P1P/5BP1/2R5 w - - 11 46,d3c4 b8c8 c4b5 c8c1,1360,75,90,1839,crushing endgame short skewer,https://lichess.org/EHkqqYZ1#91,
0DRwE,r2q2k1/ppp2p1p/4bp2/2bBr3/8/1QN5/PP3PPP/3R1RK1 b - - 2 14,c7c6 d5e6 e5e6 d1d8,975,79,85,638,advantage discoveredAttack kingsideAttack middlegame short,https://lichess.org/dAHciTEU/black#28,Scotch_Game Scotch_Game_Haxo_Gambit
0EdPC,2k5/p4qpp/npp1p3/6Q1/3n1BP1/P7/1PP2P1P/2KN4 w - - 1 24,g5e5 f7f4 e5f4 d4e2 c1d2 e2f4,1436,74,94,17323,attraction crushing endgame fork long sacrifice,https://lichess.org/dlmqeTxj#47,
0KomM,r1b1k1nr/p1pp1pp1/1p3q1p/4n3/2BQP3/2N5/PPP2PPP/R1B2RK1 w kq - 1 9,c3d5 e5f3 g2f3 f6d4,1127,80,94,4918,crushing discoveredAttack opening short,https://lichess.org/OpwXJ6Bd#17,Italian_Game Italian_Game_Anti-Fried_Liver_Defense
0ZxZu,r1b3k1/pp1q1ppp/3p1n2/1Bp5/8/2N5/PP1Q1PPP/4R1K1 b - - 2 20,d7c7 c3d5 c7d8 d5f6,1505,74,91,4102,advantage kingsideAttack middlegame short,https://lichess.org/vEtwxQ4w/black#40,
0MGaP,4k3/8/pBRN2rp/1p1Pp3/1P2Pp2/P3bn1P/8/7K b - - 0 52,e8d7 c6c7 d7d6 c7c6 d6d7 c6g6,1560,77,88,138,advantage endgame exposedKing long sacrifice skewer,https://lichess.org/20biMoBw/black#104,
0L84N,2rn1rk1/3qbpp1/p4n1p/7b/P1ppP2B/1B3N1P/1P1N1PP1/R1Q1R1K1 w - - 0 20,d2c4 h5f3 h4f6 e7f6,1337,75,78,169,advantage opening short,https://lichess.org/4Tt4IJNe#39,
0NdCE,4r3/4Pk2/1p4p1/p1p2r1p/4R1pP/P2P2P1/2q3Q1/4R2K b - - 1 39,f5f2 e4f4 f2f4 g2c2,1689,79,96,22756,crushing deflection endgame short,https://lichess.org/CYi1pnwH/black#78,
04LFh,8/5pp1/7p/1p1R4/6Pk/1P2RPr1/2r5/5K2 b - - 7 46,g3h3 d5h5 h4g3 f3f4,1500,75,97,15979,advantage discoveredAttack endgame rookEndgame short,https://lichess.org/tbKfJ1jR/black#92,
01HgH,r3k2r/pppqbppp/2n1b3/3p2PQ/1P1Pp2P/2P1P3/P4PB1/RNB1K1NR w KQkq - 1 11,a2a4 e6g4 g2h3 g4h5 h3d7 e8d7,1497,75,86,304,advantage long middlegame trappedPiece,https://lichess.org/yEhL5ybm#21,Grob_Opening Grob_Opening_Other_variations
0A4K2,r5k1/1p6/p1p1p1bq/1PPp1p2/P2P3r/2N1PB2/4K1P1/2RQ1R2 w - - 2 28,e2d2 h4d4 d2e2 d4d1,1251,75,95,20435,crushing middlegame pin short skewer,https://lichess.org/7bHVg6Kg#55,
03o4R,8/P2P4/4R3/3r2p1/r2k3p/4pB1P/8/4K3 b - - 2 55,d5d7 e6e4 d4c5 e4a4,1065,77,97,5244,crushing endgame master short skewer,https://lichess.org/kK3IjKbw/black#110,
0LiSS,7r/pp3k2/2b1prp1/q3R3/2P5/3B2Q1/P4PP1/R5K1 b - - 6 28,a5c3 d3g6 f6g6 g3c3,1309,75,100,302,advantage discoveredAttack middlegame short,https://lichess.org/rmixzuey/black#56,
0NRcg,1r1q1rk1/ppp1npp1/3pb2p/1Qb5/4P2B/2N2N2/PP3PPP/3R1RK1 b - - 4 14,a7a6 b5c5 d6c5 d1d8 f8d8 h4e7,1845,73,94,15080,advantage capturingDefender long middlegame,https://lichess.org/1cH7XgXR/black#28,Danish_Gambit Danish_Gambit_Other_variations
0KUD0,4rrk1/pp3pq1/2p1n3/5Q2/7R/2N4P/PPP2PP1/6K1 b - - 0 29,g7g6 h4g4 e6g7 g4g6,1372,72,93,18069,advantage middlegame pin short,https://lichess.org/GagjRobx/black#58,
06l5X,5r2/1k3p1p/4qQ2/R7/3p4/P7/1P3PPP/6K1 w - - 1 31,f6f3 b7b6 g2g3 b6a5,1610,76,96,16824,advantage defensiveMove endgame short,https://lichess.org/5JW9lK9c#61,
0BZvN,3r1rk1/ppp1b1pp/2n1b3/5p2/3P4/2PBB3/PP3PPP/RN3RK1 w - - 0 13,b1d2 f5f4 e3f4 f8f4,1186,78,90,3297,advantage middlegame short trappedPiece,https://lichess.org/HROJyjlB#25,Russian_Game Russian_Game_Damiano_Variation
0Ctgq,4rrk1/3q2pp/1pn1R3/p1p2P1n/2Pp3N/PP1P1Q2/3N2KP/4R3 b - - 8 27,h5f4 f3f4 e8e6 f5e6,1900,75,91,694,advantage hangingPiece middlegame short,https://lichess.org/ZgmPSUBl/black#54,
0H9CV,3Q4/5qkp/2p5/2Pp2B1/p1bP2PK/P7/8/8 b - - 15 49,c4d3 g5h6 g7h6 d8g5,1721,75,95,13267,attraction endgame mate mateIn2 sacrifice short,https://lichess.org/Ftoiwd6F/black#98,
0NN19,rnbqk1nr/pp3ppp/3bp3/3pN3/2pP1B2/2N1P3/PPP2PPP/R2QKB1R b KQkq - 3 6,f7f6 d1h5 g7g6 e5g6 h7g6 h5h8,1212,79,93,7193,crushing long opening pin trappedPiece,https://lichess.org/ZNnHXgwi/black#12,Horwitz_Defense Horwitz_Defense_Other_variations
0XWZU,4Q3/pb2rrpk/4B2B/5p2/1P2q3/P5R1/5PPP/5RK1 w - - 1 37,e6f5 e4f5 e8e7 f7e7,1578,76,82,196,advantage hangingPiece middlegame short,https://lichess.org/SBHd4KLu#73,
0Azp3,3R4/p1p2ppk/2p1bn1p/1p2P3/6PP/2N1qP2/PPP5/1K3B1R b - - 2 17,e3f3 f1d3 g7g6 h1f1,1742,74,94,8051,advantage clearance middlegame short,https://lichess.org/TdgruOFh/black#34,Scotch_Game Scotch_Game_Classical_Variation
0FmEa,3r1rk1/p1Q1Rp1p/2p5/8/3q4/1Bn4P/P4PP1/6K1 b - - 1 29,d4d1 b3d1 d8d1 g1h2,1197,79,93,1230,advantage middlegame short,https://lichess.org/86tPH0g0/black#58,
0G6lh,8/pp1rkpb1/2b4p/4p1p1/4Pn2/P1NB4/1PP3PP/3R1R1K w - - 2 23,c3e2 d7d3 c2d3 f4e2,2003,75,84,271,advantage capturingDefender middlegame short,https://lichess.org/LETbI0fh#45,
0V5Cw,r3r1k1/pp3ppp/2b5/8/3R4/P1BQ1PPq/1P5P/R5K1 b - - 2 22,e8e6 d4h4 h3h4 g3h4,1818,74,93,117,advantage middlegame short trappedPiece,https://lichess.org/RYmLA3U1/black#44,
01dLk,r2qr1k1/pbp2ppp/1pn2n2/8/3PN3/5NP1/PP2QPBP/R3R1K1 b - - 2 13,c6d4 e4f6 g7f6 e2e8 d8e8 e1e8 a8e8 f3d4,1339,79,93,6707,crushing discoveredAttack kingsideAttack middlegame veryLong,https://lichess.org/57RP5sCb/black#26,Queens_Indian_Defense Queens_Indian_Defense_Capablanca_Variation
04crN,r4rk1/pb3p1p/1p2p1p1/2qp1P2/6P1/1P1BP2P/PBPK2Q1/5R2 b - - 0 22,c5e3 d2e3 d5d4 e3f2 b7g2 f2g2,1866,75,96,1289,advantage hangingPiece long middlegame,https://lichess.org/bBK74wgd/black#44,
01PcY,r6k/4rpp1/n1P4p/1n3R2/4pB1P/8/5PP1/R5K1 b - - 0 45,a6c7 a1a8 c7a8 f5b5,1412,75,92,10048,advantage middlegame short,https://lichess.org/3g7o7Ad3/black#90,
06smt,2kr3r/pp4pp/8/2p1Q3/3p1P1q/3P4/PP5P/R1B1K2R w KQ - 1 20,e1f1 d8e8 e5f5 c8b8 c1d2 h8f8,2778,90,85,278,advantage defensiveMove long middlegame,https://lichess.org/Jds5jqyc#39,
075at,r4rk1/3p1ppp/1pbNp3/p1q1P3/Pn3P2/Q2B3P/1PP3P1/2RR3K b - - 6 22,c5e3 d3h7 g8h7 a3e3,1087,83,89,1372,crushing discoveredAttack middlegame short,https://lichess.org/OP4qXniK/black#44,
05wz4,8/p1k5/bpQp4/2pP4/2P3pP/2r3P1/P3r3/6K1 b - - 1 45,c7d8 c6d6 d8c8 d6f8 c8c7 f8g7,1924,74,95,12774,crushing endgame exposedKing long,https://lichess.org/seza6MzG/black#90,
03ZEN,r5k1/2q2ppp/2p3b1/1pn1p1b1/4P1PP/1PP2PN1/1BB5/1K4QR b - - 2 24,c7a7 h4g5 a7a2 b1c1 c5b3 c2b3,1516,76,87,477,advantage hangingPiece long middlegame,https://lichess.org/JMVfe8fY/black#48,
08xmo,6k1/5p1b/5p2/2N2P1p/3PP1P1/1p2K3/rr2B1P1/4R3 w - - 1 33,g4h5 b2e2 e1e2 a2e2 e3e2 b3b2 c5d3 b2b1q,1043,82,90,275,advancedPawn crushing endgame promotion sacrifice veryLong,https://lichess.org/E4ujnoQA#65,
00xGN,r2q1rk1/ppp1nppp/3b4/1B6/3QP3/2N2b2/PPP2PPP/R1B2RK1 w - - 0 10,g2f3 d6h2 g1h2 d8d4,1050,77,95,365,advantage discoveredAttack kingsideAttack opening short,https://lichess.org/g17XFBDp#19,Nimzowitsch_Defense Nimzowitsch_Defense_Kennedy_Variation
0C8SN,r2qkb1r/pppbpppp/2n5/8/Qn1PP3/5N2/PP3PPP/RNB1KB1R w KQkq - 1 7,a2a3 c6d4 a4b4 d4c2,1638,75,94,2426,advantage opening sacrifice short,https://lichess.org/LZ31vEOS#13,English_Opening English_Opening_Anglo-Indian_Defense
08lfj,r1b1qrk1/2p2pp1/p2b3p/1pnNN3/4P3/8/PPP1QPPP/R1BR2K1 w - - 1 14,c1f4 d6e5 f4e5 e8e5,868,89,97,769,advantage middlegame short,https://lichess.org/Gn3qs49k#27,Philidor_Defense Philidor_Defense_Other_variations
0CGW3,r4rk1/ppp2ppp/2n5/8/3PnB2/P3P3/1q1NQPPP/1R2K2R b K - 1 16,b2d2 e2d2 e4d2 e1d2,675,103,92,412,advantage middlegame short,https://lichess.org/KhuU0pAR/black#32,Queens_Pawn_Game Queens_Pawn_Game_Chigorin_Variation
045fP,r3bk1r/5pp1/p3pn1p/2Np4/3n1P2/3B3N/q1PQ2PP/1R3RK1 b - - 1 18,e8b5 b1a1 a2b2 f1b1 d4f3 g2f3,1837,75,85,242,advantage clearance long middlegame,https://lichess.org/m7L1lDSS/black#36,Caro-Kann_Defense Caro-Kann_Defense_Other_variations
0HUuL,r4r1k/1pq2pbp/p1npbn1B/4p3/6PP/1NN5/PPPQB3/2KR2R1 b - - 2 17,a8d8 h6g7 h8g7 d2g5 g7h8 g5f6,1205,76,95,7647,attraction crushing deflection kingsideAttack long middlegame,https://lichess.org/8StzgwCQ/black#34,Sicilian_Defense Sicilian_Defense_Other_variations
0FKpg,r1bq1r1k/p1p1bpp1/1p6/3nN3/3PQ3/4P3/PP3PPP/R1B1K2R b KQ - 0 13,d5f6 e4a8 e7b4 c1d2 b4d2 e1d2,1957,74,93,684,advantage hangingPiece long opening,https://lichess.org/7y7ZkmL3/black#26,Indian_Defense Indian_Defense_Anti-Nimzo-Indian
0YYtN,6r1/pp5p/1b2Np2/4p3/8/5N1k/P3R3/5K2 b - - 1 44,a7a5 e2h2 h3g4 h2g2 g4f3 g2g8,1503,75,96,12074,crushing endgame long skewer,https://lichess.org/5oMYwl4t/black#88,
0Vbc6,r2qkb1r/pp3ppp/2n5/3Bp3/8/3Q1P2/PP3P1P/R1B1K2R b KQkq - 0 14,c6b4 d3b5 d8d7 d5f7,1768,76,93,12987,advantage attackingF2F7 middlegame pin short,https://lichess.org/AuQqtADy/black#28,Sicilian_Defense Sicilian_Defense_Alapin_Variation
02xr4,4r1k1/pbp1rq1p/1p1p1np1/3P4/1PPQpPP1/1B2N3/P5K1/R2R4 b - - 0 32,f6g4 e3g4 f7f4 g4f6,1542,76,93,8954,advantage middlegame short,https://lichess.org/3fNCQuNU/black#64,
0A5bd,r3q1k1/1bpn2p1/pp1p3p/3P4/4N1Q1/P7/BbP2PPP/4R1K1 b - - 1 27,b2f6 e4f6 d7f6 e1e8,959,85,94,702,advantage discoveredAttack kingsideAttack middlegame pin short,https://lichess.org/aApTyqxm/black#54,
0GTbb,6r1/PQ2bk2/1p2b2p/1P6/3pNq2/5pP1/5R1K/8 b - - 0 48,f4e5 f2f3 f7g7 b7e7,1191,75,100,291,crushing deflection middlegame short,https://lichess.org/bX2bnOdx/black#96,
0F2mf,6k1/p2nQp1p/1pq3p1/2n5/7P/BP6/P4PK1/R7 w - - 1 25,g2f1 c6h1 f1e2 h1a1,1071,76,98,804,advantage endgame short skewer,https://lichess.org/8KJINNhD#49,
0EmjE,3r2k1/3r1ppp/pp2p3/2b5/2PNnP2/1P1R4/PB4PP/3R1K2 b - - 6 25,g8f8 d4e6 f7e6 d3d7 d8d7 d1d7,878,93,96,895,crushing discoveredAttack long middlegame,https://lichess.org/0pjV7e0A/black#50,
03yU1,r3r1k1/ppp1bppp/2n5/3q4/3P2b1/P4N2/1P1BBPPP/R2Q1RK1 b - - 0 12,c6d4 f3d4 d5d4 e2g4,1186,75,74,169,advantage discoveredAttack middlegame short,https://lichess.org/e8UCd2VX/black#24,English_Opening English_Opening_Kings_English_Variation
03bV3,r1bqk2r/1pp1nppp/1pnp4/4p1N1/2B1PP2/8/PPPP2PP/R1BQK2R b KQkq - 1 8,e8g8 d1h5 h7h6 g5f7,1922,76,91,4268,advantage opening short,https://lichess.org/1gS2tOXt/black#16,Kings_Gambit_Declined Kings_Gambit_Declined_Classical_Variation
06Prw,8/8/r7/2K4p/5k2/3P4/8/7R w - - 0 48,h1h5 a6a5 c5c4 a5h5,850,93,94,167,crushing endgame rookEndgame short skewer,https://lichess.org/pyLIsAYP#95,
00WG3,8/pk1r1Rp1/1p2p2p/4P1bP/3rN3/8/PP6/1K3R2 b - - 4 33,d4d1 f1d1 d7f7 e4d6 b7c7 d6f7,997,79,97,121,crushing endgame fork long pin,https://lichess.org/Pwj0MKtJ/black#66,
030ui,2kr1b1r/pp1q1ppp/2pB1n2/3p4/6P1/2NB3P/PPPQ1P2/2KRR3 b - - 0 15,f8d6 d3f5 d7f5 g4f5,1096,79,96,1304,advantage middlegame pin short,https://lichess.org/rB88dE71/black#30,Scotch_Game Scotch_Game_Other_variations
0GDJS,3r2k1/p4pp1/1b5p/8/4Q3/P1N5/1P1q1PPP/5RK1 w - - 3 23,c3a4 d2f2 f1f2 d8d1 e4e1 d1e1,1634,74,95,15307,clearance endgame long mate mateIn3 pin sacrifice,https://lichess.org/WXhoAs3K#45,
0CIFv,r1b1qr2/pppp3k/5n1p/3P1p2/7N/6Q1/PP2BPPP/2KR3R b - - 0 16,e8e2 g3g6 h7h8 g6h6,1089,80,87,1438,crushing deflection middlegame short,https://lichess.org/qdb4LI0N/black#32,English_Opening English_Opening_Kings_English_Variation
0R0Zk,2r3k1/1b4pp/p2p4/1p1q4/7B/4QP1P/PP3P2/4R1K1 b - - 0 28,d5f3 e3e6 f3f7 e6f7 g8f7 e1e7 f7g6 e7b7,1500,75,96,22103,advantage attraction endgame fork veryLong,https://lichess.org/9ur3go0c/black#56,
0IxiQ,6rk/1p1P2rp/p6Q/3pP3/8/P2B1q2/1P4RP/6RK b - - 0 30,g7g2 h6h7,1089,75,96,6043,endgame mate mateIn1 oneMove,https://lichess.org/QAkx9CLH/black#60,
03NcI,2r2r1k/pbq1Q1pp/1p1p1n2/8/3P1B2/2P5/PP1n1PPP/1BR1R1K1 w - - 0 18,f4d2 c7c6 f2f3 c8e8 e7f8 e8f8,1889,74,93,2104,advantage long middlegame trappedPiece,https://lichess.org/aINZmSqb#35,Indian_Defense Indian_Defense_Other_variations
0QvDF,1nb1r1k1/2p2p1p/1pP3p1/1Pq5/3N1PP1/2Q1P2P/2KB3R/r2R4 b - - 2 28,c5c3 d2c3 a1a2 c3b2,1371,78,66,119,advantage defensiveMove middlegame short,https://lichess.org/wuITk30T/black#56,
0VD3e,r4rk1/1bp2ppp/p4b2/1p1qN3/8/1P1P3P/1PP2PP1/R1BQR1K1 w - - 0 15,d1f3 d5e5 e1e5 b7f3,1974,74,94,8589,advantage discoveredAttack master middlegame short,https://lichess.org/Ehc9ofJH#29,Ruy_Lopez Ruy_Lopez_Closed
0UPW2,6k1/1pp2p2/p4qpp/3P4/2P3Pn/1P1Q1N1P/P4P2/6K1 w - - 1 27,f3d4 f6d4 d3d4 h4f3 g1f1 f3d4,1372,75,97,6550,advantage attraction endgame fork long sacrifice,https://lichess.org/ABxeebK8#53,
04KwW,r1b1k2r/pp4pp/1q2pp2/n7/2pPN3/2P1P2P/PP3PPR/1R1QKB2 w kq - 1 14,f1c4 a5c4 d1a4 b6c6 a4c6 b7c6,1527,74,93,5885,advantage hangingPiece long middlegame,https://lichess.org/02YV2FIh#27,Queens_Pawn_Game Queens_Pawn_Game_Accelerated_London_System
0GbgA,r5k1/p3qpp1/2p1b1r1/1p2P2Q/8/3P1R1P/PP2N1PK/5R2 w - - 1 29,e2f4 g6h6 h5h6 g7h6,1487,75,86,473,advantage middlegame short trappedPiece,https://lichess.org/VvubnF1l#57,
0Sz7D,2k1r2r/1ppqbpp1/p4n2/4p1Bp/2B1P1bQ/2NP3P/PPP3P1/R4RK1 w - - 0 14,c4f7 e7c5 g1h1 d7f7,1718,75,96,2388,advantage discoveredAttack middlegame short,https://lichess.org/EsRGDzUO#27,Kings_Gambit_Declined Kings_Gambit_Declined_Queens_Knight_Defense
09mPQ,r3r1k1/3b1pp1/2pq1n1p/p1Np4/1PP2P2/P2B4/3Q2PP/R3R1K1 b - - 0 20,d5c4 d3h7 g8h7 d2d6 e8e1 a1e1,1537,74,92,4280,crushing discoveredAttack long middlegame,https://lichess.org/ejpyxtAp/black#40,
0PEFU,1r3rk1/pQpq1p2/4pb2/3p3p/3P1PpP/2P3B1/PP4P1/4RRK1 w - - 1 24,b7a7 b8a8 a7b7 f8b8 b7b8 a8b8,1512,74,95,9261,clearance crushing long middlegame trappedPiece,https://lichess.org/H3G2d4OY#47,
0OCnr,r2qk1nr/bp3ppp/2n1p3/1p1pP2b/Q7/2P2N2/P2NBPPP/R1B2RK1 w kq - 0 13,e2b5 a7f2 f1f2 a8a4,1396,75,91,787,advantage discoveredAttack master middlegame short,https://lichess.org/DEYkM1DJ#25,Caro-Kann_Defense Caro-Kann_Defense_Other_variations
0Vgmk,3r1rk1/1p3ppp/p1nqp3/4b3/2P1P3/P3Q2P/1P2BPP1/1RB2RK1 w - - 1 17,e3b6 c6d4 b6d6 d4e2,1876,74,92,2992,advantage kingsideAttack middlegame sacrifice short,https://lichess.org/zfMXrmh8#33,Scandinavian_Defense Scandinavian_Defense_Panov_Transfer
00lJm,5r1k/ppp1nBp1/3pN3/7p/3P3P/2P2RK1/PP3QP1/1q5r b - - 6 26,f8f7 f3f7 b1d3 f2f3,2163,78,90,1809,advantage hangingPiece middlegame short,https://lichess.org/iXsE09XZ/black#52,
08F97,5nrk/p5r1/2R1p3/3pP2B/Q5Pq/5P2/2R5/6K1 b - - 1 41,h4h5 c2h2 h5h2 g1h2,1159,77,95,1342,advantage middlegame pin short,https://lichess.org/tIHDLxH5/black#82,
0Csll,r3r1k1/pp4p1/3p1n1p/2p5/2N1P2P/1Pq1BP2/b1P1Q1P1/2KR3R w - - 3 21,d1d3 c3a1 c1d2 a1h1,973,94,94,1644,advantage middlegame short skewer,https://lichess.org/iTpU6cyo#41,
044fo,8/2k5/2b1P3/8/P1B2r2/1KP5/1P6/3R4 w - - 3 56,c4d5 c6a4 b3a3 a4d1,1309,75,100,714,advantage endgame short skewer,https://lichess.org/0U43iWg9#111,
06QTl,r4rk1/1p3pp1/p2b1n1p/2p1N3/P3P1b1/2Pq1N2/1P4PP/R1B1QRK1 b - - 0 18,d3e4 e1e4 f6e4 e5g4,1616,75,94,3312,advantage capturingDefender middlegame short,https://lichess.org/NfrP3Zb7/black#36,Sicilian_Defense Sicilian_Defense_McDonnell_Attack
0D37v,r3k2r/1p1n1pp1/p1n1p2p/4P1q1/P2pP3/3R2BP/NP2QPP1/5RK1 b kq - 7 19,d7e5 f2f4 g5e7 f4e5,1798,75,95,15127,advantage fork middlegame short,https://lichess.org/VqWrBbu4/black#38,Slav_Defense Slav_Defense_Other_variations
0BWaZ,5rk1/3R2p1/p4pNp/8/1p2n3/8/Pr4PP/5RK1 b - - 1 31,f8c8 g6e7 g8h7 e7c8,859,101,95,2256,advantage endgame fork short,https://lichess.org/sJiOyU4O/black#62,
0IGN8,8/4knp1/4p3/4P2P/8/r4NK1/2R2P2/8 w - - 11 56,c2c8 f7e5 g3f4 e5f3,1572,74,94,8581,crushing endgame master pin short,https://lichess.org/AxfBaDaW#111,
0NuK6,2r1r1k1/1p2ppbp/p2pbnp1/6q1/Q2BP3/2N2B1P/PP3PP1/R3R1K1 b - - 3 18,c8c4 d4f6 c4a4 f6g5 g7c3 b2c3,1540,74,95,21970,advantage long middlegame,https://lichess.org/NkGfHpZ0/black#36,Sicilian_Defense Sicilian_Defense_Modern_Variations
0DtzG,7k/N5p1/p2B3p/2p2P1q/2P2Kp1/8/P2R4/5R2 w - - 4 38,d6e5 h5g5 f4e4 g5d2,964,97,93,1496,advantage endgame short skewer,https://lichess.org/Q15YfVXz#75,
03gJT,3r4/p3k3/6p1/4Ppn1/1P6/P2p2P1/3B1K2/4R3 b - - 1 49,g5e4 e1e4 f5e4 d2g5 e7e6 g5d8,1627,74,83,154,crushing endgame exposedKing long sacrifice skewer,https://lichess.org/dK7bKjDI/black#98,
0Jjqe,2r2rk1/pnB2ppp/1p2p3/4N3/1b1P4/q4Q2/P4PPP/2R2RK1 b - - 3 19,b4d6 f3b7 c8c7 c1c7 d6c7 b7c7,2167,79,86,784,advantage hangingPiece long middlegame,https://lichess.org/5gqJFhCz/black#38,French_Defense French_Defense_Rubinstein_Variation
0BTgM,r1bqr1k1/p2nbpp1/4p2p/3p3n/P1PPP3/1Np2NB1/2B1QPPP/R3K2R b KQ - 1 15,d5e4 e2e4 d7f6 e4a8,1526,75,97,8175,advantage middlegame short trappedPiece,https://lichess.org/pakwurhw/black#30,Indian_Defense Indian_Defense_London_System
0Mp7y,rn1qk2r/pp2bppp/2p1pn2/4N1B1/2BP4/2N1Q3/PPb2PPP/R3K2R b KQkq - 3 10,b8d7 e5f7 e8f7 e3e6,1797,75,84,190,advantage attackingF2F7 attraction discoveredAttack middlegame short,https://lichess.org/sNbQQ8FC/black#20,Scandinavian_Defense Scandinavian_Defense_Mieses-Kotroc_Variation
0NZAX,r4rk1/1pp2pp1/3bp2p/1P2Nb2/p2Pn2q/P2BP2P/1BQ2PP1/R3K2R w KQ - 3 17,e5f3 h4f2 c2f2 e4f2 d3f5 f2h1,1763,75,93,2233,advantage attackingF2F7 long middlegame,https://lichess.org/MxBJv9Cl#33,Nimzo-Larsen_Attack Nimzo-Larsen_Attack_Classical_Variation
0Njo3,2kr3r/ppp1bppp/2n1b3/3qP3/6n1/2P1BN2/PP1NBPPP/R2Q1RK1 w - - 0 12,e2c4 d5c4 d2c4 d8d1 f1d1 e6c4,2031,78,85,211,advantage discoveredAttack long middlegame,https://lichess.org/GRUqpE3W#23,Nimzowitsch_Defense Nimzowitsch_Defense_Declined_Variation
02ESq,r5k1/pp1b2pp/2n1p1p1/3pP3/3P2Q1/P1P5/3qNKPP/2R4R w - - 2 17,h1d1 a8f8 f2g1 d2e3 g1h1 h7h5 g4g6 e3e2,2011,76,95,10200,advantage master middlegame veryLong,https://lichess.org/LWkDjv4w#33,French_Defense French_Defense_Winawer_Variation
0Rfro,r2q1rk1/p1pn1ppp/1p1bpn2/1N1p2B1/3P1N2/1P4Q1/1P3PPP/R4RK1 b - - 4 13,f6h5 f4h5 d6g3 g5d8,1617,76,94,3187,advantage hangingPiece middlegame short,https://lichess.org/QGz75kK0/black#26,Owen_Defense Owen_Defense_Other_variations
09Gi4,3r4/5kpp/5p2/1p6/2b1N3/P3K3/1P3PPP/2R5 w - - 2 29,e4d2 d8d3 e3e2 d3c3 d2c4 c3c1,1503,78,96,28669,advantage discoveredAttack endgame exposedKing long,https://lichess.org/vLtwuDOT#57,
0QstX,1r1q2k1/5p2/1p4pp/p1n5/P2bB3/5Q1P/1P3PP1/R3B1K1 w - - 4 24,a1d1 c5e4 f3e4 d4f2 g1f2 d8d1,1663,75,97,18233,advantage discoveredAttack kingsideAttack long master middlegame,https://lichess.org/6DjxOZ1B#47,
0JaFg,r2qk2r/1b2bppp/p3pn2/1p2Q3/8/2N5/PPP1BPPP/R1B2RK1 w kq - 1 13,e2b5 a6b5 e5b5 d8d7,1828,75,87,163,advantage opening short,https://lichess.org/qMcyGNKy#25,Sicilian_Defense Sicilian_Defense_Modern_Variations
0MLvP,5r1k/pp4pp/3p4/7r/4R3/1QP4P/PP3qP1/3R2K1 w - - 0 27,g1h1 h5h3 g2h3 f2f3,1215,75,93,4612,crushing endgame sacrifice short,https://lichess.org/HFaCVjXa#53,
0Ef6N,r5r1/ppk1qp1p/3p4/2pP4/3n1P2/8/PPP3PP/R1BQ1RK1 w - - 1 18,c2c3 g8g2 g1g2 a8g8,2135,78,91,3471,attraction crushing kingsideAttack middlegame sacrifice short,https://lichess.org/CmCt3TEJ#35,Scotch_Game Scotch_Game_Other_variations
0EyQJ,rnbq1rk1/p4ppp/5n2/1pbpp1B1/8/1BPP1Q1P/PP3PP1/RN2K1NR b KQ - 3 10,c5e7 g5f6 e7f6 b3d5,1367,76,95,17504,advantage middlegame short,https://lichess.org/BtLP0ZCP/black#20,Portuguese_Opening Portuguese_Opening_Other_variations
0Nqy8,6k1/pp4p1/P1p2b2/2Ppn3/4p3/2P1N1Pb/1P3K1P/R7 b - - 0 30,h3c8 a6b7 c8b7 a1a7,1260,75,94,13214,advancedPawn advantage discoveredAttack endgame short,https://lichess.org/Z6wuhdF2/black#60,
06CpY,8/R5pk/4bp1p/P6N/8/7P/r5PK/8 b - - 1 42,e6d5 h5f6 h7g6 f6d5,1555,78,96,18428,crushing endgame pin short,https://lichess.org/swjdreC7/black#84,
01lij,r6r/p3k1bR/1p1p1q2/1B1PpPpQ/3pP1P1/P7/1P6/R3K3 w Q - 7 27,b5c6 h8h7 h5h7 a8h8 h7h8 g7h8,1334,75,90,273,advantage clearance long middlegame,https://lichess.org/w26R9Lvv#53,
0TJ2j,6k1/2p2qp1/2Pp3p/r7/3Q2P1/7P/1B6/1K1R4 w - - 0 38,d4c3 f7a2 b1c1 a5c5 c3c5 d6c5,1455,74,97,23319,advantage endgame long pin,https://lichess.org/7aP9i8Gg#75,
03ctM,6r1/pp2bk1p/4bp2/2p5/5p2/2P2N2/PPB2P1P/1K2R3 b - - 3 28,h7h6 e1e6 f7e6 c2b3 c5c4 b3c4,1569,71,94,17191,advantage attraction endgame long sacrifice,https://lichess.org/XsaLNrHo/black#56,
0JCIr,6k1/pp3p2/2p1n1b1/3pB3/3P2R1/3q4/P3NK1R/8 b - - 3 39,d3f5 g4f4 f7f6 f4f5,1920,75,90,446,advantage defensiveMove middlegame short,https://lichess.org/ma5PHbvs/black#78,
09Xh7,B4rk1/p1p5/3bp3/5pq1/3P2n1/2P5/PPQ1Pp2/R1B1K2R w KQ - 0 20,e1f1 g4h2 h1h2 g5g1,1785,74,94,13986,clearance mate mateIn2 middlegame sacrifice short,https://lichess.org/c1NyiOGy#39,
0Nucs,r2qr1k1/pbpnbpp1/1p3n1p/8/4NR2/1QPP1B1P/PP4PN/R1B3K1 b - - 2 14,d7e5 e4f6 e7f6 f3b7,1393,75,85,527,advantage discoveredAttack middlegame short,https://lichess.org/3ByywkiI/black#28,Philidor_Defense Philidor_Defense_Other_variations
0GwXU,8/pp3k1p/2p2p2/3pnP1Q/4qB2/7K/P6P/8 b - - 1 33,f7g7 f4h6 g7h8 h5e8,1637,74,96,10850,endgame master mate mateIn2 short,https://lichess.org/cvU22eRW/black#66,
06q6Y,7Q/p2P4/5rk1/5q1p/8/2P5/P4PPP/3R2K1 w - - 2 34,d7d8q f5f2 g1h1 f2f1 d1f1 f6f1,823,77,100,143,backRankMate endgame long mate mateIn3 sacrifice,https://lichess.org/ajHxHon0#67,
0UK1A,r4rk1/p5pp/b1p1q3/3p4/2pPp3/1PP1P1Q1/P1B3PP/R3R1K1 w - - 0 21,e1f1 f8f1 a1f1 c4b3 c2b3 a6f1,1806,75,93,2654,advantage discoveredAttack kingsideAttack long middlegame,https://lichess.org/MTMoJAN1#41,
09CvB,r4rk1/1ppR1pp1/1b6/p3p1P1/P6B/1BP4Q/1P2qP1K/8 b - - 0 30,a8d8 b3f7 f8f7 d7d8,2057,76,93,4577,crushing deflection kingsideAttack middlegame short,https://lichess.org/3CMiRlWY/black#60,
0BVF5,rnb1kb1r/4pppp/p4n2/1p1q4/2pP4/4PQ2/1P2BPPP/RNB1K1NR b KQkq - 3 9,c8g4 f3d5 f6d5 e2g4,966,77,97,1567,advantage discoveredAttack opening short,https://lichess.org/e9ToQqeC/black#18,Slav_Defense Slav_Defense_Other_variations
0FQWe,rn1qkb1r/1p3ppp/p4n2/3NpbB1/4P3/8/PPP2PPP/R2QKB1R b KQkq - 0 8,f5e4 d5f6 g7f6 d1d8 e8d8 g5f6,1390,74,97,18736,advantage attraction discoveredAttack long opening,https://lichess.org/0hdquNY1/black#16,Sicilian_Defense Sicilian_Defense_OKelly_Variation
0Mz4s,r1bqr1k1/1p3p1p/p5p1/2pPP3/8/2Q5/PP2B1PP/R4RK1 b - - 0 19,d8d5 e2c4 d5d4 c3d4 c5d4 c4f7,1561,76,94,18311,advantage long middlegame,https://lichess.org/dgS3m2zg/black#38,Benoni_Defense Benoni_Defense_Old_Benoni
0R2IM,3r1rk1/2p1qppp/p7/1p1b4/4N3/1PP1RQ1P/P4PP1/R5K1 b - - 0 23,e7d7 e4f6 g7f6 f3f6 d7d6 e3g3 d6g3 f2g3,1929,75,94,9442,crushing middlegame sacrifice veryLong,https://lichess.org/q9cm9ZeY/black#46,
0U6tt,r4rk1/ppp2q1p/8/6b1/3Q2pN/8/PPP2PPP/3RR1K1 w - - 4 27,d4g4 f7f2 g1h1 f2h4,1429,75,96,29105,advantage kingsideAttack middlegame short,https://lichess.org/29iAvq8q#53,
0We17,rnbqk2r/pp5p/2p2p1n/2bp4/7B/4PN2/PPP2PPP/RN1QKB1R w KQkq - 1 8,f3e5 d8a5 b1d2 f6e5,1552,76,89,2205,advantage opening short,https://lichess.org/IJXlhRc5#15,Englund_Gambit Englund_Gambit_Other_variations
0KFFq,r3r1k1/p2qbppb/1p3n1p/2p5/N1Pp1B2/1P1P1QNP/1P3PP1/R3R1K1 b - - 3 19,e7d6 a4b6 a7b6 a1a8,2090,75,91,5347,advantage discoveredAttack middlegame pin short,https://lichess.org/iVcoIOBO/black#38,French_Defense French_Defense_Other_variations
01MRs,r5k1/p2qppbp/1p1p1np1/2p5/2Pn4/P1NP2PP/1P2PP2/1RBQ1RK1 w - - 0 14,e2e3 d7h3 e3d4 f6g4 d1g4 h3g4,1484,75,90,905,advantage long master middlegame sacrifice,https://lichess.org/jIGXIyov#27,English_Opening English_Opening_Symmetrical_Variation
02PPX,6k1/1p2npp1/p4bqp/8/P7/4BN1P/1P3PP1/3Q2K1 b - - 0 26,f6b2 d1d8 g8h7 d8e7 g6b1 g1h2,1197,75,95,8926,crushing defensiveMove endgame fork long,https://lichess.org/4xghaa8w/black#52,
0EQYq,8/7k/2np1rp1/pp2r2p/2p1P2q/P1P2P2/KP1RB1Q1/6R1 b - - 1 36,e5g5 g2g5 h4g5 g1g5,895,77,100,168,advantage middlegame short,https://lichess.org/StAMlQzQ/black#72,
0RF3o,2r1r1k1/1b2b1pp/p2pp1P1/8/1q1NP3/2N1QP2/1PP5/2KR3R b - - 0 25,h7h6 h1h6 g7h6 e3h6 e7g5 h6g5,1316,76,87,918,crushing long middlegame sacrifice,https://lichess.org/SO1ny3m4/black#50,
0EbLh,r1bqr1k1/pp1nbpp1/3p1n1p/2p1P3/3P1Q1B/2NB4/PPP3PP/2KR2NR b - - 0 12,c5d4 e5f6 d4c3 f6e7,1579,76,89,357,advancedPawn advantage opening short,https://lichess.org/sMxUmzZe/black#24,Pirc_Defense Pirc_Defense_Other_variations
0AqAv,r2q1rk1/ppp1npbp/2n3p1/4p1B1/4P3/3B1Q1P/PPP2PP1/RN3RK1 w - - 3 11,g5f6 c6d4 f3d1 g7f6,1314,75,99,937,advantage opening short,https://lichess.org/6cTN2r8d#21,Queens_Pawn_Game Queens_Pawn_Game_Modern_Defense
095bo,5rk1/2p3p1/6qp/1r2p1bR/p1NpP3/P2P3Q/2P5/6RK b - - 1 37,f8b8 g1g5 b5b1 h1h2,1500,76,76,136,advantage defensiveMove middlegame short,https://lichess.org/gRfg0zbq/black#74,
00L4x,1r4k1/4Ppbp/p5p1/2q5/p2n4/P2Q2B1/r2N1PPP/3KR2R b - - 0 27,g7h6 e7e8q b8e8 e1e8,1238,80,91,2720,advancedPawn crushing kingsideAttack middlegame promotion short,https://lichess.org/kQUg1Hn3/black#54,
0DCLc,rn1q1rk1/p4ppp/1p3n2/2bPQ3/2P2B2/5N2/PP2B1PP/Rb3R1K w - - 0 13,a1b1 f8e8 e5c3 e8e2,1978,76,94,6412,advantage middlegame short skewer,https://lichess.org/d2UGIWou#25,Kings_Gambit_Accepted Kings_Gambit_Accepted_Modern_Defense
0Q3BS,r4rk1/ppp2pp1/2nb2qp/3N4/2BpP1b1/3Q1N1P/PP3PP1/R4RK1 b - - 0 14,g4h3 f3h4 g6g4 d3h3 g4h3 g2h3,1593,74,90,1314,advantage discoveredAttack long middlegame,https://lichess.org/1O4zudWl/black#28,Queens_Gambit_Declined Queens_Gambit_Declined_Other_variations
00t8q,r4rk1/1pp2pbp/2n1bnp1/2q1p3/4P3/1NP2PB1/PQ4PP/1KNR1B1R b - - 0 17,c5b6 g3f2 c6d4 c3d4,1609,73,95,14769,advantage middlegame short,https://lichess.org/o3BszNqL/black#34,Indian_Defense Indian_Defense_Other_variations
03YH7,rn3r2/ppq1p1k1/2p3p1/2P1P1p1/6P1/1Q6/PP2B3/R4RK1 b - - 0 23,c7e5 f1f8 g7f8 a1f1 f8e8 b3g8,2102,79,91,2304,attraction crushing long middlegame,https://lichess.org/bRsv5umz/black#46,
0KOXH,8/p1R2k1p/8/7q/4p3/PP2P3/K1RB4/6r1 b - - 4 41,f7e6 c2c6 e6d5 c6c5,1262,75,96,15791,crushing endgame short,https://lichess.org/ELb3rtyd/black#82,
0NRGS,4r1k1/pp3bpp/3q4/2n3Pn/5P2/4Q2N/PP3K1P/3R1BR1 b - - 2 22,d6d1 e3e8 f7e8 f1c4 g8f8 g1d1,1460,76,94,248,advantage discoveredAttack long master masterVsMaster middlegame sacrifice,https://lichess.org/43njQWOp/black#44,
06bbh,2r5/2r2pk1/2P5/4nppP/R7/4P3/P5B1/2R3K1 w - - 0 35,g1f2 e5d3 f2e2 d3c1,880,79,97,2288,advantage endgame fork master short,https://lichess.org/T4fhGtzD#69,
0Dct1,rn1q2nr/pppk2bp/3pp3/6pQ/4P3/8/PPP2PPP/RNB1K1NR w KQ - 2 8,h5g5 d8g5 c1g5 g7b2,1517,75,89,199,advantage opening short,https://lichess.org/HSwW5m8r#15,French_Defense French_Defense_Normal_Variation
0BxB9,r1b2rk1/p1pp1ppn/2p4p/2b1q3/8/1PNB1Q2/P1P2PPP/R1B2RK1 b - - 1 12,e5c3 d3h7 g8h7 f3c3,1020,80,94,2420,crushing discoveredAttack opening short,https://lichess.org/rTrxxCeT/black#24,Four_Knights_Game Four_Knights_Game_Italian_Variation
04I5l,5k2/5bp1/7p/p2r4/2KB4/1PP1R1P1/P6P/8 w - - 5 36,e3f3 d5f5 c4d3 f5f3,1134,74,97,2678,crushing discoveredAttack endgame short,https://lichess.org/uBo3xWMr#71,
0EZmh,3r1b1r/6p1/1k1q4/3p3p/4P1n1/3P1Q2/1P3PPP/RNR3K1 w - - 1 20,h2h3 d6h2 g1f1 h2h1 f1e2 h1c1,1096,75,95,655,crushing long middlegame skewer,https://lichess.org/P1JBkrwM#39,
0KZw0,8/8/2r4p/4k1p1/6P1/r1p1KP1P/P1R5/4B3 b - - 6 48,c6c7 e1g3 e5d5 g3c7,1468,72,94,19199,crushing endgame short skewer,https://lichess.org/IlrW1BPm/black#96,
06LGK,2r3k1/6p1/R4p1p/1p3P2/3p1bP1/P2P1N1P/1P6/6K1 w - - 1 30,f3d4 f4e3 g1g2 e3d4,1260,78,94,10499,advantage endgame fork short,https://lichess.org/LYkO52wU#59,
062Xx,rn1q2k1/ppp2ppp/3br3/8/6b1/5N2/PPP1BPPP/R1BQ1RK1 w - - 4 13,e2c4 g4f3 d1f3 d8h4 c1f4 h4f4 f3f4 d6f4 c4e6 f7e6,2667,127,87,1977,advantage opening veryLong,https://lichess.org/hTjnPPqq#25,Kings_Pawn_Game Kings_Pawn_Game_Other_variations
0842V,8/8/8/1p5k/1P2K3/1P2bp2/8/8 w - - 0 63,e4e3 h5g4 e3f2 g4f4,976,76,100,446,crushing defensiveMove endgame master pawnEndgame short,https://lichess.org/z2wfObzk#125,
0Bx0m,3r2rk/pb5p/8/2pn1Q2/3q2B1/2p3NP/P3R2K/5R2 b - - 11 37,d8f8 f5f8 g8f8 f1f8,1090,79,92,980,advantage middlegame short,https://lichess.org/0lU5wmKG/black#74,
0PZ5B,8/Q4pk1/4p1pp/6r1/4P1K1/2N2PP1/P6q/2R4R w - - 2 35,g4f4 h2d2 a7e3 e6e5,1770,71,95,16147,endgame mate mateIn2 short,https://lichess.org/OPnnTScQ#69,
0TXWE,r2r2k1/1p3ppp/p7/q2B4/Pn6/3R1P2/1P1Q1P1P/4R1K1 b - - 2 19,a5c5 d5f7 g8f7 d3d8 a8d8 d2d8,1221,75,98,2094,crushing discoveredAttack kingsideAttack long middlegame,https://lichess.org/rj64rhHs/black#38,
00hSW,2R5/4b1pk/1r5p/2pPN3/1p2P3/3P4/4K1PP/8 w - - 1 39,e5d7 b4b3 d5d6 e7d6 d7b6 b3b2 b6c4 b2b1q,1755,77,94,10327,advancedPawn advantage endgame master promotion sacrifice veryLong,https://lichess.org/56G5UTGb#77,
0V4vv,rnb1k2r/ppq1p1bp/2p1Pppn/3p4/N2P4/1N2B3/PPP1QPPP/R3KB1R b KQkq - 7 11,c8e6 e3h6 g7h6 e2e6,1651,75,91,2047,advantage discoveredAttack opening short,https://lichess.org/KeBYPRWD/black#22,Caro-Kann_Defense Caro-Kann_Defense_Other_variations
0DZDW,2kr1b1r/pp4pp/2B1bn2/8/Q2P1B2/2P3P1/P6P/qN3RK1 b - - 0 18,a1a2 c6b7 c8b7 a4b5 b7c8 b5c6,1961,74,95,16181,attraction long mate mateIn3 middlegame queensideAttack sacrifice,https://lichess.org/R2SNDXqv/black#36,Elephant_Gambit Elephant_Gambit_Other_variations
0Mkgs,8/3B4/8/p3kPp1/P3n3/5KP1/8/8 w - - 7 46,f3g4 e4f6 g4g5 f6d7 g5g6 d7f6,1795,74,94,12525,crushing defensiveMove endgame fork long zugzwang,https://lichess.org/okgXYvYr#91,
05hcE,4r1k1/1p2rpp1/2p3bp/3nN3/pq1P1NQP/8/PP2RPP1/4R1K1 b - - 5 26,b4d4 f4g6 d4g4 g6e7 e8e7 e5g4,2029,75,97,419,advantage kingsideAttack long middlegame,https://lichess.org/62xiX6KF/black#52,
0DMLv,8/4B2N/p1p3p1/5p2/5k2/P2K1P2/6rP/8 b - - 0 36,g2h2 e7d6 f4f3 d6h2,1323,75,99,3386,advantage endgame short skewer,https://lichess.org/5amKTe0b/black#72,
0V1oJ,1k1r3r/1pp2bp1/1b3p2/p3pB1p/3n3P/2N2P2/PPPB4/2KRR1N1 w - - 2 26,d2e3 d4f5 d1d8 h8d8 e3b6 c7b6,1535,74,94,1315,advantage hangingPiece long middlegame,https://lichess.org/kUdlIbpr#51,
0N0rH,8/7p/1k1P2p1/2p5/b1K3P1/5B2/5P2/8 w - - 0 33,c4d5 a4c6 d5e5 c6f3 d6d7 b6c7 d7d8q c7d8,1396,75,95,620,bishopEndgame crushing endgame skewer veryLong,https://lichess.org/eIFrv9BR#65,
08qo3,2k2r1r/pppqnQ1p/3p4/8/4PN2/7P/PPP2PP1/2KR3R w - - 1 18,f7e6 f8f4 e6d7 c8d7,1239,78,93,2301,advantage hangingPiece middlegame short,https://lichess.org/5nJo5gG4#35,Philidor_Defense Philidor_Defense_Other_variations
0IKMV,7k/6p1/p1b4p/2P2n2/PP1B1P2/2P4r/8/R3R1K1 w - - 0 31,b4b5 h3h1 g1f2 h1h2 f2f1 f5g3 f1g1 h2g2,2146,77,95,9940,endgame exposedKing mate mateIn4 veryLong vukovicMate,https://lichess.org/JC8souUh#61,
00ueM,2kr4/2pR4/2P1K1P1/8/8/p3n3/8/8 b - - 1 49,a3a2 d7d8 c8d8 g6g7 a2a1q g7g8q,1759,78,93,12131,advancedPawn endgame long mate mateIn3 promotion,https://lichess.org/d2IhwIPS/black#98,
01lp3,r1b3Q1/p4R2/4p1p1/1p4kp/8/1KPB1n2/PP3q2/8 b - - 1 42,a7a6 g8g6 g5h4 f7f4 h4h3 g6h5,1543,75,93,16075,crushing deflection long middlegame,https://lichess.org/Lgz23o2V/black#84,
0JOGA,r1b3k1/1p3ppp/7q/PB1pr3/5p2/P2P1N2/2PQ2Pn/R5RK w - - 0 26,f3h2 h6h2 h1h2 e5h5,1813,79,95,23513,attraction kingsideAttack mate mateIn2 middlegame sacrifice short,https://lichess.org/kHg9VL9m#51,
0CNzD,8/4kp2/3Rb3/6p1/4K1P1/5P2/8/8 w - - 6 49,e4e5 f7f6 e5d4 e7d6,927,79,93,759,crushing deflection endgame master short,https://lichess.org/2KQeO3KB#97,
03fGd,r4k2/p6R/1p3pp1/1Pp5/P5np/1K6/2P5/2B5 b - - 1 41,g6g5 h7h8 f8e7 h8a8,615,84,97,597,advantage endgame short skewer,https://lichess.org/4fmvpXZT/black#82,
0GiM7,r1bq1rk1/p3bppp/1pn1pn2/6B1/3P4/2NB1N2/PP1Q1PPP/R4RK1 b - - 1 12,c6d4 f3d4 d8d4 d3h7 f6h7 d2d4,1474,74,94,638,advantage discoveredAttack kingsideAttack long middlegame,https://lichess.org/FHubDcCZ/black#24,Scandinavian_Defense Scandinavian_Defense_Modern_Variation
0UBmb,3r1rk1/1p4pp/p4pbq/3PR3/1PP3Q1/P4N2/5PPP/4R1K1 w - - 0 25,g4e6 g6f7 e6b6 f6e5 b6h6 g7h6,1351,76,94,21178,advantage defensiveMove long middlegame,https://lichess.org/tAKO2h4P#49,
04rVo,2r3k1/1R3p1p/p2rp1p1/8/3P1P2/2q5/2N2QPP/5R1K w - - 1 27,f1d1 c3c2 f2c2 c8c2,863,98,92,1067,advantage middlegame short,https://lichess.org/jXv1NCYJ#53,
09qL5,8/2p1rpk1/1pp3p1/4n3/2PN3P/1P4R1/P5PK/8 b - - 10 41,c6c5 d4f5 g7f6 f5e7,1014,87,94,2360,crushing endgame master pin short,https://lichess.org/UoHs15yx/black#82,
0CHDY,rn3rk1/pp1q3p/2pbR1p1/3p4/3Pn3/2PB3P/PP3PP1/RNB1Q1K1 w - - 1 15,d3e4 d7e6 e4d5 e6d5,1159,77,84,1042,advantage hangingPiece opening short,https://lichess.org/65iRW2vf#29,Caro-Kann_Defense Caro-Kann_Defense_Advance_Variation
04TQD,3r1rk1/pp2qpp1/2p1p2Q/8/8/1P4R1/6PP/5R1K b - - 0 29,g7g6 g3h3 f7f6 h6h8 g8f7 h3h7 f7e8 h7e7,1825,75,95,11124,crushing endgame quietMove skewer veryLong,https://lichess.org/lmDAzyCc/black#58,
0B9uh,1rr3k1/1q2ppb1/3p1np1/1N2n2p/1p2P3/1P2BPPP/P1R1QK2/3R1B2 b - - 2 32,b7b5 c2c8 b8c8 e2b5,1191,75,98,494,advantage middlegame short,https://lichess.org/bZue2n6e/black#64,
0N8mz,r4rk1/pp2pp1p/1qn1b1pb/3pP3/3P4/P1N2N1P/1P2BPP1/R2Q1RK1 b - - 2 14,b6b2 c3a4 b2a1 d1a1,1449,77,92,1512,advantage middlegame short trappedPiece,https://lichess.org/LUphtbXO/black#28,Sicilian_Defense Sicilian_Defense_Hyperaccelerated_Fianchetto
07tZM,7k/p5bp/6p1/3b2B1/8/P2p4/1P3RPP/7K w - - 2 30,g5f6 g7f6 f2f6 d3d2 f6f1 d5b3,1568,75,96,16933,advancedPawn advantage defensiveMove endgame long,https://lichess.org/f0wfOLAc#59,
0OjbV,2k4r/pp1r2pp/3q4/2pp2p1/8/P2P1P2/BPP4P/R1BQ2K1 w - - 0 21,c1g5 d6g6 d1d2 h7h6,1374,74,94,6896,advantage middlegame pin short,https://lichess.org/KF8sQ22G#41,
0HDsU,2k2r1r/1ppq2p1/p1pb1n2/4p1p1/4P1P1/3P1NBP/PPP3K1/R2Q1R2 b - - 2 19,f6g4 h3g4 d7g4 f3g1,2167,77,88,1957,advantage defensiveMove middlegame short,https://lichess.org/NT62lvYb/black#38,Ruy_Lopez Ruy_Lopez_Exchange_Variation
0IItD,r1bq1rk1/pp3ppp/3p4/3Np3/2R1P1n1/3B4/2PBNbPP/3Q1R1K w - - 6 17,e2c3 d8h4 h2h3 h4g3 d5e7 g8h8 d1g4 c8g4 e7f5 g4f5,2007,77,88,185,advantage middlegame veryLong,https://lichess.org/2uSyJRXP#33,Benoni_Defense Benoni_Defense_Benoni_Gambit_Accepted
03DmV,1q2k2r/2p2pR1/4pn2/p1p5/2p1N3/4PP2/2PP2QP/2K5 b k - 1 27,f6e4 g7g8 e8e7 g8b8,1151,77,83,126,advantage endgame short skewer,https://lichess.org/jMAwecZJ/black#54,
0FuWz,r1b1k2r/pppp1ppp/8/2bNq3/5n2/4BN2/PPP1K1PP/R2Q1B1R w kq - 4 12,e2f2 e5d5 d1d5 c5e3 f2e3 f4d5,2050,73,92,8717,advantage attraction long opening pin sacrifice,https://lichess.org/GKjFn92m#23,Vienna_Game Vienna_Game_Vienna_Gambit
01ncA,r1bq1rk1/pp3pp1/1nnbp2p/2p5/3P4/2P1B3/PPB1NPPP/RN1Q1RK1 b - - 2 11,b6c4 d1d3 f7f5 d3c4,1577,74,89,1035,advantage master opening short,https://lichess.org/TAMDGpzu/black#22,Sicilian_Defense Sicilian_Defense_Alapin_Variation
0CTn1,7r/5pp1/p3p2p/1p4P1/5P1k/1q3B2/2r4P/K2RQR2 b - - 6 31,h4h3 e1g3,1107,75,96,6017,mate mateIn1 middlegame oneMove,https://lichess.org/5iNvjBG5/black#62,
05Htz,4n1k1/2r2p1p/b2p2p1/3Pp3/1P2P3/1p3NNP/1P3PP1/2R4K w - - 1 37,g3e2 a6e2 c1c7 e8c7,1092,76,95,5495,advantage endgame hangingPiece short,https://lichess.org/dgSVjT1j#73,
0IIdR,3r1rk1/Nb1qnppp/1p6/p3PN2/P3p3/1PP1Q1P1/7P/3R1RK1 b - - 0 26,d7d1 f5e7 g8h8 f1d1,1455,75,94,13682,advantage hangingPiece intermezzo middlegame short,https://lichess.org/saTWqUG5/black#52,
07VLd,rnb1k2r/ppppqppp/5n2/8/2B1P3/2B5/P3QPPP/2KR2NR b kq - 0 9,e7e4 e2e4 f6e4 d1e1 e8g8 e1e4,1825,75,94,9496,advantage long opening pin,https://lichess.org/6wfubS0N/black#18,Danish_Gambit_Accepted Danish_Gambit_Accepted_Copenhagen_Defense
09cNZ,1k6/1rr1pp1p/6p1/qR1pP3/8/3Q3P/5PP1/1R4K1 b - - 1 27,c7c1 g1h2 b7b5 b1b5 a5b5 d3b5,1887,75,94,13107,crushing defensiveMove endgame exposedKing fork long,https://lichess.org/dsdM3WQt/black#54,
0G5xz,r1bqk2r/ppp2ppp/2np1n2/2b3B1/2P1P3/2N5/PP3PPP/R2QKBNR b KQkq - 1 7,c5f2 e1f2 f6g4 d1g4,1642,76,84,182,advantage hangingPiece opening short,https://lichess.org/1zmA3CHl/black#14,Indian_Defense Indian_Defense_Budapest_Defense
0GV4R,8/3Q4/kp4pq/pR3p2/P2Pp2K/4P2P/2r3P1/1R6 w - - 1 45,h4g3 h6g5 g3h2 g5g2,2032,77,94,10486,endgame mate mateIn2 short,https://lichess.org/w499i3Bk#89,
08vLz,2rq1r1k/pb5p/1p2Q1p1/3p4/3b1p1P/1P1B1N1P/P4P2/R3R1K1 b - - 3 24,f8e8 e6e8 d8e8 e1e8 c8e8 f3d4,1448,74,97,1198,advantage kingsideAttack long middlegame,https://lichess.org/3x9OhAkr/black#48,
013U2,r1b2k2/p2pbP2/1pn3pr/1P5p/2B5/P1B3N1/2P3PP/1K2R3 b - - 0 23,c6d8 e1e7 f8e7 c3b4 d7d6 b4d6,2313,78,94,6625,attraction crushing exposedKing long middlegame sacrifice,https://lichess.org/5k5xgjEM/black#46,
0BfYI,4r3/R3npk1/p1p1P1p1/2P4p/8/r5P1/6BP/3R3K b - - 0 33,f7e6 g2c6 e8c8 a7e7,1693,76,94,15334,advantage endgame pin short,https://lichess.org/UpbrATus/black#66,
0Wsl6,r1b2rk1/2Bq1ppp/p4b2/1ppp1P2/8/3P2QP/PPP1N1P1/R4RK1 w - - 7 19,c7e5 f6e5 g3e5 f8e8 e5g3 e8e2 f5f6 g7g6,1588,73,98,13978,crushing defensiveMove middlegame skewer veryLong,https://lichess.org/6tkzXNzV#37,Sicilian_Defense Sicilian_Defense_Modern_Variations
04lFX,r2q1rk1/ppp1ppbp/3p1np1/8/1nPP4/1PN1PNP1/P1bQ1PBP/R1B2RK1 b - - 2 10,f6e4 c3e4 c2e4 d2b4,1215,76,94,1051,crushing discoveredAttack master opening short,https://lichess.org/4sph6Zdu/black#20,Kings_Indian_Defense Kings_Indian_Defense_Fianchetto_Variation
0SZgk,rn2r2k/ppp1q2p/5pp1/8/3P4/2Q5/PPP1BPPP/R3K2R w KQ - 1 15,e1g1 e7e2 f1e1 e2b5,1769,72,95,18398,advantage hangingPiece middlegame short,https://lichess.org/yvePXm0p#29,Queens_Pawn_Game Queens_Pawn_Game_Veresov_Attack
0PNjo,B4k2/p1b3pp/5n2/5Q2/N5n1/6P1/PP1q1PKP/R7 w - - 0 27,a1f1 g4e3 g2g1 e3f5,1307,75,94,17653,crushing middlegame pin short,https://lichess.org/riddzYXT#53,
0NCCC,4r1k1/5p2/p5p1/1p1N4/3Pq1Pb/P1R1PQ2/1P4K1/8 w - - 5 33,d5f6 h4f6 f3e4 e8e4,1148,76,93,685,advantage endgame pin short,https://lichess.org/6LBV8cpc#65,
0FVpj,r1b1rbk1/pp3p1p/2p1qBp1/8/4B2Q/6P1/PPP2P1P/3RR1K1 w - - 6 19,e4g6 e6e1 d1e1 e8e1 g1g2 f7g6,1471,74,87,1151,advantage kingsideAttack long middlegame,https://lichess.org/IYT5MaN9#37,
0MtOl,rn2k1r1/pp1q1p1p/2pp1bn1/6B1/4P2Q/2N2N2/PPP2PPP/R3K2R w KQq - 7 12,h4h7 g8h8 h7h8 f6h8,1963,76,95,17307,advantage middlegame short trappedPiece,https://lichess.org/nPRkIvl6#23,Philidor_Defense Philidor_Defense_Other_variations
0WMOr,6k1/5p2/pq5p/R5p1/1P6/2P1rQ1P/1P4PK/8 w - - 1 31,f3f2 e3h3 h2g1 h3h1 g1h1 b6f2,1393,76,96,31889,crushing deflection endgame long,https://lichess.org/GwvwgeOm#61,
0RXmL,8/1p1k1pK1/4pP2/4P3/1P1P4/2p5/8/8 b - - 3 42,d7e8 d4d5 c3c2 d5e6 f7e6 f6f7 e8d7 f7f8q,1655,76,94,14279,advancedPawn crushing deflection endgame pawnEndgame promotion veryLong,https://lichess.org/S5p7ByWl/black#84,
0CbhL,4n1k1/1p2qpb1/p2p3p/2pP4/2P2Q1N/2N4P/PP3PP1/6K1 w - - 2 24,h4f5 e7e1 g1h2 g7e5 f4g3 e5g3,976,89,95,333,advantage endgame kingsideAttack long pin,https://lichess.org/V4FyUN8A#47,
0Ftjl,r1bq1rk1/5pp1/2pp1n1p/4p3/1p1bP3/3P3P/BPPBQPP1/R2NR1K1 b - - 1 15,d4c5 a2f7 g8f7 a1a8,1561,74,90,2405,advantage discoveredAttack opening short,https://lichess.org/xtIRvpA3/black#30,Italian_Game Italian_Game_Giuoco_Piano
0QEVE,4n1k1/p3r2p/1p2Pqp1/2pB1p2/8/2PP2Q1/1P2R2P/6K1 b - - 4 31,e8c7 g3c7 e7c7 e6e7 g8h8 e7e8q,1291,78,83,569,advancedPawn advantage discoveredAttack endgame long master masterVsMaster promotion sacrifice,https://lichess.org/UZka28oA/black#62,
012LI,6k1/p4p1p/4bp2/1p2p3/3r4/KP1nQPN1/P5B1/8 w - - 0 33,g2f1 d4a4 b3a4 b5b4,2257,77,95,748,endgame master mate mateIn2 sacrifice short,https://lichess.org/ITMhkGpD#65,
0RHr4,r2q2rk/ppp4n/4bp1B/4Q1P1/3n4/1BNP4/PPP2PP1/R4RK1 w - - 0 20,g5f6 d4f3 g1h1 f3e5,1543,77,96,23589,crushing middlegame pin short,https://lichess.org/fQisFsDo#39,
0BRDr,r3k1r1/1b1n1p2/p1pbp3/1p3pq1/3P3N/P1N1PBPK/1P5P/R2Q2R1 b q - 1 19,g5e3 h4f5 e6f5 g1e1 e3e1 d1e1,1756,74,96,8375,advantage long middlegame pin sacrifice,https://lichess.org/fx4Sn1mH/black#38,Queens_Gambit_Declined Queens_Gambit_Declined_Modern_Variation
0Z4ZB,r3r1k1/ppp2pp1/4bn1p/4P3/2Nq4/3B3P/P1P2PP1/R2QR1K1 b - - 0 17,e6c4 d3h7 f6h7 d1d4,1486,77,94,1104,advantage discoveredAttack master middlegame short,https://lichess.org/pCPHjCBM/black#34,Indian_Defense Indian_Defense_Other_variations
07Gtd,r2q1knr/pppnbBpp/3p4/4p3/4P3/1QP2P2/PP1P1P1P/RNB1K2R w KQ - 1 8,d2d3 d7c5 f7g8 c5b3,1263,79,87,610,advantage opening short,https://lichess.org/bWsX54xl#15,Philidor_Defense Philidor_Defense_Steinitz_Variation
08QZq,r1b2rk1/1p3pbp/1q2p1p1/pN2Pn2/P1B5/1P6/5PPP/R1BQR1K1 b - - 0 15,c8d7 d1d7 a8d8 d7c7 b6c7 b5c7,1531,75,88,1124,advantage hangingPiece long middlegame,https://lichess.org/hDLa6zPT/black#30,Sicilian_Defense Sicilian_Defense_Alapin_Variation
0Rw2E,r3r1k1/2p4p/1bbpq1pB/pp2pnN1/8/2P3P1/PP1Q1PBP/4RRK1 b - - 5 24,e6d7 g2d5 c6d5 d2d5 g8h8 g5f7 d7f7 d5f7,1862,75,93,1375,advantage kingsideAttack middlegame veryLong,https://lichess.org/JEzJrbNr/black#48,
0ZxIr,r1b2rk1/ppp3pp/6n1/1Nb5/2P2P2/2B3P1/PP4BP/3RR1K1 w - - 3 21,g1f1 g6f4 g3f4 f8f4,1429,76,93,9232,advantage middlegame short,https://lichess.org/UtyqOLom#41,
0E5uy,r6r/pp5k/2p1b1qp/8/3Q4/4RP2/P1P3PP/4R1K1 b - - 2 26,h8e8 e3e6 e8e6 d4d7,1285,75,90,1254,advantage middlegame sacrifice short,https://lichess.org/f4ywAeAE/black#52,
0RUB7,1r1qk2r/pb2bppp/1p2p3/2p5/Q1BPP3/2P2N2/P4PPP/R3K2R b KQk - 1 11,d8d7 c4b5 d7b5 a4b5,1255,76,95,4427,crushing middlegame pin short,https://lichess.org/BICDuKD6/black#22,Queens_Gambit_Declined Queens_Gambit_Declined_Exchange_Variation
0MBnJ,r1b2rk1/2qp1ppp/p5n1/2pnP3/1p6/1P1B1N2/P1PB1QPP/4R1KR b - - 1 21,d5f4 d2f4 g6f4 d3h7,2006,76,93,1796,advantage kingsideAttack middlegame short,https://lichess.org/RXs5FOR1/black#42,
05Edh,r1b2rk1/pp5p/7n/3N2Pq/3N2nP/6b1/PP2B3/2RQ1RK1 w - - 0 24,c1c8 a8c8 d5f6 f8f6,2147,83,90,1134,advantage hangingPiece middlegame short,https://lichess.org/dp3xpQ1w#47,
062e9,8/4R1pp/5pk1/1ppb4/5PPP/8/2r2B2/6K1 b - - 0 37,c5c4 f4f5 g6h6 f2e3 g7g5 f5g6 h6g6 h4h5,1868,75,93,162445,attraction discoveredAttack enPassant endgame mate mateIn4 veryLong,https://lichess.org/osvRxufn/black#74,
0Eb0n,1k1r1b1r/1p4pp/p2q1p2/5P2/Q2p4/1P3P2/1P3B1P/R3R2K b - - 1 29,g7g6 f2g3 d6g3 h2g3,1723,76,95,16623,crushing middlegame pin short,https://lichess.org/xQ9mP62c/black#58,
0A6jf,1rb2r1k/p3bppB/2p1p3/3pP3/5q2/7R/PPP1Q1PP/1K1R4 b - - 1 19,g7g6 h7g6 h8g7 e2h5,2280,81,90,1962,crushing discoveredAttack kingsideAttack middlegame short,https://lichess.org/Wnu93piC/black#38,Sicilian_Defense Sicilian_Defense_Taimanov_Variation
07CMS,5B2/1p5p/p5p1/8/1Pk2PPP/5K2/2n5/8 b - - 0 44,c2b4 f8b4 c4b4 f4f5 g6f5 g4g5 a6a5 h4h5 a5a4 g5g6 h7g6 h5h6,2480,77,92,2101,crushing endgame master masterVsMaster quietMove sacrifice veryLong,https://lichess.org/KLyicdtq/black#88,
0MIVW,3r1n1k/pb3qp1/1p5p/8/3p4/2NQP1P1/PP3P1P/1B1R2K1 w - - 0 33,c3e2 d4e3 d3h7 f8h7 d1d8 h7f8,2149,77,91,588,advantage defensiveMove long middlegame,https://lichess.org/alGoXDLk#65,
08fNW,8/7p/2pk2p1/Np2n3/3bP3/6PP/4B1K1/8 b - - 7 40,d6c5 a5b3 c5b4 b3d4,973,80,85,303,advantage deflection endgame master short,https://lichess.org/kpr0FJgb/black#80,
03e8L,4r3/p7/1b6/4Pkpp/4R3/3K1NPP/PP6/8 w - - 1 43,f3d2 e8d8 d3c3 d8d2,1811,75,95,9284,advantage endgame short,https://lichess.org/xzr5z6JW#85,
01gkL,r1b2bkr/ppp2Np1/3pPq1p/4n3/3Q4/8/PPP2PPP/RNB1K2R w KQ - 2 12,f7h8 e5f3 g2f3 f6d4,1258,77,92,4094,crushing discoveredAttack opening short,https://lichess.org/e9vKK71P#23,Scotch_Game Scotch_Game_Scotch_Gambit
04Kar,2r3k1/5p1p/1qP1p1p1/3pP3/Pr3P2/R1Q4P/6P1/2R3K1 w - - 3 27,c3c5 c8c6 c5b6 c6c1,1803,75,96,3724,crushing endgame master sacrifice short skewer,https://lichess.org/U97ofx5d#53,
0YHPn,r5k1/p1nqrp2/bp1p3p/2pP2p1/P1P1N3/2P1B1PP/2Q2P2/1R2R1K1 b - - 0 23,d7h3 e4f6 g8g7 c2h7 g7f6 e3g5 h6g5 h7h3 e7e1 b1e1,1532,74,94,989,crushing kingsideAttack middlegame sacrifice veryLong,https://lichess.org/s3Rv9dyJ/black#46,
07LGG,r5k1/1p1q1pbp/p1n3N1/8/3p4/PQP1r2P/BP4P1/R4RK1 b - - 0 22,h7g6 f1f7 d7e8 f7e7 g8h7 e7e8,1420,75,94,5752,advantage discoveredAttack kingsideAttack long middlegame,https://lichess.org/XqWHIWQs/black#44,
0ZU4a,r4rk1/p1p1nppp/b1pp1q2/8/3NP3/P1P1B3/2PQ1PPP/R3R1K1 b - - 2 13,c6c5 e3g5 f6g6 g5e7,1451,74,93,976,advantage middlegame short skewer,https://lichess.org/V1b7HwCO/black#26,Three_Knights_Opening Three_Knights_Opening_Other_variations
0PhrH,r4rk1/pppn1p1p/2b3p1/4p1N1/4N2P/3Q2P1/PPP2q2/2KRR3 b - - 1 16,c6e4 g5e4 d7c5 e4f2,1622,76,96,13365,advantage middlegame short,https://lichess.org/5T8vLfCI/black#32,Philidor_Defense Philidor_Defense_Exchange_Variation
0BwLH,6k1/r1p2rp1/p1R1p2p/1pN5/3q4/7P/PPQ2PP1/6K1 b - - 1 28,d4f2 c2f2 f7f2 g1f2,764,80,100,112,advantage endgame short,https://lichess.org/xpDE69ep/black#56,
031WO,r1bqr1k1/pp2bpp1/2p2n1p/3p4/5Q1B/3B1N2/PPP2PPP/R3R1K1 b - - 3 14,f6h7 d3h7 g8h7 f4f7,2137,78,91,2969,advantage kingsideAttack middlegame short,https://lichess.org/RgAXnjrk/black#28,Ruy_Lopez Ruy_Lopez_Berlin_Defense
08zrn,8/2q1k3/1p1p2p1/2p1p3/2P1Q3/1P5P/P4rP1/3R3K b - - 4 39,e7f6 e4h4 f6g7 h4f2,946,77,93,3988,crushing endgame fork short,https://lichess.org/T5uAhkdw/black#78,
05w7i,r3k1nr/1p1q1pp1/p3p2p/2bpPb2/3N1P2/4B3/PPP3PP/RN1Q1RK1 b kq - 2 12,g8e7 d4f5 e7f5 e3c5,1090,77,89,142,advantage discoveredAttack middlegame short,https://lichess.org/s6E7wpXf/black#24,Caro-Kann_Defense Caro-Kann_Defense_Advance_Variation
0CR0h,7R/8/8/2k5/Kp5P/p1r5/P7/8 b - - 3 53,c3c4 h8c8 c5d4 c8c4 d4c4 h4h5 c4c3 h5h6 b4b3 h6h7 b3b2 h7h8q,2093,76,94,7556,advancedPawn crushing endgame promotion quietMove rookEndgame veryLong,https://lichess.org/wn2WprhI/black#106,
0GSf4,r3kb1r/ppp1pppp/2n2n2/4qbN1/8/2N5/PPP1BPPP/R1BQR1K1 b kq - 6 9,a8d8 d1d8 c6d8 e2b5 e5b5 c3b5,1776,75,94,5752,advantage long opening sacrifice,https://lichess.org/mJBlEyig/black#18,Zukertort_Opening Zukertort_Opening_Tennison_Gambit
03ujt,5r1k/1Qp3pp/5q2/p3N3/3r4/P7/1P3PPP/5RK1 w - - 0 22,b7c7 f6f2 f1f2 d4d1 f2f1 f8f1,1264,76,93,18209,endgame long mate mateIn3 sacrifice,https://lichess.org/Aecznzfo#43,
0GX5M,4r1k1/p1p2p1p/3b2p1/5b2/5P2/1Pq1B2P/P3Q1P1/R3R1K1 w - - 0 22,e2f2 e8e3 f2e3 d6c5 e3c5 c3c5,1532,74,95,14306,crushing long middlegame pin sacrifice,https://lichess.org/qGiB39q1#43,
00ZAn,rnbqk1nr/ppp1b1pp/3p4/4p3/2B1P3/5N2/PPPP2PP/RNBQK2R w KQkq - 0 6,f3e5 d6e5 d1h5 g7g6 h5e5 g8f6,1785,75,86,146,advantage hangingPiece long opening,https://lichess.org/uS929Njx#11,Kings_Gambit Kings_Gambit_Other_variations
09xoV,r1b1k2r/pp3ppp/2n5/2b2q2/3p4/1Q3N2/PP1BPPPP/2R1KB1R b Kkq - 7 13,e8g8 g2g4 f5e4 c1c5,2117,78,84,103,advantage master opening short,https://lichess.org/bsiHsw7h/black#26,Tarrasch_Defense Tarrasch_Defense_Other_variations
0Nj7W,r1b1kb1r/pp1p1ppp/2p2q2/8/2BpP3/3P4/PPP2PPP/R1BQ1RK1 w kq - 0 10,d1g4 d7d5 g4g3 d5c4,1152,74,98,6122,advantage middlegame short,https://lichess.org/EIYX2IqO#19,Italian_Game Italian_Game_Two_Knights_Defense
02zkV,2r5/1kb3p1/p2Q1pP1/1p3P2/2b5/P1B5/1P6/K7 w - - 1 35,d6d7 c8d8 d7d8 c7d8,993,76,98,448,advantage endgame short,https://lichess.org/JQX7XXkh#69,
08FPI,r1bq1rk1/ppppbppp/2n2n2/4P1N1/2BP4/8/P4PPP/RNBQK2R b KQ - 0 9,f6e8 d1h5 e7g5 c1g5,1957,74,88,119,advantage opening short,https://lichess.org/45r17Wwe/black#18,Italian_Game Italian_Game_Evans_Gambit
04hcp,2r2rk1/4pp1p/p2q2p1/1p1NR3/3P4/P4Q1P/1n3PP1/R5K1 b - - 3 22,e7e6 d5f6 g8g7 f6h5,2114,77,89,1790,advantage kingsideAttack middlegame short,https://lichess.org/8r8eveK6/black#44,
0DC0x,r4b1r/pp1Nkp2/4bp1p/1np5/8/6N1/PPP2PPP/2KRR3 b - - 1 14,a8d8 g3f5 e7e8 d7f6,1289,74,96,25392,deflection mate mateIn2 middlegame pin short,https://lichess.org/5tyFEY4u/black#28,Scandinavian_Defense Scandinavian_Defense_Other_variations
0C9Tt,3r4/p6k/1p2p1qp/4Pnb1/3p1Rp1/3Q4/PP1B1P2/2R1K3 w - - 2 33,f4g4 g5d2 e1d2 g6g4,951,76,80,326,crushing discoveredAttack master masterVsMaster middlegame short,https://lichess.org/2smZ11zO#65,
0MsC9,r3r1k1/ppbq2pp/2p2p2/3p1NP1/3P1nQP/2P5/PP1N1P2/R3R1K1 b - - 2 22,f6g5 f5h6 g7h6 g4d7,1571,74,97,4021,advantage discoveredAttack middlegame short,https://lichess.org/KqqL879m/black#44,
08x18,8/ppp1nr2/k7/4pb2/2P5/P2Pb1N1/1B3R2/2K2R2 w - - 0 36,c1c2 e3f2 f1f2 f5d3 c2d3 f7f2,1438,75,95,5564,crushing discoveredAttack long middlegame,https://lichess.org/RFE8BrRa#71,
0U4nP,r2q1rk1/ppp1bpp1/3p1n1p/4n3/4P1bB/5N2/PPP1BPPP/RN1QR1K1 b - - 1 10,f6e4 h4e7 d8e7 f3e5 e7e5 e2g4,1858,76,91,2268,advantage capturingDefender discoveredAttack long opening,https://lichess.org/OMMzHDj1/black#20,Italian_Game Italian_Game_Hungarian_Defense
0BoYj,r1k5/ppp1q1p1/8/3p4/3np2r/3B1NQ1/PPP2PPP/R3K2R w KQ - 0 20,g3h4 d4f3 g2f3 e7h4,1692,78,95,19391,advantage intermezzo middlegame short,https://lichess.org/8T2mAMSo#39,
030s5,5rb1/R7/4r1k1/3pRp1p/5K1P/2PB4/P1P5/8 w - - 1 41,d3f5 f8f5 e5f5 e6e4 f4f3 g6f5,1277,77,84,191,advantage deflection endgame long sacrifice,https://lichess.org/UjBV4gUi#81,
0FXGP,r3r1k1/p4p1p/2np1p2/8/B2n4/1P2B3/P1b2PPP/R3R1K1 b - - 1 20,c2e4 e3d4 c6d4 a4e8,1318,75,95,17389,advantage master middlegame short,https://lichess.org/GYoJWuBQ/black#40,
01SMk,r4rk1/pbp2ppp/1pNbp3/1B2n3/Q2P4/4PqP1/PP3P1P/RNB2RK1 b - - 0 13,e5c6 b1d2 f3d5 e3e4 d5d4 b5c6 d4a4 c6a4,1793,80,91,231,advantage middlegame veryLong,https://lichess.org/Bgmp2kSF/black#26,Reti_Opening Reti_Opening_Reti_Accepted
0OEQ7,4r1k1/1pQ2ppp/6r1/1P1p4/4n2q/P3P1P1/1B3PK1/3R1R2 w - - 0 31,d1d5 e4g3 f2g3 h4e4 f1f3 e4d5,2066,74,93,10274,advantage clearance fork long middlegame sacrifice,https://lichess.org/I1fveOC5#61,
07hR4,r3k1nr/ppp2ppp/5q2/2b5/3nP3/2NP1B2/PPP3PP/R1BQK2R w KQkq - 1 10,c1e3 d4f3 d1f3 f6f3 g2f3 c5e3 c3d5 e3b6,1719,74,93,5185,advantage capturingDefender defensiveMove opening veryLong,https://lichess.org/g27LX8Uo#19,Kings_Gambit_Declined Kings_Gambit_Declined_Classical_Variation
043eX,2b5/p2rk1Qp/1p1p4/2pP4/2P2p1q/1P1P4/PB4B1/6K1 b - - 10 40,e7d8 b2f6 d8c7 g7d7 c8d7 f6h4,1900,75,95,13347,advantage endgame exposedKing fork long master,https://lichess.org/7QZcZJXk/black#80,
0JF4x,r3kb1r/1pp1qp1p/p1n2np1/8/Q1P5/2NB1P2/P2P1P1P/R1BK3R b kq - 0 15,f8g7 h1e1 e8g8 e1e7,1740,74,95,23108,crushing middlegame pin short,https://lichess.org/LsqUiBv1/black#30,English_Opening English_Opening_Kings_English_Variation
0Ar7S,r1b2bk1/p2n2pp/7q/3p4/3p4/3B2B1/PP1NQ1PP/2R3K1 b - - 1 21,d7f6 c1c8 a8c8 e2e6 g8h8 e6c8,1582,72,96,27301,attraction crushing fork long middlegame pin sacrifice,https://lichess.org/5Jdw7qXq/black#42,
06nTl,r2q1rk1/pp3ppp/2bPp3/3p1n2/3N1Q2/P7/1PPB1PPP/R4RK1 b - - 4 17,d8d6 d4f5 d6f4 f5e7 g8h8 d2f4,1584,75,90,1275,advantage intermezzo kingsideAttack long middlegame sacrifice,https://lichess.org/M4hblDBF/black#34,French_Defense French_Defense_Advance_Variation
0CuSs,1r4k1/4p3/p2p1ppQ/q2P1b1p/2pB2PP/PrP5/1P1R4/K3R3 b - - 0 25,b3b2 d2b2 b8b2 a1b2 a5b5 b2a1,2084,76,87,396,advantage defensiveMove long middlegame,https://lichess.org/U9aHseSa/black#50,
0NXXI,5r1k/pp4p1/2b4p/3n2q1/8/1Q3BP1/P2N1PKP/4R3 w - - 8 33,e1e2 d5f4 g2f1 f4e2,1295,75,95,9902,advantage middlegame pin short,https://lichess.org/8XHGvOwk#65,
0RQkJ,7r/pp3Q2/2pk4/3pb3/4p2P/3R1nPb/P4PK1/2R5 w - - 3 34,g2h3 f3g5 h3g2 g5f7,1373,75,96,3111,advantage endgame master pin short,https://lichess.org/HEiD5JIb#67,
0KLSa,4Q3/2k5/8/8/8/P4pP1/1r1K4/8 w - - 1 44,d2e3 b2e2 e3f3 e2e8,1551,76,93,3452,crushing endgame queenRookEndgame short skewer,https://lichess.org/DRHTocAZ#87,
0Yelk,5k2/p4ppp/b3p3/2p5/1P3PP1/PP3B1r/5K1P/7R w - - 0 31,f2g2 h3f3 g2f3 a6b7 f3e3 b7h1,1332,74,92,11374,advantage attraction endgame long sacrifice skewer,https://lichess.org/0RkYK6f3#61,
0JOPc,r2q2k1/p4rpp/2p5/1p6/8/1QN5/PP3PPb/R1B1R1K1 w - - 0 18,g1h2 d8h4 h2g1 h4f2,1091,77,97,650,advantage middlegame short,https://lichess.org/SNTnEaez#35,Danish_Gambit_Accepted Danish_Gambit_Accepted_Other_variations
0A3WY,4rk2/1p1b2pp/p2b4/2pP1p1q/P1B1r3/1P4P1/1BPQ3P/R4RK1 w - - 6 23,c4d3 e4e2 d3e2 e8e2 d2e2 h5e2,1700,75,95,1948,advantage long middlegame sacrifice,https://lichess.org/OOVPNgia#45,
0O3Ut,r7/1p2Rrpk/p4q1p/5p2/1PQP4/B7/5PPP/4R1K1 w - - 3 23,e1e6 f7e7 e6f6 e7e1 c4f1 e1f1 g1f1 g7f6,1537,76,93,837,advantage middlegame sacrifice veryLong,https://lichess.org/gquxPk8h#45,
0FRXk,2rr4/2q1kp2/p3pNp1/1p1P2Pp/1n5P/4QP2/PP6/1K1R2NR w - - 1 26,g1e2 c7c2 b1a1 c2d1 h1d1 b4c2 a1b1 c2e3,1723,76,96,17135,crushing fork middlegame sacrifice veryLong,https://lichess.org/lfyT1DIi#51,
0Mspr,8/5ppp/R7/1r2p1k1/1P1p4/1n2PPP1/2r1NK1P/3R4 b - - 0 32,b5b4 h2h4 g5h5 g3g4 h5h4 d1h1 h4g5 h1h5,1627,74,96,17666,endgame mate mateIn4 veryLong,https://lichess.org/wVQEiCcv/black#64,
06ABV,N1bk3r/pp1p1ppp/8/4P3/1b6/q1B2Q2/P4PPP/R3KB1R w KQ - 1 14,e1d2 a3b2 d2d1 b4c3,1631,74,96,13610,crushing deflection middlegame pin short,https://lichess.org/EYWqKl19#27,Scotch_Game Scotch_Game_Goring_Gambit
0FK5y,r3k2r/p1qb1pp1/2pb4/3p3p/N5n1/4P1P1/PPQB1PBP/2R2RK1 w kq - 2 16,g2d5 c6d5 c2c7 d6c7,1630,75,75,239,advantage hangingPiece middlegame short,https://lichess.org/YFFyYvZy#31,Indian_Defense Indian_Defense_Anti-Nimzo-Indian
0Ay2s,7r/1p3pk1/3p1qp1/4p3/p5n1/P2P2Nr/BP3PP1/R1Q2RK1 w - - 0 26,c1c7 h3h1 g3h1 h8h1 g1h1 f6h4 h1g1 h4h2,1717,76,96,17360,attraction kingsideAttack mate mateIn4 middlegame sacrifice veryLong,https://lichess.org/UNgfNAJl#51,
0TPHM,r5k1/5p2/p1q1bbpp/QpNpp3/PP6/3P2P1/4PPBP/2R3K1 w - - 3 25,c5b3 c6c1 b3c1 f6d8 a5d8 a8d8,1634,74,95,16125,advantage long middlegame sacrifice trappedPiece,https://lichess.org/Gvn8M1zd#49,
0PiaD,r3qrk1/pbp1b2p/1p2p1p1/4B3/3P4/2PB4/P1Q2PPP/R3R1K1 w - - 0 17,e5c7 e8c6 d3e4 c6c7 e4b7 c7b7,1476,75,96,16709,advantage long middlegame,https://lichess.org/7RlcZQyL#33,Queens_Gambit_Accepted Queens_Gambit_Accepted_Old_Variation
0PDU0,r4rk1/pp1n1ppp/4p1b1/1Bq1R2Q/5B2/P1N5/1PP2PPP/R5K1 b - - 0 16,d7e5 h5e5 c5e5 f4e5,1396,75,93,7300,advantage middlegame short,https://lichess.org/hC4snokP/black#32,Caro-Kann_Defense Caro-Kann_Defense_Exchange_Variation
0X4WP,3r3r/1R1kqpp1/2ppn2p/8/Q3P3/2PP3P/P4PP1/6K1 b - - 1 29,e6c7 b7c7 d7c7 a4a7 c7c8 a7e7 d8d7 e7h4,1584,75,96,17692,advantage attraction endgame sacrifice skewer veryLong,https://lichess.org/aGu2gU4c/black#58,
0RKdZ,r2qkb1r/1ppb2pp/p1n5/3pp3/8/3BPNP1/PPP2PP1/RN1QK2R w KQkq - 0 11,f3e5 c6e5 d1h5 e5f7,1764,78,93,6018,advantage defensiveMove hangingPiece opening short,https://lichess.org/hpvu05NS#21,Queens_Pawn_Game Queens_Pawn_Game_Accelerated_London_System
0MXTi,5r2/pp5k/2pqnQp1/3p1b1p/7P/4R3/PP3PB1/4R1K1 w - - 2 31,e3e6 f8f6 e6d6 f6d6,1022,75,100,700,advantage master middlegame short,https://lichess.org/fkDoursY#61,
0B0hf,r3rbk1/p4ppp/2p5/4p1P1/1P2q3/1P2N3/P3QPP1/2R3KR b - - 0 23,f8b4 c1c4 e4b1 g1h2 b1g6 c4b4,1551,75,88,138,advantage defensiveMove long middlegame,https://lichess.org/ZNtH6Cyh/black#46,
0OptO,8/pb1kr1Q1/2qPpR2/1Np5/3P2P1/7R/PPP4P/5K2 w - - 1 36,h3h7 c6b5 f1f2 e7g7 h7g7 d7d6,1942,76,92,993,advantage hangingPiece long middlegame,https://lichess.org/JpTl58vW#71,
05SPu,r1bqkb1r/ppp1pppp/5n2/8/3N4/3B4/PPP2PPP/R1BQ1RK1 b kq - 0 8,d8d4 d3b5 d4d7 b5d7,977,82,95,3675,advantage opening short,https://lichess.org/uJcW3mFz/black#16,Blackmar-Diemer_Gambit Blackmar-Diemer_Gambit_Other_variations
0CC7Z,8/8/8/1p6/1P2K3/Pk6/8/8 w - - 7 50,e4d5 b3a3 d5c5 a3a4,783,82,94,1312,crushing endgame master pawnEndgame short zugzwang,https://lichess.org/0MDiSYzE#99,
0FsiP,8/p1R3p1/1pB2k2/4p3/PPP5/2K2Ppb/8/8 w - - 0 35,c6e4 g3g2 c7c6 h3e6,1921,75,94,12650,advancedPawn advantage defensiveMove endgame short,https://lichess.org/YtQADcfs#69,
06fD0,8/p2Q2kp/5pp1/2p5/3b4/Pq5P/3B2P1/7K b - - 1 33,b3f7 d2h6 g7h6 d7f7,915,77,96,3098,crushing deflection endgame short,https://lichess.org/pafNwWCA/black#66,
04t02,r3k2r/1p1n1ppp/p3p3/q2p4/1b1Pb3/PP2PN1P/1B2BPP1/R2Q1RK1 b kq - 0 13,b4c3 b3b4 c3b4 a3b4,1428,73,96,30911,advantage middlegame short,https://lichess.org/U4z5fmdd/black#26,Queens_Pawn_Game Queens_Pawn_Game_Zukertort_Variation
0OVvH,r1b3k1/ppB3pp/2p5/2q5/8/2P5/PP3rPP/R2QR1K1 w - - 0 18,e1e8 f2f8 d1d4 c5d4 c3d4 f8e8,1345,75,97,21223,crushing discoveredAttack long middlegame,https://lichess.org/qYI8tce5#35,Vienna_Game Vienna_Game_Other_variations
0WzCt,3r1r2/6p1/3N1b1k/2N4p/1n2R3/1P6/2n1B1PP/3R2K1 w - - 2 29,d6f7 f8f7 d1d8 f6d8,1332,75,100,1405,advantage hangingPiece middlegame short,https://lichess.org/WJT4ZE08#57,
0EMlm,5r1k/ppp2Bp1/6Qp/4B2R/3P2b1/1P6/P4K2/b1q5 b - - 2 24,c1d2 f2g3 d2e3 g3g4 f8f7 g6f7,2103,78,88,801,advantage defensiveMove long middlegame,https://lichess.org/VlkRSpWg/black#48,
0Enqy,3r1rk1/ppp2ppn/3qb2p/8/2P5/1Pb4P/PBQ2PP1/3RR1K1 w - - 0 19,d1d6 c3e1 d6d8 f8d8,1569,75,92,10144,advantage hangingPiece middlegame short,https://lichess.org/z5BlzBk3#37,Queens_Pawn_Game Queens_Pawn_Game_Chigorin_Variation
0Uknp,2rqr1k1/pb2b1pp/1p2p3/3pn3/3Q4/P2B3P/1P1N1PP1/R1B1R1K1 b - - 0 18,e7f6 e1e5 f6e5 d4e5,1277,76,87,4038,advantage opening short,https://lichess.org/HvsjbwXv/black#36,Owen_Defense Owen_Defense_Other_variations
07JGi,r2qk1r1/p1p2p1p/8/2Pp3b/4p1p1/5P1P/PPP4N/RN1Q1R1K w q - 0 16,f3e4 g4g3 d1h5 g3g2,1580,75,100,213,advancedPawn advantage middlegame sacrifice short,https://lichess.org/lwe6M8LE#31,Ruy_Lopez Ruy_Lopez_Classical_Variation
0M490,r1b2rk1/p4pbp/2p3p1/3p1P2/8/3B1Q1P/q1P1N1PK/4RR2 b - - 0 20,c8a6 f5f6 g7h6 e1a1,2147,72,95,6616,advantage master middlegame short,https://lichess.org/j7oGIe0R/black#40,
06EjQ,8/p1p5/6K1/5p2/4kP2/8/P6P/8 w - - 1 41,g6g5 c7c5 h2h4 c5c4 h4h5 c4c3 h5h6 c3c2 h6h7 c2c1q,877,80,94,340,advancedPawn crushing endgame pawnEndgame promotion quietMove veryLong,https://lichess.org/HguZVwXr#81,
0C9wz,r3nrk1/1p5q/2pp2QP/1p2p3/3nP3/PPNP4/1P3P2/1K4RR b - - 0 26,g8h8 g6g7 e8g7 h6g7,1360,77,94,21082,advancedPawn crushing kingsideAttack middlegame pin sacrifice short,https://lichess.org/qDkRRdgS/black#52,
0GeYx,5rk1/pb5p/1p4p1/2p1n3/2Pp1r2/6NP/PP1Q1PP1/R5K1 w - - 2 27,a1e1 f4f2 d2f2 f8f2 g1f2 e5d3,1581,76,93,3554,attraction crushing kingsideAttack long middlegame,https://lichess.org/c63cvpov#53,
00K8j,r2q2kr/p4pp1/4b2p/n1Qn4/5B2/4P3/PP3PPP/2KR1BNR w - - 1 14,f4c7 d8c7 c5c7 d5c7,1449,75,87,212,advantage opening short,https://lichess.org/AiNXhpcc#27,Queens_Gambit_Declined Queens_Gambit_Declined_Queens_Knight_Variation
0MsFe,2r1k2r/1p1qbppp/p2p1n2/QN6/4PBb1/2P5/PP3PPP/RN3RK1 w k - 0 14,b5d6 e7d6 f4d6 d7d6,1006,76,96,246,advantage middlegame short,https://lichess.org/MzXhoWpK#27,Scotch_Game Scotch_Game_Scotch_Gambit
08b0e,r7/pppq1kQp/2nb1B2/3np3/8/3P4/PPP2PPP/2K2B1R b - - 8 17,f7e6 g7g4 e6f6 g4d7,1271,75,97,3212,advantage deflection middlegame short skewer,https://lichess.org/lZASNqgS/black#34,Kings_Pawn_Game Kings_Pawn_Game_Leonardis_Variation
0NfN6,5rk1/p5p1/1n3r1p/1p1pNbq1/2pP1p2/P1P5/1P3QPP/3BRRK1 w - - 6 26,f2f4 f5d3 e5d3 f6f4 d3f4 f8f4,1988,75,89,791,advantage discoveredAttack long middlegame,https://lichess.org/0PlG3fAw#51,
0Smwl,2rqk3/1p3pQ1/p3p3/1b1pP3/8/BP1P1N2/P2K1P2/r7 b - - 0 22,e8d7 g7f7 d7c6 f7e6 c6c7 a3d6 c7b6 d6e7 b6a7 e7d8,1801,74,91,1225,advantage deflection discoveredAttack middlegame veryLong,https://lichess.org/4dG9tHn3/black#44,
0CYIj,rnb1k2r/pp1p1ppp/4pn2/2b1B3/2B5/q3P3/P1PN1PPP/1R1QK1NR b Kkq - 5 8,c5e3 f2e3 a3e3 d1e2,2010,75,83,145,advantage opening short,https://lichess.org/T4Txu9u7/black#16,Horwitz_Defense Horwitz_Defense_Other_variations
0PGxt,r3k2r/1pq2p1p/p1b1pp2/8/2B1P3/1QP5/P4PPP/3RR1K1 w kq - 0 16,c4e6 f7e6 b3e6 c7e7,1316,76,93,6334,advantage master middlegame short,https://lichess.org/5ZxMN8jX#31,Queens_Gambit_Declined Queens_Gambit_Declined_Ragozin_Defense
0MWde,r4r2/p1b1qpk1/1p2pNp1/4P1PP/3P1B1Q/1n6/p3N3/2RK2R1 b - - 2 33,b3c1 h5g6 f8h8 h4h6 h8h6 g5h6 g7h8 g6g7,2053,75,94,8145,advancedPawn clearance mate mateIn4 middlegame sacrifice veryLong,https://lichess.org/tbAu46dz/black#66,
0WzmC,r1b1kb1r/ppqp1pp1/2n1p3/2p4p/2B1P1n1/2N2N1P/PPPP1PP1/R1BQR1K1 w kq - 0 8,d1e2 c6d4 e2d3 d4f3,1532,73,95,29030,advantage kingsideAttack opening short,https://lichess.org/EoSoc5ua#15,Sicilian_Defense Sicilian_Defense_Closed
07YH3,7k/p4p1p/4rp2/4q3/2Q5/1P6/P4PPP/3R1K2 w - - 5 28,c4d4 e5e2 f1g1 e2e1 d1e1 e6e1,1170,76,94,6051,backRankMate endgame long mate mateIn3 sacrifice,https://lichess.org/52Kwtcvv#55,
0Femy,2r1k2r/pp1bbppp/5n2/3N4/2B5/P7/1P3PPP/R1B1K2R w KQk - 1 14,b2b3 f6d5 c4d5 e7f6,2039,75,87,463,clearance crushing middlegame short,https://lichess.org/TrDeC8hj#27,Queens_Gambit_Declined Queens_Gambit_Declined_Three_Knights_Variation
07Q1l,5rk1/q3nppp/1b6/3p1NP1/1pppnPQ1/7P/1PP3K1/2B2RN1 b - - 6 27,a7d7 f5h6 g7h6 g4d7,1458,73,93,8956,crushing discoveredAttack master middlegame short,https://lichess.org/CAmSaiBx/black#54,
02mOV,3rr1k1/pppq2p1/2n4p/4p3/3p2Q1/P2P3P/1PPB1PP1/R4RK1 w - - 0 18,d2h6 d7g4 h3g4 g7h6,917,77,100,116,advantage middlegame short,https://lichess.org/vIkoWuFG#35,French_Defense French_Defense_Kings_Indian_Attack
0DAxD,6rk/p6n/2pqR3/1p1n2r1/3p4/N5PQ/PPP2P1P/4R1K1 b - - 1 26,d5f4 h3h7 h8h7 e6d6,1520,75,81,751,advantage kingsideAttack middlegame short,https://lichess.org/SaNonKzn/black#52,
0UBtI,rn2k2r/pp3ppp/2pb1q2/3pp3/3P2b1/1BN2N2/PPP1QP2/R1B1R1K1 b kq - 0 13,e5e4 c3e4 d5e4 e2e4,1878,75,92,1490,advantage opening short,https://lichess.org/sxSONwUJ/black#26,Russian_Game Russian_Game_Italian_Variation
0TB4R,r1b5/pp2n2k/4pB2/3pPp1P/3P4/P1qBK3/5P2/6RR b - - 1 29,e7g8 g1g7 h7h8 g7c7 g8f6 c7c3,1720,75,98,1914,crushing discoveredAttack exposedKing long middlegame,https://lichess.org/d3hBOysm/black#58,
0NsTV,3Q4/1p3p2/p2kp3/1b1pq3/6P1/1P6/P1K5/2N5 b - - 3 42,b5d7 d8b8 d6c6 b8e5,1641,75,86,320,crushing deflection endgame short skewer,https://lichess.org/tdoaitH3/black#84,
0ZmGG,r4rk1/pbq2pp1/4p3/2p1P3/3p1P1Q/1P1Bn3/P1P3PP/R4R1K b - - 3 24,f7f6 h4h7 g8f7 d3g6 f7e7 h7g7 e7d8 g7f8,1554,74,92,2509,crushing deflection kingsideAttack middlegame veryLong,https://lichess.org/7wepYPHU/black#48,
00sO1,1k1r4/pp3pp1/2p1p3/4b3/P3n1P1/8/KPP2PN1/3rBR1R b - - 2 31,b8c7 e1a5 b7b6 f1d1,901,93,85,382,advantage discoveredAttack master middlegame short,https://lichess.org/vsfFkG0s/black#62,
0MMzc,r4rk1/p1p1q1pn/1p1p3p/3Pnp1b/2N1P3/1QP2P2/P5PP/R1B1RBK1 w - - 0 18,e4f5 e5f3 g2f3 e7e1,1529,75,96,5572,advantage discoveredAttack kingsideAttack middlegame short,https://lichess.org/YZp4jZFB#35,Italian_Game Italian_Game_Anti-Fried_Liver_Defense
0385J,4r2k/1pq3p1/4pr1p/p2b3P/P2b1PP1/3QB2B/1P6/4RRK1 b - - 5 30,d4b2 d3b5 c7c6 b5b2,2275,77,91,3113,advantage fork master middlegame short,https://lichess.org/5iijTqDw/black#60,
08ye2,2kr3r/ppq2p1p/2pbpp2/2n5/3P4/2NQ1B2/PPP2PPP/2KR3R w - - 6 14,d4c5 d6f4 c1b1 d8d3,1146,77,87,289,advantage discoveredAttack middlegame short,https://lichess.org/501lB2Cp#27,Caro-Kann_Defense Caro-Kann_Defense_Classical_Variation
0If9X,r2qkb1r/5ppp/p1p1p3/2ppP2P/Q2P1n2/2P2N2/PP1N1P1K/R4R2 b kq - 3 16,d8b6 d4c5 f8c5 a4f4,1816,74,91,2016,advantage discoveredAttack middlegame short,https://lichess.org/2kbjsp8B/black#32,Sicilian_Defense Sicilian_Defense_Nyezhmetdinov-Rossolimo_Attack
0GOZi,8/1Pk5/4n1K1/4P2P/2P2p2/8/8/8 w - - 2 49,g6f5 f4f3 f5e6 f3f2 h5h6 f2f1q,1401,74,96,17717,advancedPawn crushing endgame knightEndgame long master promotion sacrifice,https://lichess.org/t6YAL8eY#97,
0WzKz,8/8/1p1kp3/3p1p2/8/2QK2P1/PP4r1/8 w - - 4 46,d3d4 e6e5 d4d3 g2g3 d3d2 g3c3,1232,75,99,6592,crushing endgame interference long queenRookEndgame skewer,https://lichess.org/Jqazhrg9#91,
0Sww1,rnbq1rk1/p3ppbp/3p1np1/1NpP4/4PP2/3B1N2/PPP3PP/R1BQK2R b KQ - 0 8,f6e4 d3e4 d8a5 b5c3 g7c3 b2c3 a5c3 c1d2,1382,75,82,1882,advantage hangingPiece master opening veryLong,https://lichess.org/5Mrv77rS/black#16,Pirc_Defense Pirc_Defense_Austrian_Attack
03wyj,r5k1/p1p3pp/1p2p3/2P1n1r1/5q2/2P3N1/P1Q2P1P/R4RK1 b - - 0 23,f4g4 f2f4 e5f3 f1f3 g4f3 f4g5,1895,73,94,9597,advantage fork long middlegame,https://lichess.org/zfNtYGtY/black#46,
0YWDM,5r2/p2k2q1/2np3p/2p2p2/Q1P2N2/3P1B2/Pr4PP/5RK1 b - - 5 23,f8c8 f3c6 c8c6 a4a7 c6c7 a7c7 d7c7 f4e6 c7c6 e6g7,1481,75,95,17297,attraction crushing fork middlegame sacrifice veryLong,https://lichess.org/klMFHlHb/black#46,
07uHl,1r5k/p5bp/6p1/3BP3/R4P2/2n3P1/P4B1P/6K1 w - - 1 37,a4d4 c3e2 g1g2 e2d4 f2d4 b8d8,1514,73,94,10251,advantage endgame fork long,https://lichess.org/GCKJYNwd#73,
0ENWV,r5k1/ppq3pp/2p1p2r/8/Q2PN3/2P1p1P1/PP3PKb/R4R2 b - - 1 17,e3f2 f1f2 h2g3 e4g3 h6g6 f2f3,1778,76,93,370,advantage defensiveMove long middlegame,https://lichess.org/WGJX5w00/black#34,Elephant_Gambit Elephant_Gambit_Other_variations
0D2NH,r4r1k/1bp2qpp/pp2np2/3N4/1PQ5/5NP1/P1P2PP1/3RR1K1 w - - 1 20,c4e2 b7d5 d1d5 e6f4 g3f4 f7d5,1352,76,92,913,advantage attraction discoveredAttack long middlegame,https://lichess.org/lvVLApi0#39,
049u9,7R/4k3/8/5K2/8/8/8/3r4 b - - 21 71,e7d6 h8d8 d6c6 d8d1,917,92,93,836,crushing endgame master rookEndgame short skewer,https://lichess.org/PPJPBdVl/black#142,
0ZAVd,6r1/1pp2p1k/1p4rp/4pq2/2Q5/2P4P/PP3PP1/3R1RK1 w - - 4 27,g2g3 g6g3 f2g3 g8g3 g1h1 f5h3,1598,78,95,23410,endgame kingsideAttack long mate mateIn3 sacrifice,https://lichess.org/Z7JzppxO#53,
03XSU,2r2bk1/1p3ppp/1P4b1/q2Np3/2B5/1Q2P2P/5PP1/2R3K1 b - - 0 30,a5d2 d5e7 f8e7 c4f7 g6f7 c1c8,1231,75,100,475,crushing discoveredAttack kingsideAttack long middlegame sacrifice,https://lichess.org/K8ajaut5/black#60,
0Q7gV,r2q1rk1/ppp2pp1/3p1n1p/2b1p2b/2N1P2P/1P1P4/PBP1QPPN/R4RK1 w - - 1 14,g2g4 f6g4 h2g4 d8h4,1453,74,94,1685,crushing discoveredAttack middlegame short,https://lichess.org/jtBYZ6cL#27,Nimzo-Larsen_Attack Nimzo-Larsen_Attack_Modern_Variation
0LT5P,r1b1k2r/1p1n1ppp/p3p3/3pP3/3q1P1P/2NB4/PPPQ2P1/R3K2R b KQkq - 0 13,d7c5 d3b5 a6b5 d2d4,1144,78,94,4604,crushing discoveredAttack middlegame short,https://lichess.org/a74Lc2ZZ/black#26,French_Defense French_Defense_Classical_Variation
09KlA,6rk/6p1/5nQ1/2p1q2p/1p6/1P4RP/P7/2K3R1 w - - 0 37,g6h6 g7h6 g3g8 f6g8,972,75,100,426,crushing endgame hangingPiece short,https://lichess.org/7v6lRtfN#73,
00s23,r2q1rk1/1ppb1ppp/1p1p1n2/4p3/1PBnP3/P2P1N1P/2P2PP1/R1BQK2R w KQ - 0 11,c2c3 d7a4 c3d4 a4d1,1805,75,78,188,advantage opening short,https://lichess.org/5BuuOtXQ#21,Four_Knights_Game Four_Knights_Game_Italian_Variation
096Lr,rn2r3/ppp2p1k/7p/3PNq2/5P2/8/PPP1QK1P/R5R1 w - - 0 18,e2d3 e8e5 d3f5 e5f5,1375,75,93,7787,advantage middlegame pin short,https://lichess.org/9Gn5JJjF#35,Englund_Gambit Englund_Gambit_Other_variations
039ga,r2q2rk/4p2Q/3p1bpB/p7/1P6/2N2P2/1PP3P1/2KR3R b - - 0 23,h8h7 h6f8 f6h4 h1h4,1639,73,96,22247,discoveredAttack mate mateIn2 middlegame short,https://lichess.org/AImlWKqO/black#46,
0FqPd,rnb5/pp2rQpk/3q3p/2pPN3/5P2/8/PPP3PP/R3KB1R w KQ - 1 16,f7f8 e7e5 f4e5 d6f8,1208,78,94,19476,crushing discoveredAttack middlegame short,https://lichess.org/bdjxvAuU#31,Russian_Game Russian_Game_Other_variations
03RyW,2q2rk1/4bppp/8/1p2p3/3pP1b1/1B1P1N2/1P1BQPK1/5R2 w - - 2 22,f1c1 g4h3 g2h2 c8g4 c1g1 g4h5,1629,77,76,124,advantage clearance long middlegame,https://lichess.org/ijlEZ7Eq#43,
0BOwq,8/5kpQ/5r2/2pP4/4P3/2P5/1q1K4/6RR w - - 3 29,d2d3 f6f3 d3c4 f3c3,1897,72,94,12651,endgame mate mateIn2 short,https://lichess.org/pXoPTHfP#57,
05nsU,1n3r2/pb4kp/1p2B1p1/2b2P2/5RQ1/8/P2q2PP/5R1K b - - 7 26,b7a6 f5f6 f8f6 f4f6,1208,80,93,7059,advantage middlegame short,https://lichess.org/GxL0FWHh/black#52,
0PKtd,3n2k1/5rp1/1RpB3p/2Pp1qb1/3Pp3/4P2P/6P1/4QNK1 w - - 7 32,e1e2 f5f1 e2f1 g5e3,1745,74,96,5893,crushing deflection kingsideAttack master middlegame sacrifice short,https://lichess.org/gkGUm1Lj#63,
0BqdN,5rk1/8/p3p1Q1/2pb4/3bN3/8/2q3PP/2BR3K b - - 0 32,d4g7 e4f6 f8f6 g6c2,1732,75,96,773,advantage discoveredAttack middlegame short,https://lichess.org/316TjfZz/black#64,
05WEO,8/4k3/1p3P2/3pP1p1/bP1P2pp/3B4/5KP1/8 b - - 0 34,e7e6 d3f5 e6f5 f6f7,1691,77,97,13204,advancedPawn bishopEndgame crushing endgame master sacrifice short,https://lichess.org/UVUSP54G/black#68,
0NeOg,rnbqk2r/pp3ppp/3b1n2/3pp1B1/3Q4/2N1P2P/PPP2PP1/R3KBNR w KQkq - 0 8,d4d5 f6d5 g5d8 d5c3,1520,76,93,13197,advantage opening short,https://lichess.org/OzgmaAu0#15,Rapport-Jobava_System Rapport-Jobava_System_Other_variations
0Te6f,r5k1/1pp3pp/p1b1p3/5p2/8/P1PPQPrq/1PBN3P/R1R4K w - - 0 24,c1g1 g3f3 d2f3 c6f3 e3f3 h3f3,1939,73,94,13802,advantage kingsideAttack long middlegame,https://lichess.org/NUw7NpX6#47,
0Bc3T,r2q1rk1/p3ppbp/6p1/nP2Nb2/3P1N2/2Q5/PP3PPP/2KR1B1R b - - 2 15,g7e5 d4e5 a8c8 d1d8,1123,76,94,905,advantage discoveredAttack master opening short,https://lichess.org/9niEwk4W/black#30,Grunfeld_Defense Grunfeld_Defense_Stockholm_Variation
06DUu,1r2rbk1/p4p1p/5Pp1/3p4/2pP1QP1/q1B4P/PP6/1K3R1R b - - 5 29,b8b2 c3b2 a3d3 b1a1 c4c3 b2c1,2054,74,86,402,advantage defensiveMove long middlegame,https://lichess.org/wb1hlG6a/black#58,
02q4G,8/7k/6pP/5p2/r2K1P2/7R/8/8 w - - 4 58,d4e3 a4a3 e3d4 a3h3,838,100,88,242,crushing endgame rookEndgame short skewer,https://lichess.org/0qp5FjJp#115,
02MFn,3rr2b/1p1q3k/p1pBbppP/2Pp4/1P4P1/P4P2/3QR3/4R1K1 b - - 1 34,e6f7 e2e7 e8e7 e1e7,1660,72,97,20365,advantage middlegame short,https://lichess.org/XTzhEzlC/black#68,
0Dem9,8/P6R/6p1/4P3/2PK1p2/r4Pk1/7p/8 b - - 0 51,g3f3 h7h3 f3g4 h3a3 h2h1q a7a8q,1046,81,94,5306,advancedPawn crushing endgame long promotion rookEndgame skewer,https://lichess.org/tnNmSPLm/black#102,
04bHj,r2q1rk1/ppp1bppp/4p3/n2pPb2/2nP1B2/P1N4P/BPPNQPP1/R3K2R b KQ - 1 13,f5c2 d2c4 d5c4 e2c2,1501,75,95,30394,advantage discoveredAttack middlegame short,https://lichess.org/JwSJwoqc/black#26,Alekhine_Defense Alekhine_Defense_Balogh_Variation
0KvH5,6Q1/1kp2p2/p2p4/1p1B4/8/8/PPK3P1/5nq1 b - - 11 44,b7b6 g8b8 b6c5 b8a7 c5d5 a7g1,1564,75,97,3379,crushing endgame long skewer,https://lichess.org/FFH30jLl/black#88,
0a1O5,rnbq1rk1/ppp2pp1/3p3p/2bN4/2BNnB2/5P2/PPP3PP/R2QK2R b KQ - 0 9,d8h4 g2g3 e4g3 f4g3,1412,75,88,2979,advantage defensiveMove opening short,https://lichess.org/WuYFFlnk/black#18,Russian_Game Russian_Game_Three_Knights_Game
09GEy,r4rk1/1b2bppp/pp6/2pp4/P5Q1/2PPqN1P/1P1N2P1/R4R1K b - - 1 20,e3d3 g4d7 a8b8 d7e7,1692,74,95,16262,advantage fork middlegame short,https://lichess.org/kIqVnHNh/black#40,
0KpiN,r2qk3/p1pppp1p/8/1p1b4/7Q/P1PP3P/4BK2/R7 b q - 2 21,d5e6 a1g1 d7d6 g1g8 e8d7 g8d8,2175,78,90,3861,advantage endgame long quietMove skewer,https://lichess.org/ZAFcJefd/black#42,
0A2bF,rn1qkb1r/1pp4p/p3pn2/4B3/3PP3/5Q2/PPP3PP/RN3RK1 b kq - 2 11,f8g7 e5f6 d8f6 f3f6 g7f6 f1f6,1161,78,81,325,advantage long opening,https://lichess.org/plDYzQ7s/black#22,Kings_Gambit_Accepted Kings_Gambit_Accepted_Fischer_Defense
07fRV,8/6k1/3p1p2/p2B1Kn1/1p1P2P1/1P2P3/P3R3/2r5 w - - 1 39,e3e4 c1f1 e2f2 f1f2,851,81,100,1321,endgame mate mateIn2 short,https://lichess.org/51D2bhp0#77,
0EbRz,1k5r/1pp2ppp/p2bp1q1/3r4/4N3/P3B2P/1P3PPn/R1Q1R2K b - - 0 23,g6e4 e3a7 b8a7 e1e4,824,85,96,2025,advantage discoveredAttack middlegame short,https://lichess.org/XGLtlVId/black#46,
080wE,r2q1r2/ppb2pp1/2p1p1k1/5nP1/3P4/P1N1P3/1PQ3P1/2KR3R b - - 0 20,g6g5 c3e4 g5g6 c2e2,2049,74,91,165,advantage defensiveMove middlegame short,https://lichess.org/mHWSbLLC/black#40,
0IUCX,5r1k/p1p4p/2Q3p1/8/3p1q2/1P2n3/P5PP/2R1R1K1 w - - 1 30,c6c7 f4f2 g1h1 f2g2,1315,75,96,9877,endgame mate mateIn2 short,https://lichess.org/XK1fMpvr#59,
0aUFx,6k1/p5p1/5n2/6R1/2p4P/2P2Q2/P7/4q2K w - - 3 37,h1h2 e1h4 f3h3 h4g5,1573,76,97,10800,crushing endgame fork short,https://lichess.org/uQ5YocQP#73,
0ElXH,8/R1P3p1/3n2kp/8/2KP4/P1B5/2r5/8 w - - 1 49,c4d3 c2c3 d3c3 d6b5 c3b2 b5a7,1333,74,94,24454,attraction crushing endgame fork long sacrifice,https://lichess.org/gE9hTz9C#97,
0SQC0,rn3rk1/ppp2pp1/3p2np/4p3/2B1P3/2P1Bq1P/PPPQ1P2/1K4RR w - - 2 13,g1g6 f3h1 d2c1 h1c1,1206,77,90,1246,advantage hangingPiece middlegame queensideAttack short,https://lichess.org/MNDqsGHr#25,Vienna_Game Vienna_Game_Other_variations
0NdjJ,r1bq1rk1/ppppnpp1/2n5/2b1P2Q/2BpR3/8/PPP2PPP/RNB3K1 b - - 3 11,e7g6 h5g6 d7d5 e5d6,2031,76,94,4561,advantage enPassant opening pin short,https://lichess.org/h4ySYNh8/black#22,Italian_Game Italian_Game_Two_Knights_Defense
02Mfp,6k1/2q4p/p3p1p1/3pP3/1prP1R2/2P5/PP3QP1/6K1 b - - 3 28,b4c3 f4f8 g8g7 f2f6,1283,74,95,9988,crushing endgame short,https://lichess.org/clbJGIq1/black#56,
0461m,4rr1k/pppbqppp/2n5/4P3/6n1/1B3N2/PPP3PP/R1BQR1K1 w - - 1 16,c1f4 e7c5 f4e3 g4e3,1134,76,99,1472,advantage middlegame short,https://lichess.org/VmTdUsIW#31,Philidor_Defense Philidor_Defense_Other_variations
0S1sg,2r1k2r/1bq1bppp/p2pp3/6P1/1p2PP1P/1N1Q4/1PnRNB2/2K4R w k - 0 22,d2c2 c7c2 d3c2 c8c2 c1c2 b7e4,1359,76,76,440,advantage attraction long middlegame queensideAttack,https://lichess.org/ZT3P5s7i#43,
0I0k1,8/ppp3rk/8/4p2p/2Q2KP1/P4P2/1P2R3/6q1 w - - 0 38,e2e5 g7g4 f3g4 g1g4 f4e3 g4c4,2142,75,96,10382,crushing endgame long sacrifice skewer,https://lichess.org/oFuca1rT#75,
07xj3,8/8/8/4p3/R3Pp1p/3k2rP/5K2/8 b - - 4 51,g3h3 a4a3 d3d4 a3h3,846,78,96,265,crushing endgame master rookEndgame short skewer,https://lichess.org/LL6kmcnm/black#102,
07n6T,r3k2r/1b1p1pp1/p3p2p/2qnP3/2B3Q1/P1P5/3B1PPP/R4RK1 w kq - 0 17,g4g7 e8c8 c4a6 b7a6,1736,78,92,2301,advantage castling middlegame short,https://lichess.org/sVMFbtQ9#33,Sicilian_Defense Sicilian_Defense_Open
0KwTT,r2qk1nr/ppp1b3/8/3pPb2/3B2pp/2P5/PP1NQ1PP/2KR1B1R b kq - 0 16,d8d7 e5e6 d7a4 e2b5 a4b5 f1b5,2137,78,91,923,advantage exposedKing long opening,https://lichess.org/DZHmnDBo/black#32,Kings_Gambit_Accepted Kings_Gambit_Accepted_Polerio_Gambit
07nGX,5bk1/3N1p2/4p3/r3P1pp/2R5/6P1/5P1P/6K1 b - - 2 36,a5d5 d7f6 g8g7 f6d5,990,75,99,1456,advantage endgame fork master short,https://lichess.org/30vlASA3/black#72,
09L17,8/8/1p1P1k2/p4P1p/1P2K3/8/8/8 b - - 0 55,a5b4 e4d5 b4b3 d6d7 f6e7 d5c6 b3b2 f5f6 e7f7 d7d8q b2b1q d8e7 f7g6 e7g7 g6f5 g7h7 f5f6 h7b1,2455,79,92,291,advancedPawn crushing deflection endgame exposedKing master pawnEndgame promotion skewer veryLong,https://lichess.org/L2znas7R/black#110,
009zS,r3r1k1/1p3p1p/p1p3p1/8/6bP/Q3b3/PP2B1P1/R3K2R w KQ - 2 20,g2g3 g4e2 e1e2 e3c5 e2f3 c5a3,1421,76,97,871,advantage discoveredAttack exposedKing long middlegame,https://lichess.org/YSoU6ySt#39,
0BClX,r1bq2nr/pp3kbp/2np2p1/3Q4/4P3/5N2/PP3PPP/RNB1K2R b KQ - 0 10,c8e6 f3g5 d8g5 d5g5,1198,77,93,413,advantage master opening short,https://lichess.org/VI5Ot5dZ/black#20,Sicilian_Defense Sicilian_Defense_Old_Sicilian
0UTMJ,r4rk1/1pp2ppp/1p1p4/4p3/2B1P1n1/P1PPBn1q/1P3PRP/R4Q1K b - - 3 18,g4h2 g2g7 g8g7 f1h3,1292,75,98,5264,advantage discoveredAttack middlegame short,https://lichess.org/Fd6bplE8/black#36,Italian_Game Italian_Game_Giuoco_Pianissimo
0aKv3,2k5/ppp1R1p1/8/8/4PQ2/5KNr/P6P/5q2 w - - 3 30,f3g4 h3h4 g4h4 f1f4,1495,74,97,23461,attraction crushing deflection endgame master short,https://lichess.org/ufffj8dz#59,
021Au,3rr3/5bbk/2q3pp/2pnpp2/7P/1PBP1NP1/R1Q2PB1/4R1K1 b - - 0 29,d5c3 f3g5 h6g5 g2c6,1750,75,93,696,advantage discoveredAttack master middlegame short,https://lichess.org/Gx7s8Q9S/black#58,
0E2Yf,2k5/1p6/2p5/8/2b2P2/1p2KpP1/8/7R w - - 2 44,e3f3 c4d5 f3e3 d5h1,821,87,96,509,crushing endgame short skewer,https://lichess.org/mHTON37s#87,
086qw,4r1rk/p1q2p1p/5n2/8/1Q1p4/1P1B1P2/P1PPKP1P/RN2R3 w - - 5 21,e2d1 e8e1 d1e1 g8g1 e1e2 c7e5 d3e4 f6e4,2126,78,94,4730,advantage attraction middlegame veryLong,https://lichess.org/0elFBeNF#41,
07wTU,8/6R1/7p/3n3k/8/4P1PK/1r3P1P/8 b - - 1 46,b2f2 g3g4,916,77,98,1031,endgame mate mateIn1 oneMove,https://lichess.org/bhOX8hGu/black#92,
033B5,rn1qk1nr/pp1bp1bp/4p1p1/1BpP4/8/2N5/PPP3PP/R1BQK1NR w KQkq - 0 10,d5e6 g7c3 b2c3 d7b5,1684,75,95,14092,advantage master opening short,https://lichess.org/4XnfzUyg#19,Indian_Defense Indian_Defense_Reversed_Chigorin_Defense
0ZF0r,rn2r1k1/pp3p2/q2P2pp/2p2b2/8/2P2N2/PP1QBPPP/R3K2R w KQ - 3 16,e1f1 e8e2 d2e2 f5d3 e2d3 a6d3,1424,74,97,11560,advantage long master middlegame pin sacrifice,https://lichess.org/Q02ZQaD0#31,Benoni_Defense Benoni_Defense_French_Benoni
0IhVa,8/1P3pk1/Q1p2pp1/1r6/3pr1P1/7P/5PK1/8 b - - 0 39,d4d3 a6b5 c6b5 b7b8q,1487,77,95,19472,advancedPawn advantage endgame promotion queenRookEndgame short,https://lichess.org/qdNlYkP2/black#78,
0A32K,3r3r/2p2kpp/p1n2P2/1p6/4NP2/8/PP4PP/R3K2R w KQ - 1 20,f6g7 h8e8 e1g1 e8e4,1822,75,96,4943,advantage endgame pin short,https://lichess.org/c9WC4f83#39,
07CCc,r4rk1/pp2q3/2n2pp1/4p1P1/4R1PQ/7R/PPP4P/2K5 b - - 1 25,f6g5 h4h8 g8f7 h3h7 f7e8 h7e7,1279,77,91,1234,advantage exposedKing long middlegame skewer,https://lichess.org/hxgs45Ve/black#50,
0WIeG,8/8/2p5/1k6/1P1Rp3/3K4/8/7r w - - 0 55,d3e4 h1h4 e4d3 h4d4 d3d4 b5b4,1314,75,95,18567,crushing endgame long rookEndgame,https://lichess.org/gAMa1UgY#109,
00Yuf,5rk1/n1q2ppp/1p1bpn2/1B1p1b2/NP1P4/P3PN2/3B1PPP/3Q1RK1 w - - 0 19,b5e2 f5c2 d1a1 c2a4,1994,72,95,15476,advantage interference middlegame short,https://lichess.org/1vvu6Sdh#37,Slav_Defense Slav_Defense_Quiet_Variation
0ECIN,1R4nk/8/5p1B/1p1p4/4q1PQ/5K1P/8/8 w - - 1 51,f3g3 e4e1 g3g2 e1h4,1651,79,95,18388,crushing deflection endgame short skewer,https://lichess.org/ohU0xHo4#101,
09X01,2r1kbr1/1bqp3p/4BB2/p3N3/3P4/1Q6/1Pn2PPP/R3K2R w KQ - 1 21,e1f1 b7g2 f1g1 g2d5 e6g8 d5b3,2294,77,93,8068,advantage discoveredAttack fork long middlegame,https://lichess.org/8S81q4ni#41,
0Bya9,6k1/pppb2p1/2np3b/4p2Q/4Pq2/2PP1P2/PP1N2P1/1K1R4 b - - 4 26,d7e6 h5e8 g8h7 e8e6,857,76,98,1418,crushing fork middlegame short,https://lichess.org/7qory3LC/black#52,
074jX,r4rk1/ppq2p1p/2b1pPpb/3p4/3Q2N1/2N5/PPP2PPP/R3K2R b KQ - 4 15,c7f4 c3e2 f4d4 g4h6 g8h8 e2d4,2276,82,91,4352,crushing intermezzo long middlegame sacrifice,https://lichess.org/IbTdPG2b/black#30,French_Defense French_Defense_Advance_Variation
0La3U,r2k2r1/ppp1q1bp/2np4/7Q/5R1P/2NP4/PPP3P1/R1B3K1 w - - 3 16,c3d5 e7e1 f4f1 g7d4,1162,78,87,787,advantage kingsideAttack middlegame short,https://lichess.org/slVx2vmm#31,Kings_Gambit_Accepted Kings_Gambit_Accepted_Kieseritzky_Gambit
0Fq2K,7r/4q1k1/p2rp1p1/1p2Rn1p/8/2Q5/PP4BP/4R2K b - - 2 34,g7f7 e5f5 g6f5 c3h8,1268,75,93,595,crushing discoveredAttack middlegame short,https://lichess.org/ylTKBI7T/black#68,
0ZUns,r5k1/1p4bp/p2p1q2/2p2p2/3p1Q2/3P2B1/PPP3PP/R5K1 b - - 1 22,a8d8 g3h4 f6f8 h4d8,1293,75,95,8709,advantage endgame short skewer,https://lichess.org/FNHtTbi1/black#44,
0Ukfn,r3k2r/2q2ppp/p2bp3/1p1pPb2/4nB2/1BP5/PP1N1PPP/R2QR1K1 b kq - 0 15,d6e5 f4e5 c7e5 f2f3,1891,73,95,8146,advantage middlegame short,https://lichess.org/CcA5u2kG/black#30,Caro-Kann_Defense Caro-Kann_Defense_Other_variations
0MNGm,6rk/1pp2p1p/p2p2r1/5q2/3P2P1/1PP2P2/P3R2Q/5RK1 w - - 3 28,e2e7 g6g4 f3g4 g8g4 h2g2 g4g2,1524,74,93,2390,crushing endgame exposedKing kingsideAttack long sacrifice,https://lichess.org/EdObWdos#55,
0J6EC,2k4r/1pp3q1/p3R1p1/2pP4/2P1P1P1/4QP2/PP4K1/8 w - - 2 31,b2b3 g7b2 e3f2 h8h2 g2h2 b2f2,1084,75,95,5492,attraction crushing deflection endgame long pin,https://lichess.org/HdCSjB5C#61,
05ILS,8/P4RR1/4p3/7p/3Pkn1K/r6P/8/8 w - - 1 45,g7g8 a3h3 h4g5 h3g3 g5f6 g3g8,1174,76,86,153,advantage endgame long skewer,https://lichess.org/bxYglxaQ#89,
0Av3s,r4rk1/1p4p1/p3P2p/2bpP2q/8/P2Q4/1PP1N1PP/1R3R1K w - - 1 22,d3d5 f8f1 b1f1 h5e2,1291,76,84,523,advantage kingsideAttack middlegame short,https://lichess.org/jYw6szkh#43,
00HIV,8/8/1p1k1n1p/4p3/1PP2pp1/3K4/3N1PPP/8 b - - 3 37,h6h5 d2e4 f6e4 d3e4,831,79,100,592,crushing endgame knightEndgame master short,https://lichess.org/1mef1VFJ/black#74,
0ApbD,2r3k1/p5p1/2q5/6B1/3n4/3Q3P/P1p2PP1/4RK2 w - - 0 30,d3d4 c6b5 f1g1 b5g5,1840,75,93,9404,advantage endgame fork short,https://lichess.org/ZZ77UsQC#59,
0KfBQ,4r2r/p1k2qp1/2pb1p1p/P4Q1P/2pP2P1/5P1N/5K2/1R6 b - - 1 31,f7d7 b1b7 c7b7 f5d7,1333,74,97,971,advantage attraction deflection middlegame short,https://lichess.org/sIDcxXO2/black#62,
05Pl3,8/3k1r2/p6P/3p1PQ1/6P1/1r2RK2/6R1/5q2 w - - 5 53,g2f2 f1h3 f3e2 b3e3 g5e3 f7e7,2285,78,94,1987,crushing endgame long master pin,https://lichess.org/0rwozhYP#105,
05ad4,r3k1nr/pp1n1pb1/1qp3p1/4p2p/4P1b1/2NP1N1P/PPP1B1P1/R1BQ1R1K w kq - 0 11,h3g4 h5g4 f3h2 g4g3,1090,76,100,379,advantage discoveredAttack kingsideAttack opening short,https://lichess.org/XvUdrUG1#21,Modern_Defense Modern_Defense_Other_variations
0M7NV,r5k1/2p2p1p/4pp1P/8/1bbP2P1/2B2P2/rR1K2N1/1R6 b - - 4 28,a8a3 c3b4 a2b2 b1b2,1001,79,87,511,advantage hangingPiece middlegame short,https://lichess.org/HN39b3zr/black#56,
0A1vf,r3k2r/pp2q1p1/8/2pp1b1p/2P1pPnP/P2B2Q1/1P1B2P1/2K1RR2 b kq - 0 21,d5c4 d3e4 f5e4 e1e4 e7e4 f1e1 e4e1 g3e1,2251,77,91,2752,advantage clearance middlegame pin sacrifice veryLong,https://lichess.org/9yddhcv0/black#42,
08Oqo,8/4k3/2R1P3/2Pp4/4r2p/3K2pP/6P1/8 b - - 0 55,e4e6 c6e6 e7e6 d3d4,1636,75,95,18662,crushing endgame rookEndgame short zugzwang,https://lichess.org/RJVHUZMs/black#110,
07FCt,6k1/1p3p1p/p3b1pP/3p2B1/3P2P1/4QP2/PP4q1/2K5 b - - 0 29,g2f1 c1d2 f1g2 d2c3 g2g3 g5f4,2286,77,92,4881,crushing defensiveMove endgame long,https://lichess.org/ZUzsP1m3/black#58,
0RVIk,r2qk2r/1p2p3/p1p5/P2P3b/1PP3n1/4bN2/1B4PP/R2Q1R1K b kq - 0 23,d8d6 b2h8 g4f2 f1f2,1565,75,89,1053,advantage hangingPiece middlegame short,https://lichess.org/hcM3RqFg/black#46,
052j3,1k1rr3/p4ppp/2qN4/P1B5/8/2P1Q3/P4PPP/RN4K1 w - - 5 25,d6e8 d8d1 e3e1 d1e1,850,81,97,2647,mate mateIn2 middlegame short,https://lichess.org/AZJm0MY6#49,
0VN0C,r3k1n1/pp3pQ1/3Rpnp1/4q3/2PR4/1P5P/P5P1/6K1 b q - 4 30,e8e7 d6d7 f6d7 d4d7 e7d7 g7e5,1754,75,92,3184,advantage long middlegame sacrifice,https://lichess.org/uU9HtF07/black#60,
0a69d,rn2k2r/p1p2ppp/1p1bpq2/6B1/2PP4/3B1b2/P1P2PPP/R2Q1RK1 w kq - 0 13,g5f6 f3d1 f6g7 h8g8 f1d1 g8g7 d3e4 c7c6,1493,74,89,2558,advantage defensiveMove middlegame veryLong,https://lichess.org/WV2earek#25,Owen_Defense Owen_Defense_Other_variations
0L1Am,r1b1r1k1/pp3ppp/2pq4/3p4/3PPnn1/2NQ1N2/PPB2PPP/R3R1K1 w - - 1 15,e4d5 e8e1 a1e1 f4d3,1954,75,87,957,advantage kingsideAttack middlegame short,https://lichess.org/suDBJWvR#29,Semi-Slav_Defense Semi-Slav_Defense_Accelerated_Move_Order
067UQ,r1b1kb1r/pp3ppp/1q2p1n1/3pP3/2nP4/1PB4N/P3BPPP/RN1QK2R b KQkq - 0 12,c4a3 b1a3 f8a3 b3b4,1544,75,88,379,advantage defensiveMove middlegame short,https://lichess.org/0OcFWNVi/black#24,Sicilian_Defense Sicilian_Defense_Alapin_Variation
0Fj2s,8/pp4Q1/8/3p1pk1/8/1KP5/PP5q/6r1 b - - 1 39,g5f4 g7c7 f4g5 c7h2,1330,74,97,11246,crushing endgame short skewer,https://lichess.org/zxIZVXzC/black#78,
0Xoyg,2r1r1k1/2p2p2/1pP1q2p/p5B1/8/P1Q1P3/1P3P1P/2K3R1 b - - 0 28,h6g5 g1g5 g8f8 c3g7 f8e7 g5e5 e7d6 e5e6,1500,77,96,21388,advantage endgame pin veryLong,https://lichess.org/UlVkwW4h/black#56,
0IExV,r1b1k2r/pppp1ppp/2n2q2/2b1N3/3Pn3/1P6/PBP1QPPP/RN2KB1R b KQkq - 2 7,c5d4 b2d4 c6d4 e2e4,1447,75,93,701,advantage opening short,https://lichess.org/s6aMPALJ/black#14,Kings_Knight_Opening Kings_Knight_Opening_Normal_Variation
09K7c,6rk/1p4b1/2p1P1Rp/3p3Q/Kp1Pp3/4q3/8/8 b - - 1 41,e3d4 g6h6 g7h6 h5h6,1175,82,97,23260,endgame mate mateIn2 short,https://lichess.org/WfWjeviZ/black#82,
01ScQ,r1bqk1nr/pp3ppp/2n5/2bP4/2P1pP2/6P1/PP5P/RNBQKBNR w KQkq - 1 9,d5c6 c5f2 e1e2 c8g4,1656,75,95,1023,advantage opening short,https://lichess.org/BEejaOEt#17,Kings_Gambit_Declined Kings_Gambit_Declined_Falkbeer_Countergambit
02j44,rn3knr/pbppq3/1p4Bp/4P1pQ/2p5/2P3N1/P4PPP/R3R1K1 b - - 1 17,b8c6 h5f3 f8g7 g3f5 g7g6 f5e7 c6e7 f3b7,2270,76,92,5111,crushing exposedKing fork middlegame veryLong,https://lichess.org/kjngVApx/black#34,English_Defense English_Defense_Other_variations
01fHH,r4rk1/pp3ppp/2p2q2/3p4/4n3/1P1BQN2/1K3PPP/3R3R w - - 2 18,b2c2 f6c3 c2b1 c3b3,1085,76,90,1823,crushing deflection middlegame short,https://lichess.org/FaxgZixh#35,Philidor_Defense Philidor_Defense_Other_variations
0P2CN,1r4k1/2b2pp1/4p2p/2qpN3/2r5/2P3PP/1P1Q2P1/RR5K w - - 5 38,e5d7 c5d6 d7b8 d6g3,1588,74,90,2285,crushing middlegame sacrifice short,https://lichess.org/3a0EoX6j#75,
0SAu9,4R3/5K2/6P1/3p1k2/8/8/P3p2r/8 b - - 3 49,d5d4 g6g7 h2g2 e8e2 g2e2 g7g8q,1892,77,95,9155,advancedPawn crushing deflection endgame long promotion rookEndgame,https://lichess.org/Ax8V0Y9h/black#98,
00AB1,8/7Q/3p1kp1/1p6/2b5/2P4P/5PPK/4q3 b - - 8 36,e1c3 h7h8 f6e6 h8c3,1242,75,96,10936,crushing endgame short skewer,https://lichess.org/KQDr21Ph/black#72,
0K3EL,4R3/1pk1P1p1/2p3p1/4n3/1PB2b2/p4r1P/P1P5/1K2B3 b - - 0 35,e5c4 e8c8 c7c8 e7e8q,1163,80,94,4436,advancedPawn attraction crushing endgame master promotion short,https://lichess.org/0656rKgZ/black#70,
0GeMm,8/8/8/1p1p1r1k/2p2R2/P1P1K3/1P6/8 b - - 1 45,h5g5 f4f5 g5f5 e3d4 f5e6 d4c5,1060,76,95,5302,crushing endgame long rookEndgame,https://lichess.org/zgRSfb9X/black#90,
01lh4,r3k2r/pp1b1ppp/2n1pq2/1B1p1n2/Qb1P4/2N1B3/PP2NPPP/R4RK1 b kq - 7 12,e8g8 b5c6 d7c6 a4b4,1172,76,88,379,advantage capturingDefender middlegame short,https://lichess.org/Nt3nJGCU/black#24,Queens_Pawn_Game Queens_Pawn_Game_Steinitz_Countergambit
00PrK,r7/7R/P3k3/4p2p/3b2p1/3K4/8/5R2 b - - 7 55,a8a6 h7h6 e6d5 h6a6,969,81,91,183,crushing endgame short skewer,https://lichess.org/N9FWAV9a/black#110,
07czX,2r2rk1/pp3ppp/4p3/3pP3/P2P4/QN1q4/5PPP/2RB1K2 w - - 5 22,d1e2 c8c1 a3c1 d3b3,996,76,100,195,advantage middlegame short,https://lichess.org/1hCiYs02#43,
0FX0H,r2qr1k1/p5pp/2p1bn2/n7/Q3p3/2N5/PP2NPPP/R1B2RK1 w - - 2 15,c3e4 f6e4 a4e4 e6c4,1902,74,91,1826,advantage opening short,https://lichess.org/6xTlSK7r#29,Danish_Gambit Danish_Gambit_Other_variations
0LySU,r3r1nk/ppp2p1p/3b1q2/3N3P/2pP4/P2b4/1P2NPQ1/3RKBR1 b - - 6 22,f6d4 g2g8 e8g8 g1g8 a8g8 e2d4,1955,75,88,880,advantage kingsideAttack long middlegame,https://lichess.org/BbpnCo3W/black#44,
0QByz,5r2/4bppk/3p1p1B/pq1P4/1p2P3/1P1R1Q2/2r2PPP/R5K1 b - - 0 25,g7h6 f3f5 h7h8 d3h3 f8g8 h3h6,1621,75,86,187,clearance crushing long middlegame,https://lichess.org/oKMbrZkm/black#50,
0Lrf7,r2qk2r/ppp2pbp/6p1/3pn3/Q5b1/2PBPNP1/PP1N1PP1/R3K2R b KQkq - 1 11,c7c6 f3e5,1057,87,94,595,advantage middlegame oneMove,https://lichess.org/FhkOiITE/black#22,Queens_Pawn_Game Queens_Pawn_Game_Accelerated_London_System
0ADd5,6k1/2pR1p1p/p7/2b1rp2/P7/2N4P/2P2PP1/6K1 w - - 0 26,d7c7 e5e1 g1h2 c5d6 g2g3 d6c7,964,75,99,876,advantage endgame fork long,https://lichess.org/lsrBK2hx#51,
05uHR,3q1rk1/p4pp1/1n1b1n1p/2pPp3/Q7/1BPPBP2/Pr1N1P1P/R3K2R w KQ - 2 16,a4a3 b2d2 e1d2 c5c4 a3a6 c4b3,1673,74,92,2293,advantage long middlegame sacrifice,https://lichess.org/XI1RGeZw#31,Sicilian_Defense Sicilian_Defense_Alapin_Variation
09c6M,r3k2r/pp1b1ppp/2nQp3/q7/4n3/2N1B3/PPP1BPPP/R3K2R w KQkq - 0 11,d6a3 a5a3 b2a3 e4c3,1573,75,94,1369,advantage capturingDefender middlegame short,https://lichess.org/EHlWWjGi#21,Sicilian_Defense Sicilian_Defense_Classical_Variation
0ZExJ,r2B1bnr/pppk3p/2n1b3/3pP2p/4P3/3B4/PPP3PP/RN2K1NR w KQ - 0 11,e4d5 e6d5 b1c3 d5g2,1539,76,96,20245,advantage opening short,https://lichess.org/uAZlaWRq#21,Queens_Pawn_Game Queens_Pawn_Game_Other_variations
0NrDF,5rk1/3r1pp1/2p4p/p1Q5/P3q3/8/5PPP/R1R3K1 w - - 0 29,c5c6 d7d1 c1d1 e4c6,1686,75,94,24292,advantage deflection endgame short,https://lichess.org/yykG90KR#57,
0Q4Fs,8/3k1p2/8/3p4/3Pn3/2P1P3/6KP/5N2 w - - 0 42,c3c4 d5c4 g2f3 c4c3 f3e4 c3c2 e4d3 c2c1q,1481,76,97,7096,advancedPawn advantage endgame knightEndgame promotion sacrifice veryLong,https://lichess.org/R56YAYij#83,
00MeO,r1b1kb1r/1p2np2/p1p4p/4PPp1/3PN3/8/PPP3PP/R1B2RK1 b kq - 0 15,c8f5 e4d6 e8d7 d6f5,1282,75,95,11736,advantage middlegame short,https://lichess.org/VgF6tpXG/black#30,French_Defense French_Defense_Normal_Variation
0UALG,k2r3r/qp3ppp/p1p5/2b1p3/3nP3/P1R1BB1P/1QP2PP1/1R5K b - - 6 24,d8b8 c3c5 a7c5 c2c3,1757,74,92,2941,advantage master middlegame sacrifice short,https://lichess.org/N6J0HSNo/black#48,
0Tn8l,1r4k1/2p3p1/p3p2p/8/2pPQ1P1/B1P5/K1Pq1r1P/R6R w - - 2 27,e4e6 g8h8 a1c1 d2c3,1729,74,83,179,advantage defensiveMove middlegame short,https://lichess.org/qObtYGY7#53,
0O77I,r7/p1p2rkq/1p3pnp/4p2Q/1R4R1/2PP2PP/P1P2P2/6K1 b - - 1 26,a8g8 g4g6 h7g6 b4g4 g7h7 g4g6,1406,74,96,17410,advantage attraction long middlegame pin sacrifice,https://lichess.org/CP93Zy0A/black#52,
0Mub2,8/p1p2rp1/3p2kp/2pP4/PP2PR1P/2P1K3/8/8 b - - 0 33,c5b4 h4h5 g6h5 f4f7,2123,76,94,8457,crushing deflection endgame rookEndgame short,https://lichess.org/vUD2pIcs/black#66,
0Nern,3r1rk1/pp3p1p/8/2p1qN1R/2P1P3/2N5/PP1R2P1/2K5 b - - 0 23,d8d2 f5h6 g8g7 h5e5,1442,74,93,12177,advantage discoveredAttack endgame short,https://lichess.org/MvZlmQbV/black#46,
00voi,1r6/2r2p1R/7R/4pPk1/2B2n2/1P3P1P/P4K2/8 b - - 0 43,c7c4 h3h4 g5f5 h7f7,1477,74,95,26033,endgame mate mateIn2 short,https://lichess.org/4zZjpxHw/black#86,
08GkN,8/p1p3pk/b6p/P3p3/2P2r1b/8/2P1RP1P/2Q3K1 w - - 2 31,e2d2 f4g4 g1f1 a6c4 d2d3 e5e4,2258,74,95,9528,advantage endgame long pin,https://lichess.org/HqvpjCOM#61,
0DKzD,r1bq1rk1/1ppnbppp/p4n2/3Pp1B1/2B1N3/3P4/PPP2PPP/RN1Q1RK1 w - - 4 10,b1c3 f6e4 g5e7 e4c3 e7d8 c3d1 d8c7 d1b2,1436,74,93,2981,advantage opening veryLong,https://lichess.org/g2MK7iRL#19,Philidor_Defense Philidor_Defense_Other_variations
0Gzs1,6k1/1R4b1/3B2R1/5p2/p2PpP2/P1KrP3/1P6/5r2 w - - 7 48,c3b4 d3b3 b4a4 b3b7,1095,75,98,486,advantage endgame master short skewer,https://lichess.org/0mBby5L2#95,
03kr8,3r4/1k2bp2/1pp1pn1p/3p4/Q2P1q2/2RB2rP/PP3P2/4RK2 b - - 1 27,d8c8 a4a6 b7c7 c3c6 c7c6 a6c8,2662,79,86,491,advantage attraction deflection long middlegame,https://lichess.org/fp7F0mMg/black#54,
08yAx,r6r/pp2pp1k/3p2pP/q1pP1P2/3n4/3P4/PPP2Q2/2K3RR b - - 0 23,a5a2 f5g6 f7g6 f2f7,1146,74,97,5380,mate mateIn2 middlegame short,https://lichess.org/u2jFPDiu/black#46,
0K9oc,rnb1kb1r/1p2pppp/p2p1n2/2q5/4PB2/2N2P2/PPP1N1PP/R2QKB1R w KQkq - 0 9,d1d4 c5d4 e2d4 e7e5,1358,75,93,981,advantage opening short,https://lichess.org/yVKO2z7f#17,Trompowsky_Attack Trompowsky_Attack_Other_variations
07fJe,r3r1k1/ppp3bp/3nb1p1/qP4B1/P2pNPP1/3Q4/2P1PK2/R4B1R w - - 1 25,e4f6 g7f6 g5f6 e6c4 d3d4 e8e4,2721,100,88,197,clearance crushing long middlegame,https://lichess.org/KI8IgXKa#49,
0JrWm,6k1/ppr3bp/P5p1/2rPp1N1/8/7P/5PP1/1Q4K1 w - - 0 29,a6b7 c5c1 b1c1 c7c1 g1h2 c1b1,1222,76,94,24384,crushing endgame fork long,https://lichess.org/i1cz7I9R#57,
04DBd,r3r1k1/4bppp/p1pp4/1p1n4/4B3/6N1/PP3P1P/2R1R2K b - - 1 24,a8c8 e4d5 c6d5 c1c8 e8c8 e1e7,1353,74,97,11367,advantage long middlegame,https://lichess.org/whkcgfxA/black#48,
055jM,r4k1r/ppqb2pp/4p1B1/3pP3/8/2bQ2B1/P1P2PP1/RN3K1R b - - 6 17,c3a1 d3f3 f8e7 g3h4,2107,74,94,10033,mate mateIn2 middlegame short,https://lichess.org/V73sGGvw/black#34,Caro-Kann_Defense Caro-Kann_Defense_Advance_Variation
0F6J3,8/8/2K2k2/2N2p2/1P3n2/8/8/8 b - - 1 52,f4e6 c5e6 f6e6 b4b5 f5f4 b5b6 f4f3 b6b7 f3f2 b7b8q f2f1q b8e8 e6f6 e8f8 f6e5 f8f1,1991,75,99,742,advancedPawn crushing endgame knightEndgame promotion quietMove skewer veryLong,https://lichess.org/Yxv5wl6D/black#104,
017Ut,3r3r/pp3pp1/5k2/2pbq3/3N4/Q4PP1/PPP1N2p/R3R2K w - - 1 22,a3c5 d5f3 d4f3 e5c5,947,89,95,163,advantage discoveredAttack middlegame short,https://lichess.org/Q8jg89Uy#43,
08tTe,7r/1p2pk2/p2p1pp1/3P4/2P1RRnr/1P5P/1PB3P1/7K b - - 4 31,g4f2 f4f2 h4e4 c2e4,922,76,98,928,advantage endgame hangingPiece short,https://lichess.org/insXQwIZ/black#62,
081pk,8/1PK5/2R1pk2/1r3p1p/8/8/8/8 b - - 2 56,h5h4 c6b6 b5b6 c7b6,1313,75,95,19317,crushing endgame master rookEndgame short,https://lichess.org/jarPG79K/black#112,
07dHS,r2r2k1/pb3p1p/1p1bpnBB/3qN3/3P4/6R1/PP3PPP/R2Q2K1 b - - 0 18,d6e5 g6e4 e5g3 e4d5 g3h2 g1h2,1514,75,100,1108,advantage discoveredAttack long middlegame,https://lichess.org/5damwynY/black#36,French_Defense French_Defense_Tarrasch_Variation
05R52,2K5/7p/3Pk1p1/1N2np2/p7/2P3P1/5PP1/8 w - - 0 40,c3c4 e5c4 d6d7 c4b6 c8b7 b6d7,1434,75,98,11047,crushing deflection endgame knightEndgame long,https://lichess.org/P1MjtLqZ#79,
07WfH,r7/8/p6R/1p5n/2p1N2k/2P5/PP6/1K6 b - - 1 39,a8e8 h6h5 h4h5 e4f6 h5h4 f6e8,1480,76,96,30810,attraction crushing endgame fork long sacrifice,https://lichess.org/bKGuUzRd/black#78,
0OkpU,r2qk2r/1pp2pp1/p1n1pnp1/3p4/1b1P1B2/2N1PN2/PPPQ1PPP/2KR3R w kq - 2 10,a2a3 f6e4 c3e4 b4d2,1463,75,87,601,advantage middlegame queensideAttack short,https://lichess.org/eRIBLBKW#19,Rapport-Jobava_System Rapport-Jobava_System_Other_variations
0Cpmu,r4rk1/pp1b1pp1/4pn1p/2b1N3/2P2q2/2QB1PP1/PP5P/1K1R3R b - - 0 19,f4d4 d3h7 f6h7 d1d4 c5d4 c3d4,1589,77,96,21720,advantage discoveredAttack long middlegame,https://lichess.org/oLElJj4Q/black#38,Caro-Kann_Defense Caro-Kann_Defense_Karpov_Variation
093wA,8/6pp/8/1p2k1PP/1p2P3/1P3K2/8/8 b - - 0 34,g7g6 h5g6 h7g6 f3e3,2123,79,94,11971,crushing defensiveMove endgame pawnEndgame short,https://lichess.org/vKAw1rse/black#68,
0O2YW,r3r2k/ppp2q1n/1b1p3Q/3b2B1/8/2P5/PPB2PP1/R3R1K1 w - - 1 29,e1e8 a8e8 g5f6 h8g8 c2h7 f7h7 h6g5 g8f7,2042,76,72,108,advantage middlegame veryLong,https://lichess.org/0Ss9YqHI#57,
0Ukil,6k1/p3b1p1/1ppn2Pp/5P2/3BP3/1PK1N2r/P1P5/5R2 w - - 5 42,e4e5 d6b5 c3d3 b5d4 d3d4 e7c5,1845,77,94,10300,advantage attraction endgame long,https://lichess.org/68b8qUn9#83,
05USr,r2q1rk1/p1p3pp/2pbbn2/8/3p4/5N2/PPPPNPPP/R1BQ1RK1 w - - 0 11,f3d4 d6h2 g1h2 f6g4,1748,74,90,2086,advantage attraction kingsideAttack opening sacrifice short,https://lichess.org/GTRWA4y4#21,Nimzowitsch_Defense Nimzowitsch_Defense_Colorado_Countergambit_Accepted
00SlL,r5k1/2p1qp1p/2b1p1pQ/pp5P/3P2P1/3P1r2/PP2N3/2KR3R b - - 0 23,f3d3 d1d3 c6h1 h5g6 f7g6 h6h1,2399,76,95,229,advantage discoveredAttack long middlegame,https://lichess.org/ktai3EiG/black#46,
0AJvG,3r4/pp4k1/2n2qpp/4p3/1P2Qb2/2P2PN1/P1B2P2/4R1K1 b - - 0 25,d8d7 g3h5 g6h5 e4h7 g7f8 h7d7 f6g7 d7g7,1425,74,96,26044,crushing middlegame sacrifice skewer veryLong,https://lichess.org/DQV899gk/black#50,
0ST13,r1bqk2r/1p3pp1/p1n1pb1p/8/3PN2P/3B1N2/PP3PP1/R2QK2R b KQkq - 0 12,c6d4 e4f6 d8f6 f3d4,1881,75,91,1486,advantage opening short,https://lichess.org/sbyCTte3/black#24,Slav_Defense Slav_Defense_Exchange_Variation
0VBK3,5r1k/pp3pp1/2p1pn1p/2q3P1/3R4/2P1Q2B/P4P1P/6K1 b - - 0 29,h6g5 d4h4 g5h4 e3c5,1235,75,96,11693,advantage discoveredAttack endgame short,https://lichess.org/vCHrKVGS/black#58,
0AK7p,1r5k/5p2/1r3p2/3Pp3/8/4P2P/Qpq2PP1/1R4K1 b - - 4 48,c2d1 b1d1 b2b1q d1b1 b6b1 g1h2,1492,77,96,18304,advantage endgame hangingPiece long,https://lichess.org/JXDiCYin/black#96,
0DB0b,r1b2rk1/pp1p1p1p/4pP2/4qRp1/1PB1P1Q1/P7/6PP/R6K b - - 1 20,e6f5 g4g5 g8h8 g5g7,919,82,91,3632,kingsideAttack mate mateIn2 middlegame short,https://lichess.org/mHToC93l/black#40,
01CKc,2rq1rk1/1b3ppp/p2pp3/bp1n4/3PQ1N1/PP1B4/1BP2PPP/R4RK1 b - - 3 17,d8h4 g4f6 d5f6 e4h4,1280,76,94,16414,crushing discoveredAttack middlegame short,https://lichess.org/Krj1ThVv/black#34,Indian_Defense Indian_Defense_Other_variations
01yqP,2k5/5p2/p1B2p2/8/2P1N1K1/3p2P1/PP6/5r2 w - - 0 33,c6a4 f6f5 g4h3 f5e4,1102,75,97,7370,crushing endgame fork short,https://lichess.org/WZyI7GAL#65,
0XioS,r2qk2r/1p3pp1/p1nb1n1p/3p4/6b1/2N1BN2/PPP1BPPP/R2Q1RK1 w kq - 0 11,c3d5 f6d5 d1d5 d6h2 f3h2 d8d5,1502,78,95,27715,advantage discoveredAttack kingsideAttack long opening,https://lichess.org/vb4fWKIY#21,Scandinavian_Defense Scandinavian_Defense_Modern_Variation
0CDKw,4rrk1/5p2/p5p1/1pq1nRN1/2p1P2p/5R1P/PPP1Q1P1/7K b - - 1 29,e5f3 f5c5 f3g5 c5g5,1717,75,90,1909,advantage hangingPiece middlegame short,https://lichess.org/8Cnf6whF/black#58,
0Ix9j,r1b4Q/pp2kp1p/4p1p1/2p5/2Pp1P2/2q3P1/P3KPBP/R6R w - - 1 20,h1c1 d4d3 e2f1 c3h8,1583,75,94,6750,crushing discoveredAttack middlegame short,https://lichess.org/HSn3XcO4#39,
02QUU,4k3/4bppp/pp6/4P3/P2PP3/6P1/5K1P/2B5 w - - 3 28,f2e3 e7g5 e3e2 g5c1,783,79,100,127,advantage bishopEndgame endgame short skewer,https://lichess.org/PlABSQej#55,
0EmrP,3rr1k1/p4p2/1p1q2pQ/2p5/8/PPP1R2B/2bR1PPP/6K1 b - - 0 28,d6d2 e3e8 d8e8 h6d2,956,76,71,153,advantage discoveredAttack middlegame short,https://lichess.org/KTb0usPg/black#56,
0Kzlh,8/r7/p1k1p1p1/R1P1K1Pp/5P2/8/8/8 b - - 1 46,a7f7 a5a6 c6c5 a6e6,1243,74,96,3705,advantage endgame rookEndgame short skewer,https://lichess.org/SgoavGbk/black#92,
0S8JO,rn5r/ppp3k1/3p1p1p/6b1/4PBQ1/3P4/1PPK2PR/q6R b - - 5 22,a1b2 f4g5 f6g5 h2h6 h8h6 g4g5,1890,77,96,3039,advantage capturingDefender long middlegame sacrifice,https://lichess.org/bugmDZDI/black#44,
0Gq07,8/p1p2kp1/B7/3nP2P/3P4/P1pK2Bb/8/8 w - - 0 39,a6c4 h3f1 d3c2 f1c4,1875,76,95,1213,crushing deflection endgame master short skewer,https://lichess.org/MubT7X1o#77,
0EWqF,8/2R3pk/pp3p1p/3N1P1P/r7/6r1/1K6/8 b - - 3 51,b6b5 d5f6 h7h8 c7c8,928,78,98,370,endgame mate mateIn2 pin short,https://lichess.org/boJThuJ5/black#102,
0CP9y,5r2/8/p2p1r1k/1p4n1/3QP2q/2P1R1R1/PP4P1/5NK1 w - - 6 37,e3e1 f6f1 e1f1 f8f1 g1f1 h4g3,1597,75,96,9651,advantage long middlegame,https://lichess.org/MDEIiWXX#73,
0220o,2rr2k1/ppb2pNp/2n3q1/3p1N2/1P3P2/P3P1nP/1B2Q1P1/2R2RK1 w - - 3 23,e2f2 g3f5 g7f5 g6f5,1388,75,93,10284,advantage master middlegame short,https://lichess.org/6bINHamE#45,
0TEmc,5bk1/3q1p2/4p1pP/1p1pP1B1/1p5Q/1r6/p4PP1/5RK1 b - - 1 34,b3b1 h6h7 g8h8 g5f6 f8g7 f6g7 h8g7 h7h8q,1534,76,96,11904,advancedPawn attraction endgame mate mateIn4 promotion veryLong,https://lichess.org/z0v3SEeN/black#68,
03av1,2b5/1p6/3RPk2/2Pp1Ppr/3N4/6K1/8/8 w - - 2 45,g3g4 h5h4 g4f3 h4d4,1091,76,93,365,advantage endgame master short skewer,https://lichess.org/c9Dttwn2#89,
0Mtuy,r1b3k1/5pbp/p1Nq2p1/2pB4/8/8/PP3PPP/2RQ2K1 b - - 0 20,c8b7 d5f7 g8f7 d1d6,1175,75,99,1665,crushing discoveredAttack kingsideAttack middlegame short,https://lichess.org/hvtURlCO/black#40,
0EgUI,6k1/5p1p/pp4q1/2bb1N2/5Q1P/1P3P2/P5PK/2N2r2 b - - 1 30,f1c1 f4b8 c5f8 f5e7 g8g7 e7g6,1619,75,96,6615,advantage endgame long pin,https://lichess.org/gYi7gMPW/black#60,
09Sr1,1rbq2k1/p2pp1bp/2p1n1p1/4Nr2/2P5/BPN5/P4PPP/R2QR1K1 w - - 1 16,e5c6 d7c6 d1d8 e6d8,1409,75,83,368,advantage hangingPiece opening short,https://lichess.org/5zZDqvWg#31,Sicilian_Defense Sicilian_Defense_Nyezhmetdinov-Rossolimo_Attack
0Bhia,r4rk1/3p1pp1/p2q1n2/4p1B1/P2pP3/3P2QP/1P3PP1/2R2RK1 w - - 2 22,g5h6 f6h5 g3g5 d6h6 g5h6 g7h6,1290,74,90,781,advantage discoveredAttack long middlegame,https://lichess.org/1wPG227G#43,
0BwAW,rnb1qk1r/1p4b1/p2p4/2pP1p2/P1B1P1np/2N5/1PP1Q1PP/R1B2RKN w - - 1 17,e2g4 g7d4 h1f2 f5g4,1503,76,91,1294,advantage kingsideAttack middlegame short,https://lichess.org/ehODb7gK#33,Benoni_Defense Benoni_Defense_Old_Benoni
0DeEe,2rq1rk1/p2n1p1p/Q3pp2/1B6/1b4b1/2N5/PPPP1PPP/R1B1K2R w KQ - 4 13,e1g1 d7c5 a6a7 c8a8 a7a8 d8a8,1715,75,95,6515,advantage long opening trappedPiece,https://lichess.org/4T3cDxr4#25,Zukertort_Opening Zukertort_Opening_Tennison_Gambit
0MHtG,1k5r/1bpqp3/pp4p1/4p3/3P2n1/2NB2Q1/PPP3P1/3R1RK1 w - - 0 20,d4e5 d7d4 f1f2 g4f2 g3f2 h8h1 g1h1 d4f2,1779,77,96,12252,crushing deflection kingsideAttack middlegame veryLong,https://lichess.org/wr31QDv1#39,
0HaWa,6k1/2p2p2/pb2p2p/1p1rP1p1/1P4n1/2P3B1/1PN1KPbP/3R2N1 b - - 3 26,g2f3 g1f3 d5d1 e2d1,1379,75,79,179,advantage hangingPiece middlegame short,https://lichess.org/M9XAHWBb/black#52,
0UMfF,2kr2r1/ppp1bp2/2p2n1p/8/N2PP1p1/1P3P2/PBP2P1P/R2R2K1 w - - 0 16,e4e5 g4f3 g1f1 f6g4,1705,75,90,2147,crushing discoveredAttack kingsideAttack middlegame short,https://lichess.org/VUBOxeS1#31,Ruy_Lopez Ruy_Lopez_Classical_Variation
0Bd36,8/pN1R3b/2p2k2/2N3p1/4n1P1/2P4P/PP2r2b/7K w - - 9 41,d7h7 e4g3,1234,75,96,12383,endgame mate mateIn1 oneMove,https://lichess.org/ymJhVRkX#81,
03S6t,Nk3r2/pp4p1/3p3p/1Qbqp3/8/2P5/P4PPP/4RRK1 w - - 2 23,e1d1 c5f2 f1f2 d5d1 b5f1 d1f1,1727,78,88,271,advantage deflection kingsideAttack long middlegame,https://lichess.org/fRw6os7W#45,
05vzB,r2q1rk1/3bbppp/3p4/1pnnp1B1/p3P3/P4NNP/1PB2PP1/R2QR1K1 w - - 0 19,e4d5 e7g5 f3g5 d8g5,915,99,94,130,advantage opening short,https://lichess.org/M9YxJBcF#37,Sicilian_Defense Sicilian_Defense_Modern_Variations
06M8G,r2qkb1r/pp3ppp/8/8/2Bnn1b1/2PP1N2/PP3PPP/R1BQK2R w KQkq - 0 10,d3e4 d4f3 d1f3 g4f3 c4b5 e8e7,1187,75,99,539,advantage long opening,https://lichess.org/kwCgBwkN#19,Scandinavian_Defense Scandinavian_Defense_Blackburne_Gambit
0DGE8,3r2k1/p3r1p1/1p3nB1/1R3P1p/8/2R4P/PP4P1/5K2 w - - 4 34,a2a4 d8d1 f1f2 f6e4,945,75,100,223,advantage endgame master short,https://lichess.org/nWkagQHE#67,
03JOC,r2r3k/p1p2ppp/3b2q1/2pQ4/2P1p3/1P2P2P/PB3PP1/R2R2K1 w - - 4 21,d5c6 d6h2 g1h2 g6c6,1023,79,90,689,crushing discoveredAttack middlegame short,https://lichess.org/ozoLscxu#41,
03iwX,8/8/8/KP6/4kp1P/8/4bP2/8 b - - 0 49,e4f3 b5b6 e2d3 b6b7,799,78,99,878,advancedPawn bishopEndgame crushing endgame master short,https://lichess.org/mqpuhQre/black#98,
0Knhc,r1q2rk1/2pn1ppp/1nNbp3/pB6/4N3/8/1PPP1PPP/2BQ1RK1 b - - 7 15,d7e5 e4d6 c8d7 c6e5,1497,75,89,281,advantage capturingDefender opening short,https://lichess.org/aLiwvw3V/black#30,Scandinavian_Defense Scandinavian_Defense_Modern_Variation
06SXL,rn1qk2r/ppp2ppp/5n2/4P1B1/6b1/5Q2/PPP3PP/RN2KB1R w KQkq - 1 9,f3b7 d8d1 e1f2 d1d4 g5e3 f6e4 b7e4 d4e4,2168,77,95,431,advantage exposedKing opening veryLong,https://lichess.org/OWGV0r8O#17,Elephant_Gambit Elephant_Gambit_Other_variations
05eJI,2kr1b1r/1pp1q1pp/p1n2pb1/3N4/P3P3/1Q5P/1P3PPN/2RR2K1 b - - 6 20,e7e6 d5b6 c8b8 b3e6 d8d1 c1d1,1387,74,96,8261,advantage discoveredAttack long middlegame,https://lichess.org/FjPv4i8b/black#40,
05UHJ,4r2k/3q2p1/5bbp/2p1p1n1/2P5/1Q1P1NNP/P3R1P1/4R1K1 w - - 7 29,f3e5 f6e5 e2e5 e8e5 b3b8 e5e8,2467,79,92,2314,advantage long middlegame,https://lichess.org/azOTCTGC#57,
0Qtji,2r1r1k1/p2n1ppp/1p6/3qp3/1n2N1Q1/3P2P1/PP2RP1P/R1B3K1 b - - 1 21,b4d3 c1h6 g7g6 g4d7 d5d7 e4f6 g8h8 f6d7,1826,75,94,16671,attraction crushing fork middlegame pin sacrifice veryLong,https://lichess.org/CdB9Mncw/black#42,
05T09,r1b2rk1/1pp1nppp/pq6/7Q/P3N3/2P5/1PB2PPP/R4RK1 b - - 2 16,b6g6 e4f6 g7f6 c2g6,1078,76,95,5489,advantage discoveredAttack kingsideAttack middlegame short,https://lichess.org/xCvFAI29/black#32,Scotch_Game Scotch_Game_Classical_Variation
0D6RN,3k4/8/3P1K2/r3P3/5N2/8/8/8 b - - 8 64,a5a4 f4e6 d8e8 d6d7 e8d7 e6c5 d7c6 c5a4,2140,75,94,8845,advancedPawn attraction crushing endgame exposedKing fork veryLong,https://lichess.org/p5sQxazq/black#128,
0R7kB,6k1/1b4rp/3p4/p7/2PP2NR/4pr2/8/K3R3 b - - 1 40,f3f4 g4h6 g8h8 h4f4,1302,75,97,24145,crushing discoveredAttack endgame master short,https://lichess.org/acrctduK/black#80,
07w6r,r3kr2/pp1qp1Qp/3n2p1/2pP4/8/2N4P/5PP1/2R1R1K1 b q - 7 26,e8c8 e1e7 d6f5 e7d7 f5g7 d7g7 d8d7 g7d7,1469,75,90,1458,advantage middlegame veryLong,https://lichess.org/DRByT9KS/black#52,
0D8rk,2kr3r/1pp2ppp/p2b4/3R4/8/1Q2Bq2/PPP2P1P/2KR4 b - - 2 20,d6h2 d5d8 h8d8 d1d8 c8d8 e3g5,1280,74,91,725,attraction crushing long master middlegame queensideAttack,https://lichess.org/itig3nja/black#40,
07dgW,4b3/8/pp1p1p2/2pPpP2/P1P1P2k/1P6/5K2/3N4 w - - 0 35,f2f3 e8h5 f3e3 h5d1,781,95,90,993,crushing endgame master short skewer,https://lichess.org/Rk2mjhVZ#69,
0KWv7,2r4k/pp4pp/2b5/8/2BRnrP1/2P2N1P/PP3P2/R5K1 w - - 5 22,a1d1 f4f3 d4d8 f3f8 d8c8 f8c8,1617,76,90,1947,advantage hangingPiece long middlegame,https://lichess.org/5tgl0u1j#43,
0V2tG,5rk1/pp4p1/1q5p/5P2/3b1P2/8/PP3Q1P/3R2K1 w - - 0 27,f2d4 f8d8 d4b6 d8d1 g1f2 a7b6,1665,74,84,342,crushing endgame intermezzo long sacrifice skewer,https://lichess.org/VBRPC8mj#53,
00dnp,8/Q7/7r/8/6K1/1r2k1p1/6P1/8 b - - 2 64,e3e2 a7a2 e2e3 a2b3,1376,76,94,22929,crushing endgame fork master queenRookEndgame short,https://lichess.org/hMbf0KPM/black#128,
0Obnc,1k1r4/pp6/4N3/3ppB2/2q3K1/P7/1P4Q1/R7 w - - 4 27,g4h3 d8h8 h3g3 h8g8 g3h2 g8g2,1631,75,92,164,advantage endgame exposedKing long skewer,https://lichess.org/SeQx0yQl#53,
0BPWz,r1b2rk1/1pp2ppp/1p3q2/n2pN3/3Pn3/2P5/PPB2PPP/R1BQK2R w KQ - 1 12,f2f3 f6h4 g2g3 e4g3,1242,79,85,1142,advantage opening short,https://lichess.org/yKbjCD7I#23,Four_Knights_Game Four_Knights_Game_Italian_Variation
09Qv5,5rk1/5ppp/p6b/1p1N1Q2/4P2q/8/PPPr4/1K4R1 b - - 1 26,h4f2 d5f6 g8h8 f5h7,1760,74,97,13878,mate mateIn2 middlegame pin short,https://lichess.org/sKJzUWVL/black#52,
0HayW,r1r3k1/4ppb1/3p2p1/ppnP3p/2R1P3/1P2BP2/P2RBKPP/8 w - - 0 22,c4c1 c5e4 f3e4 c8c1,1712,75,95,10062,advantage discoveredAttack middlegame short,https://lichess.org/l04yV2u7#43,
0Vch0,r3k2r/ppb2pp1/3qp1b1/3p2B1/2Pn2P1/3P1N2/PP2QPB1/R3R1K1 w kq - 1 20,f3d4 h8h1 g2h1 d6h2 g1f1 h2h1,1909,73,95,13482,deflection kingsideAttack long mate mateIn3 middlegame sacrifice,https://lichess.org/4wfA7b13#39,
0AiY3,5n2/4rpp1/r1pNp1k1/2pp2P1/p6P/1P1P4/P1P3P1/R4RK1 b - - 2 28,e7d7 d6f7 d7f7 h4h5 g6h5 f1f7,2086,75,93,1643,crushing deflection endgame exposedKing long sacrifice,https://lichess.org/LEZwlstf/black#56,
09Ktk,r4rk1/2p3pp/p1pq4/1p2pb2/8/3P1N1P/PPPN1KP1/R1BQ4 w - - 1 15,d2b3 e5e4,1355,75,81,838,advantage middlegame oneMove,https://lichess.org/jgc9R6IG#29,Ruy_Lopez Ruy_Lopez_Morphy_Defense
044JT,5rk1/5p1p/p1p5/4P1p1/PP1P1b2/1QB1N2P/3Pq1P1/5RK1 w - - 2 30,b3c4 f4e3 d2e3 e2c4,1488,75,96,12127,advantage middlegame short,https://lichess.org/qvFfHHnc#59,
0HrZl,r3k2r/2pqbpp1/p1p1p3/3p2Bp/3Pn3/P1NQP2P/1PP2PP1/R3K2R w KQkq - 1 13,c3e4 d5e4 d3e4 e7g5,1211,79,69,143,advantage capturingDefender middlegame short,https://lichess.org/eN4QPWhT#25,Queens_Pawn_Game Queens_Pawn_Game_Chigorin_Variation
07aIb,r2q1k2/pp3ppb/2p4p/3pQ2P/1P6/P1N1R3/5PP1/6K1 b - - 2 27,d8e8 e5d6 f8g8 e3e8,1240,73,96,18757,advantage discoveredAttack endgame short,https://lichess.org/e9HMvBIz/black#54,
08Bb2,4r1k1/1p4b1/p1p1b1Pp/8/3P4/3B1P2/Pr2N1P1/R3RK2 b - - 2 27,e6a2 a1a2 b2a2 d3c4 g8f8 c4a2,1254,75,95,17674,attraction crushing exposedKing fork long middlegame sacrifice,https://lichess.org/fbY7PmRE/black#54,
0QnqT,r7/4Nkpp/5r2/3p4/p3p2q/4P3/PP1BQbPP/R4R1K w - - 3 25,e7d5 h4h2 h1h2 f6h6 e2h5 h6h5,1419,77,96,27439,attraction kingsideAttack long mate mateIn3 middlegame sacrifice,https://lichess.org/1zG6eUGZ#49,
05us0,8/6pp/5qk1/1Q6/1Pp2pP1/7P/2P5/5K2 b - - 0 44,f6d4 b5f5 g6h6 f5h5,1407,74,97,26067,endgame mate mateIn2 queenEndgame short,https://lichess.org/kn1PUonQ/black#88,
00rL0,5q2/3r4/P1k2p1p/1p2pNp1/2b1P1P1/2P2P1P/3r2BK/R5Q1 b - - 4 40,f8c5 g1c5 c6c5 a6a7 d7a7 a1a7 c4f1 f5e3 f1g2 e3g2,1694,74,94,3753,advancedPawn advantage middlegame veryLong,https://lichess.org/5qUAn2Jj/black#80,
0B5FH,r3k2r/1pp2ppp/p2p1q2/4p3/1PBnP1Q1/P2P2PN/2P4P/RNB1b2K w kq - 1 14,c1g5 f6f1 h3g1 e1f2 b1c3 f1a1,1940,75,99,105,advantage discoveredAttack long middlegame,https://lichess.org/HNcBa9iv#27,Kings_Pawn_Game Kings_Pawn_Game_Other_variations
0MGZ2,rn3rk1/p3qpp1/2p4p/5b2/1p2p3/3B3P/PPP3P1/RNBQR1K1 w - - 0 17,b1d2 e7c5 g1h1 e4d3,1313,75,91,3672,advantage opening short,https://lichess.org/0LfOEUdC#33,Philidor_Defense Philidor_Defense_Other_variations
0GmHm,r2qkb1r/1bpp1pp1/ppn2n1p/8/4PP2/2NBQ3/PPP1N1PP/R1B1K2R w KQkq - 0 9,e1g1 f8c5 e3c5 b6c5,1233,77,96,14272,crushing opening pin short,https://lichess.org/8U8at1Mi#17,Center_Game Center_Game_Paulsen_Attack_Variation
02viV,r4rk1/1p3ppp/p1n1b3/2NpP3/3P4/P1qB3P/5PP1/2RQ1RK1 b - - 6 18,c3d4 c5e6 f7e6 c1c6 d4d3 d1d3,1831,74,96,6595,crushing discoveredAttack long middlegame,https://lichess.org/9tfb2Jv3/black#36,Ruy_Lopez Ruy_Lopez_Bird_Variation
0UMHR,r2q1n1k/3r2pp/b4p2/1N1R4/p3P3/4P1P1/PPQ3BP/5RK1 w - - 1 24,f1e1 d7d5 e4d5 a6b5,1433,76,86,1036,advantage capturingDefender middlegame short,https://lichess.org/a6fbnUzG#47,
0MIHa,2r2rk1/5pp1/p2p1b1p/1p1Pp3/2q1B1Q1/P5R1/1P3PPP/5RK1 b - - 3 23,c4c1 g4f5 f8e8 f5f6,2057,75,95,4133,advantage middlegame pin short,https://lichess.org/ASapaZaF/black#46,
00YCP,2k3nr/1ppr2pp/p3pp2/2b5/5P2/1N2nN2/PP4PP/1RB1R1K1 b - - 3 15,c5a7 c1e3 a7e3 e1e3,870,80,89,341,advantage middlegame short,https://lichess.org/UMVnTZ8x/black#30,Englund_Gambit Englund_Gambit_Other_variations
0MXg9,r1b1k2r/ppp1qp2/4pnpb/1NPn3p/7B/3BP2P/PPQ1NPP1/R3K2R w KQkq - 1 14,d3g6 f7g6 c2g6 e7f7 b5c7 d5c7 g6f6 f7f6,2061,78,91,925,advantage middlegame veryLong,https://lichess.org/aHxJ4xlb#27,Old_Indian_Defense Old_Indian_Defense_Other_variations
0GSpg,r6r/ppp1kppp/2n5/8/Qb2Nq2/8/PPP2PPP/2KR1B1R w - - 1 13,e4d2 b4d2 d1d2 f4a4,1004,81,87,947,advantage discoveredAttack middlegame queensideAttack short,https://lichess.org/qhomEwdI#25,Center_Game Center_Game_Other_variations
0KlZJ,8/4Np1k/p2R3p/1p4p1/4P3/1P3nPK/P1r4P/8 w - - 0 33,e7f5 c2h2 h3g4 f3e5,1354,76,95,12459,endgame mate mateIn2 short,https://lichess.org/5eNkXGTe#65,
07MXx,1k1r3r/Npp1qpbp/p2pbnp1/8/3QPB2/5P2/PPP2P1P/1K1R1B1R w - - 2 14,f4e3 c7c5 a7c6 b7c6,1717,75,91,2041,advantage middlegame short trappedPiece,https://lichess.org/skF9nUkD#27,Englund_Gambit_Complex Englund_Gambit_Complex_Englund_Gambit
02BQo,6k1/pr5p/4p1p1/3P2nq/5r2/1B3N2/PP2Q1PP/5RK1 b - - 0 29,f4e4 e2c2 b7f7 f3g5 f7f1 g1f1 e4f4 g5f3,2642,88,89,114,advantage defensiveMove middlegame veryLong,https://lichess.org/RjCfIYyu/black#58,
0D6R9,2r3k1/5pp1/1pN4p/1P1P1n2/8/7P/3R2PK/8 b - - 0 37,g8h7 d5d6 f5d6 d2d6,1395,74,93,10332,advantage endgame short,https://lichess.org/Uju19sWo/black#74,
0CCFJ,r3r1k1/ppq1b1p1/4pn1p/3p4/7B/2PQ1P1P/PP1N2P1/R3R1K1 w - - 1 18,e1e6 e7c5 g1h1 e8e6,1096,80,93,3478,crushing discoveredAttack middlegame short,https://lichess.org/RwgFJdE2#35,Caro-Kann_Defense Caro-Kann_Defense_Exchange_Variation
05Kp1,5rk1/2p5/p1Bq3p/3P4/5p2/7P/5KP1/1R1NR3 w - - 0 33,d1c3 d6c5 f2f1 c5c3,941,77,99,669,advantage endgame fork short,https://lichess.org/UTNHm6zf#65,
06o50,5rk1/ppp3p1/8/2P1R1K1/2r3B1/P7/6bP/R7 b - - 2 28,g2c6 g4e6 g8h7 e6c4,972,82,94,2049,crushing endgame fork short,https://lichess.org/txHOk4Cd/black#56,
0EFPa,1q6/6pk/p2pQ1pp/B3p3/1p6/7P/P4PP1/5K2 w - - 0 37,e6b3 b8b5 f1g1 b5a5,919,81,100,673,advantage endgame fork short,https://lichess.org/m9UT2seI#73,
0JEkd,r2q1rk1/6pp/p3p3/1p1pPb2/3PpQ1b/1NP4P/PP4P1/R1B2RK1 b - - 6 18,f5h3 f4f8 d8f8 f1f8 a8f8 g2h3,1474,75,100,411,advantage kingsideAttack long middlegame,https://lichess.org/JvDWMODN/black#36,Caro-Kann_Defense Caro-Kann_Defense_Exchange_Variation
0WWVz,5bk1/p1q2p1p/2p1r3/1p4B1/3P2Q1/2P4P/PP2r1P1/5R1K b - - 4 28,c7b7 g5f6 f8g7 g4g7,1351,74,96,23761,discoveredAttack kingsideAttack master masterVsMaster mate mateIn2 middlegame short,https://lichess.org/nppgmlMR/black#56,
0NVeA,r1b2rk1/ppp3pp/2nb1q2/3p4/6n1/2P2N2/PP2BPPP/R1BQRNK1 b - - 3 13,d6c5 d1d5 c8e6 d5c5,1137,76,95,7126,crushing fork master opening short,https://lichess.org/p6Uuq9ie/black#26,French_Defense French_Defense_Tarrasch_Variation
0H2R6,8/pp1k4/3Pb3/2p1P1K1/4r3/4N3/PPP5/3R4 w - - 3 45,e3d5 e4e5 g5f4 e5d5,1594,74,96,20394,advantage endgame short,https://lichess.org/PIKHG3Lh#89,
06F8i,r3q1k1/pppnrppp/3b1n2/3pN1B1/3P1P2/2PQ3P/PP1N2P1/R3R1K1 w - - 3 16,e5d7 e7e1 a1e1 e8e1,1063,77,88,215,advantage kingsideAttack middlegame short,https://lichess.org/UkYx182p#31,French_Defense French_Defense_Exchange_Variation
07gEx,r2qk2r/pp3pbp/5np1/2Ppn1B1/8/2N2B1P/PP3PP1/R2QK2R w KQkq - 0 13,c3d5 e5f3 d1f3 d8d5 f3d5 f6d5,1746,75,99,1354,advantage long opening,https://lichess.org/ZFQByV90#25,Caro-Kann_Defense Caro-Kann_Defense_Panov_Attack
0MTvz,3r2k1/pp3pp1/1qpr3p/8/3nP3/1PN1Q2P/1PPR1PP1/4R1K1 w - - 7 24,e1d1 d4f3 e3f3 d6d2 d1d2 d8d2,1259,78,89,970,advantage deflection discoveredAttack long middlegame,https://lichess.org/s95FYH4p#47,
0WTdO,rnbq1rk1/p4ppp/2p1p3/2Pp4/4n3/P1BQ1NP1/1P2PP1P/R3KB1R b KQ - 0 11,e4c5 d3d4 f7f6 d4c5,1421,77,87,2011,advantage opening short,https://lichess.org/q4RJUKrK/black#22,Queens_Gambit_Declined Queens_Gambit_Declined_Ragozin_Defense
0NYHQ,8/1R6/6kp/2B3nn/6N1/7P/2Pr2K1/8 w - - 6 45,g2f1 h5g3 f1e1 g5f3,1364,74,98,20418,endgame mate mateIn2 short,https://lichess.org/Ya0szInR#89,
0Dmw6,rn1qkb1r/ppp2ppp/5n2/3b4/8/1B2P3/PPP2PPP/RNBQK1NR w KQkq - 0 7,b1c3 d5g2 b3f7 e8e7,1741,74,97,3294,advantage opening short,https://lichess.org/nzEgzGDZ#13,Vant_Kruijs_Opening Vant_Kruijs_Opening_Other_variations
0B2w7,r2q1rk1/p4pp1/1p1p3p/2p3nn/4P3/P1PPB2P/RP2N1PK/4QR2 w - - 0 19,e1h4 g5f3 f1f3 d8h4,859,91,90,532,crushing discoveredAttack middlegame short,https://lichess.org/jvOj9KVW#37,Sicilian_Defense Sicilian_Defense_Closed
08dpJ,5k2/4n1p1/p1p2pP1/N1Pp3P/1P1K4/8/1P6/8 w - - 4 54,a5c6 e7c6 d4d5 c6b4,901,80,96,1554,crushing endgame hangingPiece knightEndgame master short,https://lichess.org/0WMd6WSS#107,
09fE6,r3kb1r/pp3ppp/2n1pn2/3pN3/3P1qb1/2P5/PP1NB1PP/R1BQ1RK1 b kq - 1 10,g4e2 d1e2 c6d4 c3d4,1710,80,88,805,advantage opening short,https://lichess.org/Vd6HkPQ7/black#20,Bird_Opening Bird_Opening_Lasker_Variation
0Dcy3,1k2r2r/ppp4q/8/n2p4/3P2B1/1PP2PP1/P2Q1K2/R4R2 w - - 3 29,f1h1 h7h2 h1h2 h8h2 f2f1 h2d2,1561,75,93,1485,advantage long middlegame sacrifice skewer,https://lichess.org/S1MP6l57#57,
0MIL0,8/8/R3pk2/2pp1p2/5b2/1PP2Kp1/3P4/8 b - - 1 45,f6e5 d2d4 c5d4 c3d4 e5d4 f3f4,1925,76,95,15361,crushing endgame long,https://lichess.org/7OdKsOq7/black#90,
0BmsU,3r3k/7p/p5nb/1p3p2/4p3/2P1P1P1/PPNr1RBP/R5K1 w - - 5 31,g1f1 d2f2 f1f2 d8d2,1690,76,96,8873,attraction crushing middlegame short,https://lichess.org/J4ZZU9vO#61,
04H0e,4r1k1/pp2qppp/2p5/2bN3P/3Q2n1/1P2P3/1P1K2P1/R3R3 b - - 0 23,c5d4 d5e7 e8e7 e3d4,1079,79,97,8062,advantage intermezzo kingsideAttack middlegame short,https://lichess.org/KElX8Mzr/black#46,
08Gc1,2r1r1k1/1p1b2p1/q2bNn1B/p2p4/3n4/PPN4Q/2B2PPP/R3R1K1 w - - 0 21,h6g7 e8e6 h3h8 g8f7 c2g6 f7g6 h8h6 g6f7,2484,87,89,610,advantage middlegame veryLong,https://lichess.org/ZMyaM6S4#41,
0RCDh,4r1k1/6pp/1pp2p2/p2b4/5q2/P1Q1N3/1P3BPP/RN5K w - - 0 29,e3d5 f4f2 d5e7 e8e7,1380,77,93,11372,advantage hangingPiece middlegame short,https://lichess.org/34OoESae#57,
0AP1F,2q1r1k1/5pp1/8/p2B1N2/1p4Pp/8/PB3PP1/3R2K1 b - - 1 28,g7g6 d5f7 g8f7 f5d6 f7e7 d6c8,1821,74,95,15978,advantage attraction endgame fork long sacrifice,https://lichess.org/Wq6VdnZM/black#56,
0DY8b,2rr2k1/p4p1p/1p1q2p1/3B1b2/2P5/5Q1P/P1R2PP1/3R2K1 b - - 3 23,f5c2 d5f7 g8g7 d1d6,1652,75,98,2598,advantage discoveredAttack master middlegame short,https://lichess.org/1ZNbu1fR/black#46,
0LDZf,r4rk1/1pqbb1pp/p1n1p3/4Pn2/P2p1B2/2Q2N2/1PN1BPPP/1R3RK1 w - - 0 17,c2d4 f5d4 f3d4 f8f4,1797,75,95,14221,advantage discoveredAttack middlegame short,https://lichess.org/gN0BqX69#33,French_Defense French_Defense_Advance_Variation
01UsT,r3r1k1/pp2qp1p/3b2p1/3p4/3P2n1/1PN5/PBP1BPPP/R2QK2R w KQ - 6 15,h2h3 g4f2 e1f2 e7e3 f2f1 d6g3,1915,76,95,9295,advantage attackingF2F7 attraction defensiveMove long middlegame sacrifice,https://lichess.org/WC1zB0Po#29,Zukertort_Opening Zukertort_Opening_Nimzo-Larsen_Variation
03RCd,r3kb1r/pp1bnppp/1qn1p3/3pP3/3P1P2/2NB1N2/PP4PP/R1BQK2R b KQkq - 2 9,c6d4 f3d4 b6d4 c3b5 d4b6 b5d6,1910,75,85,111,advantage long opening,https://lichess.org/fId4Pftn/black#18,French_Defense French_Defense_Advance_Variation
0HX32,r5rk/p2p1p1p/1p2pP2/5pPQ/5P2/5R2/P3q2P/6K1 b - - 2 31,a8c8 h5h7 h8h7 f3h3 e2h5 h3h5 h7g6 h5h6,1468,73,94,28951,attraction endgame mate mateIn4 sacrifice veryLong,https://lichess.org/rNqGNhCp/black#62,
0C8kD,r3kbnr/p4ppp/1qp1p3/3pP3/3P4/5Q1P/PP3PP1/RNB1K2R w KQkq - 0 11,f3c3 f8b4 e1g1 b4c3,982,81,90,240,crushing middlegame pin short,https://lichess.org/zWutxZ9S#21,Caro-Kann_Defense Caro-Kann_Defense_Advance_Variation
0SMB8,3R4/p1R2k2/5B2/6Kp/P5b1/7r/6r1/8 b - - 2 45,f7e6 c7e7,1425,74,97,13573,endgame mate mateIn1 oneMove,https://lichess.org/i9xqFVbu/black#90,
09BhL,1k2r2r/1pp4p/8/2b5/p1q1p2Q/P1P3P1/1P5P/RKB5 b - - 7 27,e4e3 h4c4 e3e2 c1d2,1324,74,91,4609,advantage defensiveMove hangingPiece middlegame short,https://lichess.org/bXxhlte8/black#54,
0B9eZ,2r2Rk1/pbq1r1p1/1p2p2p/4P1N1/3P4/3BQ3/PP4PP/5R1K b - - 0 21,c8f8 d3h7 g8h8 f1f8,1242,77,97,18384,deflection kingsideAttack mate mateIn2 middlegame short,https://lichess.org/y1iPxvxX/black#42,
0MNtp,2rq1rk1/pb1n2pp/1pnbp3/3pN1pQ/3P1P2/2PB2B1/PP4PP/R4RK1 b - - 1 15,f8f5 d3f5 e6f5 h5f7,1238,74,95,6485,advantage kingsideAttack middlegame short,https://lichess.org/yC9H93On/black#30,Queens_Pawn_Game Queens_Pawn_Game_Accelerated_London_System
0CTC8,r4rk1/2q1bp1p/p1p1b1p1/3p4/8/2PB1N2/PP2QPPP/R3R1K1 b - - 3 17,e6g4 e2e7 c7e7 e1e7,815,88,95,1655,advantage middlegame short,https://lichess.org/CSV1VLAv/black#34,Sicilian_Defense Sicilian_Defense_Kan_Variation
0MW0b,6k1/6p1/1qp5/4N3/4Q3/2p5/6PP/5K2 w - - 0 31,e4c6 b6c6 e5c6 c3c2 f1e2 c2c1q,1635,76,96,14027,advancedPawn crushing endgame long promotion,https://lichess.org/A6CiKsm8#61,
0AXlD,r5k1/1p1b3p/q3p1p1/p2p2Pr/6Q1/P1N1RN1n/1PP2PKP/4R3 w - - 0 24,f3h4 h5g5 g4g5 h3g5,1613,74,97,10598,crushing middlegame pin short,https://lichess.org/zpIE3I9o#47,
07Pik,q4rk1/2R2bpp/5p2/5P2/1Q1p2PN/P1p5/7P/1KBR4 w - - 2 32,c7c5 a8e4 b1a1 e4c2 b4b1 c2d1,2228,77,87,867,advantage long middlegame queensideAttack,https://lichess.org/rjoedeSG#63,
02yoc,4k3/7R/1pp3r1/8/P3r2p/1B3K2/1PP5/8 b - - 2 50,e4b4 b3f7 e8e7 f7g6,1044,86,95,2712,advantage discoveredAttack endgame fork master short,https://lichess.org/jnOiltKW/black#100,
0SnZc,r2q1rk1/ppp2ppp/2np1b2/3N1P2/8/6Q1/PPP3PP/R1B2RK1 b - - 0 16,c6e5 d5f6 d8f6 c1g5,1370,78,94,21593,advantage kingsideAttack middlegame pin short,https://lichess.org/V5zpjR6j/black#32,Philidor_Defense Philidor_Defense_Other_variations
0LWjR,5k1r/pR6/4p3/5p2/2PP4/8/P2K3r/6R1 w - - 1 42,d2c3 h8h3 c3b4 h2b2 b4c5 b2b7,1149,80,92,688,advantage endgame long rookEndgame skewer,https://lichess.org/ComkLx6q#83,
09VG7,8/8/p4kpp/1p1Prp2/3K1RP1/7P/P7/8 b - - 3 41,g6g5 f4f5 e5f5 g4f5 f6f5 d4c5,1781,72,95,13328,crushing endgame long rookEndgame,https://lichess.org/fktWrp4z/black#82,
0L3JK,7R/8/8/8/5krP/4p2K/8/8 b - - 2 62,e3e2 h8f8 f4e3 h3g4 e2e1q f8e8 e3d2 e8e1,1867,78,97,1910,crushing deflection endgame rookEndgame skewer veryLong,https://lichess.org/Y49wqrzK/black#124,
02o0C,1r1q1rk1/5pp1/p2bpn1p/3p4/8/P1N1BQ1P/1PP1RPP1/1R4K1 b - - 5 19,d6a3 b2a3 b8b1 c3b1,1447,77,92,9189,advantage hangingPiece middlegame short,https://lichess.org/XaYXLx39/black#38,Caro-Kann_Defense Caro-Kann_Defense_Other_variations
0RIJW,r4rk1/pp1b1p2/4pQp1/3p2Np/1q6/7R/PP3PPP/3R2K1 b - - 5 22,a8c8 h3h5 g6h5 f6h6 b4e4 g5e4,1507,76,73,137,crushing long middlegame sacrifice,https://lichess.org/WfUULOCO/black#44,
05mQm,7k/6p1/p6p/3Q4/8/5rqP/P4rP1/R5RK w - - 3 29,d5b7 g3h3 g2h3 f3h3,1435,73,96,23376,endgame mate mateIn2 sacrifice short,https://lichess.org/iOrc8Esh#57,
0D8ak,r1bqr1k1/1pp4p/p2p2p1/2PQ2b1/3P1N2/2NRP3/6P1/2K4R b - - 1 23,g8g7 h1h7 g7h7 d5f7 h7h6 f7g6,1570,72,95,19125,attraction long mate mateIn3 middlegame sacrifice,https://lichess.org/X19lV3d0/black#46,
0068B,r1q3k1/4bppp/pp2pn2/4B3/8/2N2Q2/PPPR1PPP/6K1 b - - 0 18,f6d7 d2d7 c8d7 f3a8,1474,75,92,6041,crushing deflection middlegame short,https://lichess.org/LNdzAgWP/black#36,Sicilian_Defense Sicilian_Defense_Katalimov_Variation
0AYSk,5rk1/1p1P1ppp/8/2BqN2b/8/4Q2P/P5PK/8 b - - 0 32,f7f6 c5f8 f6e5 e3b3 d5b3 a2b3,1915,77,94,8080,crushing endgame long pin,https://lichess.org/MIgyvMFo/black#64,
0ALPr,r1b4r/p5Qp/1kpp4/1p2n3/5B2/1B6/Pq3PPP/3R1RK1 w - - 1 25,g7h8 e5f3 g2f3 b2h8,1168,76,91,3235,advantage discoveredAttack middlegame short,https://lichess.org/PHqthoG5#49,
03Sst,r3nrk1/pp1b2p1/4p2p/3p4/8/1NPB4/PP3qPP/R2QR2K b - - 1 17,d7c6 e1f1 f2h4 d3h7 g8h7 f1f8,1954,75,93,6347,advantage deflection long middlegame,https://lichess.org/cBmqn7VL/black#34,Torre_Attack Torre_Attack_Classical_Defense
07tcW,r5k1/2p3p1/3p2pp/1p2p3/2P5/4B2P/5PP1/2K2R2 w - - 0 29,c4b5 a8a1 c1d2 a1f1,640,114,81,681,crushing endgame short skewer,https://lichess.org/sECGsJEg#57,
0039T,1r5r/p3kp2/4p2p/4P3/3R1Pp1/6P1/P1P4P/4K2R w K - 1 25,d4a4 b8b1 e1f2 b1h1 a4a7 e7f8,993,86,94,786,crushing defensiveMove endgame long rookEndgame skewer,https://lichess.org/BrtVeJlj#49,
0AEDW,3r1rk1/ppq2ppp/6n1/3b1N1Q/1P6/P7/2B2PPb/R1B1R2K b - - 3 22,h2f4 f5e7 c7e7 e1e7,2042,77,86,197,advantage kingsideAttack middlegame short,https://lichess.org/UIzkzFAZ/black#44,
05Pzc,rnb2rk1/pp4pp/2p5/3p1p2/3Pn2q/2NBPP2/PP4Pb/R1BQRNK1 w - - 0 13,f1h2 h4f2 g1h1 e4g3,1064,75,96,8988,kingsideAttack mate mateIn2 opening short,https://lichess.org/cbOgMJYG#25,Dutch_Defense Dutch_Defense_Queens_Knight_Variation
0ZL6j,r2qkb1r/5ppp/b3pn2/p2Pp3/1p2P3/8/BPP1NPPP/R1BQR1K1 w kq - 0 14,d5e6 d8d1 e6f7 e8e7,1351,76,64,437,advantage opening short,https://lichess.org/SrlgaRUS#27,Sicilian_Defense Sicilian_Defense_Modern_Variations
0U1ko,6rk/8/6qp/4p2p/3bP2P/5QP1/2R2P2/3N2K1 w - - 0 36,d1c3 g6g3 f3g3 g8g3 g1h2 g3c3,1472,76,96,18513,crushing endgame long pin,https://lichess.org/0KBaZTnl#71,
07WGq,r2k3r/ppp3p1/3b1p2/3qnNP1/3pR3/3P4/PP3PQ1/R1B3K1 b - - 9 25,e5d3 e4e8 h8e8 g2d5,1259,76,91,2161,crushing discoveredAttack middlegame short,https://lichess.org/85iIOBks/black#50,
06nUh,r4rk1/pppbqpb1/3p4/3P2p1/4P1P1/3B3P/PPPQN3/1K1R3R w - - 0 21,e2g3 e7e5 c2c3 e5g3,1361,76,93,3587,advantage middlegame short,https://lichess.org/smcjtnNu#41,
05PrB,8/4k3/2pb1p2/5P2/p1P1K3/2P5/P2B4/8 w - - 4 49,d2f4 d6f4 e4f4 e7d6 f4e4 d6c5 e4d3 a4a3,1651,75,96,13970,bishopEndgame crushing endgame master veryLong zugzwang,https://lichess.org/IkFTl3Ej#97,
0TTXB,5rk1/6bp/p2R1np1/BpN5/1P4b1/P4BP1/5K1P/8 w - - 3 33,f2g2 g4f3 g2f3 f6e8 f3e4 e8d6,1362,74,95,15940,crushing discoveredAttack long middlegame,https://lichess.org/iGsRyvTq#65,
03SXY,1k1rr3/5p1p/p1pq1np1/P1Pp4/3P4/3QPP2/5PRP/R3K3 b Q - 0 23,d6e7 a1b1 b8a7 b1b6,2210,75,94,2979,advantage middlegame short,https://lichess.org/vkPBdZdi/black#46,
06Ehn,5r1k/6p1/3Q4/3p1rqp/3B3R/P7/1P3PP1/3R2K1 b - - 0 30,g5h4 d6h6 h8g8 h6g7,1404,75,93,11281,endgame mate mateIn2 pin short,https://lichess.org/0J1Uvl4L/black#60,
0IpSS,r1bq1rk1/1p2bpp1/p2pp2p/2n5/3NN2B/3B3P/PPP2PP1/R2Q1RK1 b - - 0 13,c5e4 h4e7 d8e7 d3e4,1489,75,89,1643,advantage intermezzo opening short,https://lichess.org/o69cCVuI/black#26,Sicilian_Defense Sicilian_Defense_Najdorf_Variation
0Edcx,4k3/3n3p/R5pN/3p4/p1pP3P/bpP2P2/1P6/6K1 w - - 0 34,a6a4 a3b2 a4a8 e8e7,977,76,100,161,advantage endgame short,https://lichess.org/3Z4C1QCr#67,
0LdQm,r4rk1/ppp2ppp/2n5/b2q4/3PRB2/2P2Q2/PP3PPP/R5K1 b - - 0 15,a8e8 e4e8 d5f3 e8f8 g8f8 g2f3,1311,74,98,3024,advantage kingsideAttack long middlegame,https://lichess.org/Q341dUg2/black#30,Petrovs_Defense Petrovs_Defense_Italian_Variation
041JU,2r1k2r/p3bppp/2nq1n2/1Q2N3/4P3/2N5/PP3PPP/R1B1K2R w KQk - 1 15,e1g1 d6e5 b5e5 c6e5,1315,76,96,4941,advantage middlegame short,https://lichess.org/zGabXCJ2#29,English_Opening English_Opening_Anglo-Scandinavian_Defense
0Pqtk,r5k1/pp6/3p2nB/2pPpq1p/2P1N3/5bP1/PPQ4P/4R1K1 b - - 2 29,g8h7 e4g5 h7h6 c2f5,1407,75,96,8229,crushing discoveredAttack master middlegame short,https://lichess.org/7SFcpMWs/black#58,
04ntl,5q2/3Q2kp/3p4/p3b1N1/1p2P3/3K4/6rP/8 b - - 9 38,g7f6 g5h7 f6g6 h7f8,1380,79,95,18978,crushing endgame fork short,https://lichess.org/kkEYRX9X/black#76,
0EuMU,1Q1b2k1/p4ppp/4p3/q7/Np6/1P4P1/PB2PPKP/3n4 w - - 0 22,b2d4 a5d5 g2g1 d5d4,914,76,98,464,endgame,https://lichess.org/q94xI0JU#43,
06UEH,2q5/R5pk/6rp/4P3/4N3/3P1Q1n/1PP2Pr1/5R1K w - - 0 38,e4g3 h3f4 e5e6 c8e6 f3g2 f4g2,2241,75,97,2159,advantage long middlegame,https://lichess.org/Zbg5D4Qo#75,
03fUR,2r3k1/p2pqpp1/1p6/2r5/5Q2/P2P3R/1P4PP/5R1K b - - 0 27,c5g5 f4h4 f7f6 h4h8 g8f7 h8c8,1762,75,100,309,advantage endgame long skewer,https://lichess.org/1XH2AIGO/black#54,
0FyDq,2k1rq1r/pp1n1pp1/2p2np1/3pN1B1/3P1PP1/P1R4P/1PP1Q3/1K5R b - - 0 18,f6e4 c3c6 c8b8 e5d7,1608,77,85,356,crushing deflection middlegame queensideAttack short,https://lichess.org/XbnBv0GX/black#36,French_Defense French_Defense_Exchange_Variation
0Hhbw,5k2/p1r1rp1p/Bpb1p1p1/8/1Q1P4/4P1P1/P3KP1P/1RR4q b - - 6 25,c6b5 e2d2 c7c1 b1c1,2088,82,90,2646,advantage defensiveMove middlegame short,https://lichess.org/lFNy5R8b/black#50,
0Da3B,1r4k1/p1p1qpr1/3p3R/2pPnQp1/4P2p/2P4P/P5P1/3B1RK1 b - - 5 32,b8b1 f5c8 e7f8 h6h8 g8h8 c8f8,1523,74,93,2148,attraction crushing deflection kingsideAttack long middlegame,https://lichess.org/PSz6gRYC/black#64,
0R1Kk,2r5/2qkbp2/p2p2p1/8/1p3Nb1/8/PPPQ4/1K2R2R b - - 0 26,g4f5 e1e7 d7e7 f4d5 e7d7 d5c7,1479,76,96,22817,attraction crushing fork long middlegame sacrifice,https://lichess.org/deQzlpIQ/black#52,
0VIx8,3r3k/p1p3p1/2p3rp/5p2/5b2/1P3N1P/PBb3P1/4RRK1 b - - 1 23,c2d3 f3h4 f4d6 h4g6,1893,76,87,140,advantage kingsideAttack middlegame short,https://lichess.org/tW4actFU/black#46,
07oGo,2rq1rk1/pp4pp/2nb4/2p1p3/Q7/2P1PN2/PP3PPP/R1B2RK1 w - - 3 12,f1d1 e5e4 a4e4 d6h2 g1h2 d8d1 c1d2 d1e2,2746,112,86,239,advantage discoveredAttack kingsideAttack master middlegame veryLong,https://lichess.org/IkGiSROZ#23,Vant_Kruijs_Opening Vant_Kruijs_Opening_Other_variations
0Iw4n,3r2k1/3r1ppp/8/1Q1n4/R2Bq3/4P2P/5PP1/1R4K1 w - - 7 30,b5d7 e4b1 g1h2 b1b8 d4e5 b8e5,1771,77,91,2111,advantage hangingPiece long middlegame,https://lichess.org/iHyaonPR#59,
00Wyh,2r5/8/8/pNp1r2p/3kNppP/1P1P4/2R2K2/8 b - - 2 42,d4d3 c2d2 d3e4 b5d6,1793,77,94,12003,endgame mate mateIn2 sacrifice short,https://lichess.org/2mLJufzX/black#84,
00afi,3r2k1/1p5p/pbbqpr2/3PR3/P5p1/2B2N1P/1PQ2P1P/3R3K b - - 0 26,f6f3 e5g5 g8f8 c2h7 d6h2 h1h2 f3h3 h7h3,1961,76,95,1131,crushing deflection middlegame veryLong,https://lichess.org/VcPyc8y8/black#52,
0KQx0,5r2/4bkpQ/p2p1q2/1p2p1B1/2n1P3/PN6/2P1KP2/6R1 b - - 13 32,f6g6 h7g6 f7g6 g5e7,1161,86,93,1339,crushing discoveredAttack master middlegame short,https://lichess.org/rwCeAOTA/black#64,
07cFY,r2qk2r/4bppp/pn1p4/2pPp3/2P5/P4N1P/1P3PP1/R1BQR1K1 b kq - 0 15,b6c4 d1a4 d8d7 a4c4,1091,74,97,5864,advantage fork middlegame short,https://lichess.org/5zxi0oSS/black#30,Sicilian_Defense Sicilian_Defense_Modern_Variations
0T5oU,r3r1k1/pppq1ppp/2np4/2b5/2P1bBP1/5N1P/PP2PPB1/R2Q1RK1 b - - 3 14,c6e5 f3e5 e8e5 f4e5 e4g2 g1g2,1281,77,94,8673,advantage long middlegame,https://lichess.org/dUuAGq5M/black#28,English_Opening English_Opening_Kings_English_Variation
0ET17,1r4k1/5ppp/p2qpnb1/2pp4/8/Q1P1PB1P/Pr1N1PP1/3R1RK1 b - - 3 18,g6c2 d2c4 d6c6 c4b2,1643,75,93,8604,advantage middlegame short,https://lichess.org/sqqVoAgO/black#36,Queens_Pawn_Game Queens_Pawn_Game_Symmetrical_Variation
0JaD4,r4rk1/pp2q1pp/2pp4/4Pb2/2P1Q3/5N2/PP3PPP/R3R1K1 w - - 1 17,e5d6 e7e4 e1e4 f5e4,1467,75,94,13424,advantage middlegame short,https://lichess.org/o0YJBKlv#33,Horwitz_Defense Horwitz_Defense_Other_variations
05Kbg,1Rb1r1k1/5p2/3p2p1/4b2p/2Pp3P/3P1BPq/3BPP2/3Q2K1 w - - 4 30,d1f1 h3f1 g1f1 c8h3,1634,76,95,18541,attraction crushing kingsideAttack master middlegame short,https://lichess.org/XvjHJFhh#59,
0Idc7,8/8/3r1kp1/p2P3p/2P2K1b/P4P1B/3R3P/8 w - - 4 38,a3a4 h4g5 f4e4 g5d2 c4c5 d6d8,1424,74,91,880,advantage endgame long skewer,https://lichess.org/SPKCmHll#75,
0GvK0,8/3k4/7p/5pp1/3P4/5KP1/6P1/8 b - - 1 46,d7d6 g3g4 f5g4 f3g4 d6d5 g4h5,1365,77,96,12104,crushing endgame long pawnEndgame,https://lichess.org/K3qtWLwh/black#92,
0OGhW,r7/p5Qp/kb2b3/3nN3/4pPP1/1P5q/P1PP3P/2KR3R w - - 1 29,f4f5 a8g8 g7g8 e6g8,1689,75,76,217,advantage middlegame short trappedPiece,https://lichess.org/WFwumCHt#57,
0JZ3N,r7/1ppnk3/p3p2p/4Prp1/4R3/6N1/PPP3PP/3R2K1 b - - 5 22,f5e5 d1d7 e7d7 e4e5,1410,73,95,31862,advantage endgame intermezzo short,https://lichess.org/VjjsEMzZ/black#44,
0Q5fJ,2r3k1/7p/p5p1/5p2/P4P2/1P2P1P1/7r/1R1R1K2 w - - 2 29,b1c1 c8c1 d1c1 h2h1 f1e2 h1c1,1583,78,94,1723,crushing endgame exposedKing long rookEndgame skewer,https://lichess.org/EZ77XtB5#57,
0YgHN,3b3k/3n4/2p3Q1/q1P2r2/3PB3/4P1P1/6PP/6K1 w - - 0 28,g6f5 a5e1 f5f1 e1e3 g1h1 e3e4,1237,76,94,14880,crushing endgame fork long,https://lichess.org/kSpuSPGM#55,
0NCOz,8/ppq2pk1/2p4p/3p2p1/7r/2P2Q2/PP2B1P1/5RK1 w - - 3 30,e2d3 c7h2 g1f2 h4f4,1121,75,91,628,advantage endgame pin short,https://lichess.org/BkU7U4Zn#59,
0LyZ6,2q3k1/5N1p/1n2p1p1/1pr5/5P2/1Bn5/5QPP/4R1K1 b - - 0 30,g8f7 b3e6 c8e6 e1e6 f7e6 f2c5,1049,77,95,7253,advantage fork long middlegame,https://lichess.org/RLXtykEh/black#60,
0WHhO,r2r2k1/pp2bp1p/4b1p1/4q3/2nNBQ2/4B3/PP3PPP/R4RK1 w - - 0 19,e4b7 e5f4 e3f4 d8d4 b7a8 d4f4,1731,75,83,322,advantage capturingDefender long middlegame,https://lichess.org/Ju0K3FDE#37,Sicilian_Defense Sicilian_Defense_Alapin_Variation
09NOE,8/4p2p/3k2p1/p7/1pK5/1P4PP/P1P5/8 w - - 0 37,c4b5 d6d5 b5a5 d5c5,2576,84,91,5082,crushing defensiveMove endgame pawnEndgame short,https://lichess.org/mw6bRAT9#73,
04ccX,6k1/pb3p2/6pQ/3q4/8/3Br3/PPP3PP/5R1K w - - 1 29,f1g1 d5g2 g1g2 e3e1 d3f1 e1f1,1330,80,94,19371,endgame long mate mateIn3 pin sacrifice,https://lichess.org/i87Dk8OS#57,
0JsK4,1r6/5r1k/R6R/5p2/1pp2P2/8/6PP/7K b - - 0 37,h7g7 a6g6 g7f8 h6h8 f8e7 h8b8,1210,75,100,485,crushing endgame exposedKing long rookEndgame skewer,https://lichess.org/SRE6vrXh/black#74,
0EBY1,rnb1k2r/p4ppp/2p1p3/1p6/1b1qP3/1BpP1Q2/PPP2PPP/R1B2KNR w kq - 2 10,b2c3 d4c3 c1b2 c3b2,1656,75,92,1532,advantage opening short,https://lichess.org/RVlAfxjH#19,Caro-Kann_Defense Caro-Kann_Defense_Goldman_Variation
0MRBq,r3kb1r/ppp2p1p/3p1p2/3P4/2P5/1P2PN1q/P3KPnP/R2Q2R1 b kq - 1 15,g2h4 g1g3 h3f5 f3h4 f5h5 h4f3,1478,73,95,16896,advantage defensiveMove long middlegame,https://lichess.org/rIz1yMNb/black#30,Nimzo-Larsen_Attack Nimzo-Larsen_Attack_Modern_Variation
0V2Hm,8/5pk1/4r1pp/2K5/R3P3/5P2/3R2Pb/8 w - - 2 48,c5d5 e6d6 d5c4 d6d2,1280,76,100,754,crushing endgame short skewer,https://lichess.org/vGEHAbcu#95,
0GqGt,1r4k1/1q3p1p/6p1/R1p5/2P2P2/2Q1P3/1r4PP/3R2K1 w - - 5 33,d1d2 b2d2 c3d2 b7b1 g1f2 b8b2 d2b2 b1b2,1880,76,95,8412,clearance crushing endgame master pin veryLong,https://lichess.org/okAx79cF#65,
03iZt,r2q1rk1/ppp3pR/2np2Q1/8/8/2P2NB1/PP3KP1/1Bb5 b - - 0 18,d8f6 h7h8 g8h8 g6h7,1452,74,94,13112,attraction kingsideAttack mate mateIn2 middlegame sacrifice short,https://lichess.org/Cv2BL99W/black#36,Horwitz_Defense Horwitz_Defense_Other_variations
02u8i,5r2/4Qpk1/6p1/qp1p1bNn/3P3P/pPr2P2/P3N3/K2R2R1 b - - 3 27,a5c7 g5e6 f5e6 g1g6 g7h7 g6h6 h7h6 e7g5 h6h7 g5h5,2239,75,91,4760,attraction crushing deflection discoveredAttack master middlegame pin sacrifice veryLong,https://lichess.org/B974cEjO/black#54,
0Eki0,r4rk1/pb2npp1/1p1qpb1B/8/3P3P/2PB1N2/P2Q1PP1/2R1K2R b K - 0 17,g7h6 d2h6 e7f5 h6f6,1499,77,96,13212,advantage master middlegame short,https://lichess.org/41JXeCME/black#34,Sicilian_Defense Sicilian_Defense_Open
0Enn2,rn1qk2r/1bp2ppp/1p2p3/p2pP3/2PPn3/P2B1N2/1P1N1PPP/R2QK2R w KQkq - 1 10,d3e4 d5e4 d2e4 b7e4,788,98,97,460,advantage opening short,https://lichess.org/5IIvymMR#19,Bogo-Indian_Defense Bogo-Indian_Defense_Wade-Smyslov_Variation
0NyR3,3b2k1/6r1/p4pN1/1p1P4/1P2PR2/P7/4rPPK/1R6 w - - 5 33,g6h4 d8c7 g2g3 c7f4,1575,76,95,17908,advantage endgame pin short,https://lichess.org/DNi73aea#65,
0Aoti,r3kb1r/p4p2/2n5/2p1pQ1p/3pP2q/3P3P/PPPB1P1P/R3K2R b KQkq - 0 16,f8g7 d2g5 c6e7 g5h4 e7f5 e4f5,1215,76,91,11212,advantage long middlegame trappedPiece,https://lichess.org/m3yE1glL/black#32,Sicilian_Defense Sicilian_Defense_Other_variations
02QYB,r3k2r/pp3ppp/2n1p3/2bnP3/Q1Bp4/P4NB1/1q3PPP/RR4K1 b kq - 1 15,d5c3 a4c6 b7c6 b1b2,1544,75,96,12978,advantage middlegame short,https://lichess.org/vsy6EfAv/black#30,French_Defense French_Defense_Advance_Variation
054WZ,rnbr2k1/pp3pbp/2p3p1/4N3/2P1n3/2N1P2P/PP2BPP1/R1B2RK1 w - - 1 12,e5f7 e4c3 f7d8 c3e2,1711,75,94,1772,advantage opening short,https://lichess.org/AXSsEWrC#23,Kings_Indian_Defense Kings_Indian_Defense_Semi-Classical_Variation
0S2XL,r1bq1rk1/pp1p1ppp/1bn1pn2/8/3NP3/1NP1B3/PP2QPPP/R3KB1R b KQ - 8 9,f6e4 d4c6 b7c6 e3b6 a7b6 e2e4,1519,75,100,905,advantage discoveredAttack long opening,https://lichess.org/x2OXnfZG/black#18,Sicilian_Defense Sicilian_Defense_Taimanov_Variation
0To2D,2b3k1/8/3p2p1/1p1Pp3/1P2P1Pp/3nbP2/4K3/BB6 w - - 0 51,e2e3 h4h3 b1d3 h3h2,1526,75,82,175,advancedPawn crushing endgame master sacrifice short,https://lichess.org/1weJ9TPd#101,
0SMGa,1rr3k1/5ppp/p4n2/q1Np4/3P4/2P2P2/2PKQ1PP/3R3R w - - 4 24,e2a6 c8c5 a6a5 c5a5,1636,75,94,9315,advantage middlegame short,https://lichess.org/k5cUw4Hb#47,
03Xp4,r4rk1/ppp2pp1/3q1b2/3p3Q/3B4/2P5/PP3P1P/2K1R1R1 w - - 10 21,g1g7 f6g7 e1g1 f7f6,2176,81,91,627,advantage defensiveMove middlegame short,https://lichess.org/cCgBSgbm#41,
03MuM,r2q1rk1/1pp2ppb/2n1pn1p/p7/2Pp4/PP1P1NPP/1B1QPPB1/R4RK1 w - - 1 16,f3d4 c6d4 b2d4 d8d4,950,77,84,134,advantage middlegame short,https://lichess.org/obE4zTFL#31,Kings_Indian_Attack Kings_Indian_Attack_Other_variations
08xX1,1k5r/ppqbbpp1/2p2n1r/4p1Q1/4P3/2N3PP/PPP2PB1/3R1RNK b - - 2 20,f6e4 g5e7 d7h3 e7c7,1746,75,94,3255,advantage hangingPiece middlegame queensideAttack short,https://lichess.org/zXdLIBAB/black#40,
00X5w,r2q1r1k/1ppbb1pn/p1n4p/3Qpp2/B3P3/2P2N1P/PP3PP1/R1B1RNK1 w - - 2 14,f3e5 c6e5 a4d7 e5d7,1281,79,93,4431,advantage middlegame short,https://lichess.org/tzCvvvDs#27,Ruy_Lopez Ruy_Lopez_Morphy_Defense
0NDFz,1k5r/pp2pp2/6p1/3Pp1q1/4Pb1r/2N2Q1B/PP3PP1/R4RK1 w - - 11 22,c3e2 h4h3 f3h3 h8h3,1200,74,96,7851,crushing middlegame pin short trappedPiece,https://lichess.org/guvZ6ARU#43,
06wxC,4rrk1/1pp3pp/p1n3p1/3p2P1/3P2P1/2P1PR2/PPB5/R2QKNq1 w - - 5 23,e1d2 g1g2 d1e2 g2f3 e2f3 f8f3,1717,75,95,17803,advantage long middlegame,https://lichess.org/wgMOT0iQ#45,
048VU,rbb2rk1/1p3ppp/pqn2n2/3p4/3Pp3/P1N1B2P/1PP1BPPN/R2QK2R b KQ - 3 13,b6b2 c3a4 b2a1 d1a1,1342,75,74,335,advantage opening short trappedPiece,https://lichess.org/dkqRE4rk/black#26,Zukertort_Opening Zukertort_Opening_Other_variations
04KYy,2r3k1/5p2/p3p1pP/PprpN2n/3R3P/2N1RP2/2P3K1/8 w - - 2 27,g2h3 c5c3 e3c3 c8c3,1191,77,93,3956,advantage middlegame short,https://lichess.org/By3ual48#53,
0Epz7,4rrk1/ppp5/3q1p1Q/4n3/3PBpP1/2P3K1/PP6/R6R w - - 0 27,g3f4 e5f7 f4f3 f7h6,1362,75,94,10885,crushing discoveredAttack middlegame short,https://lichess.org/mvaYsJ8T#53,
0Gimw,1q1r2k1/2b3p1/p3pr1p/2p5/P1P1P3/1PNn3P/2QB1PP1/1R3RK1 w - - 21 33,c3d5 c7h2 g1h1 d3f2 f1f2 f6f2,1435,77,88,150,advantage deflection kingsideAttack long middlegame,https://lichess.org/PGDb8aJt#65,
0Nx4I,2r4r/pp2p1kp/4qpp1/8/1P6/P3N3/1BbKQPPP/3R3R w - - 6 22,e3c2 c8c2 d2c2 e6e2,1853,75,95,16109,advantage attraction deflection middlegame short,https://lichess.org/FkmarYD1#43,
09Jp9,r1r3k1/3n1pp1/p2p3p/1p1Pp1q1/4Pn2/1P2R2P/PB1QNPP1/R5K1 w - - 4 23,e3g3 f4h3 g1f1 g5d2,1528,75,93,16839,crushing discoveredAttack kingsideAttack middlegame short,https://lichess.org/p9SfA3Xu#45,
07ST6,5rk1/1rq2pp1/p6p/1p6/4N3/7Q/Pb3PPP/3RR1K1 b - - 1 22,c7c8 h3c8 f8c8 e4d6 b7b8 d6c8,1686,74,96,15553,advantage attraction fork long middlegame,https://lichess.org/epdcED1c/black#44,
043Zg,rnb1k2r/pp2n1Rp/2p2p2/2p1p3/2B1P2Q/2NP1q2/PPP2P1P/R3K3 b Qkq - 0 12,e7g6 g7g6 h7g6 h4h8,1860,75,92,2358,advantage capturingDefender middlegame short,https://lichess.org/mlKTTko6/black#24,Bishops_Opening Bishops_Opening_Boi_Variation
0Mqw5,2r2k2/3n3b/2PPr3/6R1/6P1/2R2PK1/8/8 b - - 0 44,d7e5 d6d7 e5d7 c6d7 c8d8 c3c8,1500,75,93,9757,advancedPawn crushing endgame long pin,https://lichess.org/Az7NiKg0/black#88,
0O9Uq,4r3/ppk5/6p1/P4p1p/2brq3/6P1/4B2P/2R1QRK1 w - - 2 32,e2c4 e4e1 c4b5 e1c1 f1c1 c7d8 b5e8 d8e8,2189,77,90,724,advantage middlegame veryLong,https://lichess.org/ASSRW9zy#63,
0Dwat,r2qr1k1/1p3ppp/p4n2/2bp4/1P1n2b1/P3PN2/4BPPP/R1BQ1RK1 w - - 0 14,f3d4 c5d4 d1d4 g4e2,1614,75,82,162,advantage capturingDefender middlegame short,https://lichess.org/D61wwsDj#27,Tarrasch_Defense Tarrasch_Defense_Two_Knights_Variation
01IKl,k1r4r/2Qn1p1p/1p1Bpnp1/q7/2BP4/2P5/1PK2P1P/3R2R1 w - - 5 29,c7c8 h8c8 d1a1 c8c4 a1a5 b6a5,1948,74,95,5347,advantage hangingPiece long middlegame,https://lichess.org/ehmsGMwl#57,
00761,3r2k1/1b3pbR/p2P2P1/3p2N1/2p5/2P2N2/PP6/2K5 b - - 0 28,f7g6 h7g7 g8g7 g5e6 g7g8 e6d8,1438,76,94,21709,attraction crushing endgame exposedKing fork long sacrifice,https://lichess.org/vu70Maig/black#56,
03RKX,Q2k3r/5ppp/4p3/4Pn2/5P2/p1P5/R2P2PP/1r3qNK b - - 2 25,d8e7 a8a3 e7d7 a3a7 d7c6 a2a6 f1a6 a7a6,2133,76,86,703,advantage middlegame veryLong,https://lichess.org/O1CreJeX/black#50,
0GQDg,2k1r2r/2q3p1/p1p1p3/PpPp1n2/3P1Pnp/2PN1RPP/4Q1K1/R1B5 b - - 0 25,f5g3 f3g3 h4g3 e2g4,1613,75,87,612,advantage discoveredAttack master middlegame short,https://lichess.org/eTZv2nlJ/black#50,
0VlSO,8/1p3kpp/p1p2p2/7r/1PPB4/6P1/2R2K1P/8 w - - 17 46,d4e3 h5h2 f2e1 h2c2,1387,76,94,9837,crushing endgame master short skewer,https://lichess.org/elsK2LAS#91,
08SBz,r3kb1r/pp1n1ppp/4qn2/1B2p1B1/4P3/5Q2/PPP2PPP/2KR3R w kq - 1 12,d1d7 f6d7 h1d1 f8d6,1980,74,91,1718,advantage defensiveMove middlegame short,https://lichess.org/RVB4Xcs9#23,Philidor_Defense Philidor_Defense_Other_variations
012ee,rb4k1/2q3pp/P3pp2/3pN3/1Q1P4/4P3/2P2PPP/R5K1 w - - 2 26,e5d3 c7h2 g1f1 h2h1 f1e2 h1a1,1090,76,93,1075,advantage endgame kingsideAttack long skewer,https://lichess.org/zrmGJ1qH#51,
0Eic0,2nr3r/ppk1b1pp/2p2p2/8/2P2P2/BP1R2N1/P5PP/2KR4 w - - 5 22,d3d8 e7a3 c1c2 h8d8 d1d8 c7d8,1419,76,96,23607,advantage hangingPiece intermezzo long middlegame,https://lichess.org/qkurJ5Jq#43,
088Vk,r4r2/2q2p2/2p4k/ppp1pQ1p/4P3/P2P4/BPP2P2/2K3R1 b - - 0 26,f8g8 f5f6 g8g6 g1g6 f7g6 a2f7 a8g8 f7g8,1677,75,96,17296,advantage endgame veryLong,https://lichess.org/8cqoVsYy/black#52,
07uZC,1r4k1/1pp3p1/p2pP1nq/1P3p2/P1P1p3/2B1r2P/3Q2BK/1R3R2 w - - 2 29,c3d4 e3h3 g2h3 h6d2,1337,75,92,718,crushing discoveredAttack middlegame short,https://lichess.org/nHPbJjNi#57,
0QUrp,r2qk2r/p4ppp/2pb1n2/n3p1N1/6b1/4Q3/PPPPBPPP/RNB1K2R w KQkq - 6 11,e1g1 f6d5 e3g3 g4e2,1940,74,94,15164,advantage opening short,https://lichess.org/nedKJ4TQ#21,Italian_Game Italian_Game_Two_Knights_Defense
04eE6,r2qr3/pp1n1kpp/2nB4/3pp3/P2P4/2PQ3P/1P1N1PP1/R4RK1 w - - 0 16,d3h7 d7f6 h7c2 d8d6,1544,75,100,464,advantage discoveredAttack middlegame short,https://lichess.org/m0vnCT0M#31,Indian_Defense Indian_Defense_Other_variations
07TO9,3Q4/4r1kp/6p1/p2P2q1/1pP5/8/PP2r3/1KR4R w - - 6 35,d5d6 e2b2 b1b2 e7e2,1807,74,93,5588,attraction crushing endgame master sacrifice short,https://lichess.org/HZjRjq58#69,
0Msbe,8/1P4k1/2K5/5p2/8/8/1r4p1/6R1 b - - 0 53,f5f4 g1g2 b2g2 b7b8q,1033,85,93,9179,advancedPawn crushing deflection endgame promotion rookEndgame short,https://lichess.org/oKS4iaA8/black#106,
05N2y,8/8/3k4/4p1RP/8/4ppK1/2r2P2/8 w - - 0 42,f2e3 c2g2 g3f3 g2g5,1548,75,86,2965,crushing endgame rookEndgame short skewer,https://lichess.org/3lujro8O#83,
0PLx1,r2r2k1/1b1p1pp1/2p1pq1p/p1P5/5P2/P2Q1R2/4B1PP/5R1K b - - 1 20,f6b2 f1b1 b2a2 b1b7,1479,77,91,2258,advantage middlegame short skewer,https://lichess.org/RQndJHxr/black#40,
0Bl71,r5k1/5pp1/5b1p/2B5/1P3P2/P4P2/7r/R2R1K2 w - - 2 31,c5d4 f6d4 d1d4 h2h1 f1g2 h1a1,1828,76,95,10212,crushing endgame exposedKing long skewer,https://lichess.org/sCppQXDt#61,
0XYHY,7k/8/3p4/3Pb2P/p1r5/Pp6/1P1K2R1/5R2 w - - 0 48,f1f7 c4c2 d2d3 c2g2,1431,73,93,14936,crushing endgame short skewer,https://lichess.org/BeO5JtOR#95,
0WjOu,r1bqkbnr/p3pppp/2p5/2P3B1/3pN3/8/PPP2PPP/R2QK1NR b KQkq - 1 9,c8f5 e4d6 e7d6 g5d8,1534,75,93,622,advantage opening short,https://lichess.org/67B6zRqI/black#18,Caro-Kann_Defense Caro-Kann_Defense_Advance_Variation
0KaxD,r1bq1rk1/1p1nb1pp/p3Q3/2pN1p2/5P2/3P2P1/PPP1B2P/2KR3R b - - 0 19,g8h8 e6e7 d8e7 d5e7 f8e8 e7c8 e8e2 c8d6,2030,76,83,150,advantage middlegame veryLong,https://lichess.org/17nHQ6Am/black#38,
0DSUI,r7/4Npbk/5n1p/4pNpP/4P3/4BP2/1p4r1/1K1R3R w - - 3 30,d1d2 g2d2 e3d2 a8a1 b1b2 a1h1,1857,75,93,1338,crushing exposedKing long middlegame skewer,https://lichess.org/fDY3eKaA#59,
0SKDr,r1bq1rk1/p3ppb1/3p4/3N2Q1/2p1P1P1/6B1/PPP4P/2K4R b - - 0 21,c8e6 d5e7 d8e7 g5e7,1288,79,91,2760,advantage kingsideAttack middlegame short,https://lichess.org/het52OyR/black#42,
0HwfC,3rr1k1/pb3p1p/2q2Pp1/6Q1/7R/2N5/PP4PP/6RK w - - 4 27,c3e4 e8e4 g5h6 c6f6,1775,75,92,464,advantage capturingDefender middlegame short,https://lichess.org/NsCrd20C#53,
0CxzB,6k1/1pqbr1bp/2pN2p1/p1Ppn3/3B4/PPQ5/4B1PP/5R1K b - - 0 27,b7b6 c5b6 c7d6 d4c5 d6b8 c5e7,2122,79,92,3633,advantage long master middlegame sacrifice skewer,https://lichess.org/ZMezCu3b/black#54,
0SoRA,3rk2r/pp1n1pb1/2p2npp/q3p3/4P3/P1N1B3/1PP1NPPP/R1Q1K2R b KQk - 2 14,f6e4 b2b4 a5c7 c3e4,1415,76,93,14780,advantage middlegame short,https://lichess.org/VkBEJkUe/black#28,Pirc_Defense Pirc_Defense_Byrne_Variation
0ILLu,4r3/p5Rp/1p3p2/4k3/6P1/8/PPr4P/3R2K1 b - - 2 30,c2b2 d1e1 e5d5 e1e8,1006,83,93,5605,crushing endgame rookEndgame short skewer,https://lichess.org/tSvKrUmn/black#60,
0MoLE,8/p1b2k1p/2p3p1/2n1P3/2B5/4K2P/PB6/8 b - - 1 36,f7e7 b2a3 c7e5 a3c5,1180,77,91,1573,crushing endgame pin short,https://lichess.org/5j7Q2v9i/black#72,
02Fwp,2b5/p4p1k/3q1Pp1/2p5/3p1p1P/1R3P2/PQ4P1/6K1 w - - 0 48,b3b8 d4d3 b8c8 d3d2 b2b3 d2d1q,1780,75,95,13037,advancedPawn crushing endgame long promotion sacrifice,https://lichess.org/VlNqe98k#95,
0PhJW,5r1k/p3r1pp/3p1q2/3Q4/8/B1P5/P3RPPP/3R2K1 w - - 3 22,d1e1 f6f2 e2f2 e7e1 f2f1 e1f1,1709,74,97,21557,deflection long mate mateIn3 middlegame sacrifice,https://lichess.org/Ybt9S75h#43,
09WaG,r1b5/4qpkp/pr1p2p1/2pP3P/4PQ2/3P4/RP2B1P1/R5K1 b - - 0 25,e7f6 h5h6 g7f8 f4f6,1183,75,91,1073,crushing deflection middlegame short,https://lichess.org/5CW83gR2/black#50,
05B1i,4r1k1/p1q2pbp/5np1/3p4/Q2B4/1N5P/Pr3PP1/3R1RK1 b - - 3 25,b2c2 d4f6 e8e4 f6d4 c2c4 a4a7 g7d4 a7c7,2486,84,91,5885,advantage middlegame veryLong,https://lichess.org/twkTpvCD/black#50,
04beQ,rnbqk2r/ppp2ppp/3b4/3np3/2B5/3P1N1P/PPP2PP1/RNBQK2R b KQkq - 0 6,b8c6 c4d5 d6b4 c2c3 d8d5 c3b4,1263,79,92,4340,advantage hangingPiece long opening,https://lichess.org/qFVhXuQT/black#12,Scandinavian_Defense Scandinavian_Defense_Modern_Variation
05fvE,5k2/6pp/2PP4/1p2p3/1n2b3/4q3/P3B1PP/2RQK3 w - - 0 30,e1f1 b4d3 e2d3 e4d3 d1d3 e3d3,1897,74,93,11012,advantage endgame long,https://lichess.org/jIiwvdzi#59,
0GxLF,3k1r2/1Bq3pr/p2b2b1/2p5/P4p2/2PP3P/3BQPK1/1R3R2 b - - 2 30,c7b7 b1b7 f4f3 e2f3 f8f3 g2f3,1749,75,93,797,advantage hangingPiece long middlegame,https://lichess.org/bMzbOfY7/black#60,
01n09,r3k2r/pB2qppp/2pp4/4n3/1B6/4P1Pb/PPPQ1P1P/R3K2R w KQkq - 0 15,d2d6 e5f3 e1e2 e7b7 e2f3 c6c5,2195,77,93,7804,advantage discoveredAttack long middlegame,https://lichess.org/AZzb2iKa#29,Englund_Gambit Englund_Gambit_Other_variations
01xk5,r3k2r/pp1n1pp1/4p3/3pPnPp/2pP1Q1P/2B2N2/qPPK1P2/3R3R b kq - 5 19,g7g6 d1a1 a2a1 h1a1,1017,82,92,2888,advantage middlegame short trappedPiece,https://lichess.org/yHqZWJsM/black#38,Caro-Kann_Defense Caro-Kann_Defense_Advance_Variation
0C45d,r4rk1/ppp5/3b1qRp/2nPp3/4Q3/3B1P1P/PPP5/1K6 b - - 0 23,g8h8 g6g8 f8g8 e4h7,1936,76,96,11941,clearance kingsideAttack mate mateIn2 middlegame sacrifice short,https://lichess.org/AgRzRunv/black#46,
0KvD7,1r2k2r/p1pb1pp1/5q1p/2Qp4/8/2P5/P1B2PPP/R3K1NR w KQk - 0 15,c5d5 f6c3 d5d2 c3a1,1189,77,96,7468,crushing fork middlegame short,https://lichess.org/pocO0daE#29,French_Defense French_Defense_Exchange_Variation
0NcLj,r2q1rk1/pppbbppp/2np4/3N4/2BNn3/8/PPP2PPP/R1BQR1K1 b - - 3 10,e4f6 d4c6 d7c6 d5e7,1715,74,75,137,advantage opening short,https://lichess.org/cfBql1Jf/black#20,Scotch_Game Scotch_Game_Other_variations
0C587,3rr1k1/Rpp2ppp/8/3qp3/1B6/2P4b/5QP1/5R1K b - - 3 23,e8e6 f2f7 g8h8 f7f8 d8f8 f1f8,978,78,99,1063,backRankMate long mate mateIn3 middlegame sacrifice,https://lichess.org/W5E7aW48/black#46,
0F9g0,4k2r/2q1nppp/np2p3/3pP3/3P4/5N1P/2P2PP1/2BQK2R w Kk - 0 15,c1a3 c7c3 d1d2 c3a3,1007,79,95,3581,advantage fork master middlegame short,https://lichess.org/kRd24Zgn#29,French_Defense French_Defense_Winawer_Variation
0OVad,r4rk1/pppq1ppp/2p5/8/5Bb1/2nB2QP/P1P2PP1/R4RK1 b - - 0 17,g4f5 f4e5 f7f6 e5c3,1978,75,92,6811,advantage middlegame short,https://lichess.org/b62XfuIM/black#34,Russian_Game Russian_Game_Stafford_Gambit
07ivm,5rk1/6p1/4pqn1/p3r2p/3R3P/P3NP2/1P2RQP1/7K w - - 1 42,e3c4 e5e2 f2e2 f6d4,1377,75,94,1489,crushing discoveredAttack middlegame short,https://lichess.org/n8gqDSmp#83,
0JLFj,rnb1k2r/pp3pbp/1qp1pnp1/3p4/3P1B2/P1N1PN1P/1PP1BPP1/R2QK2R b KQkq - 0 8,b6b2 c3a4 b2a1 d1a1,1351,76,89,2949,advantage middlegame short trappedPiece,https://lichess.org/gaPZA8ek/black#16,Queens_Pawn_Game Queens_Pawn_Game_Other_variations
0G5hU,2kr4/1pp2ppp/5nb1/p3b3/1q4P1/2N4P/PPPBBP2/1KQ1R3 w - - 0 19,f2f4 d8d2 f4e5 d2c2 c1c2 g6c2,2047,76,93,8293,advantage long middlegame queensideAttack,https://lichess.org/gOqiCYjN#37,Scandinavian_Defense Scandinavian_Defense_Bronstein_Variation
0LX1s,r4rk1/2b2pp1/p1nq1n1p/3p1P2/2p5/B1P2PP1/P1B4P/RN1Q1R1K b - - 3 20,d6e5 f1e1 e5e1 d1e1,1878,75,85,215,advantage middlegame short trappedPiece,https://lichess.org/xPQZpNDl/black#40,
0J6od,r1bq3r/ppk1bQ2/3pBp1p/2p5/4P3/8/PPPB1PPP/R3K2R w KQ - 3 15,e1c1 h8f8 f7g6 c8e6,1548,74,96,27341,advantage middlegame short,https://lichess.org/E0W9T3Nq#29,Italian_Game Italian_Game_Anti-Fried_Liver_Defense
09zOx,8/8/3K4/1k1pR2r/p1pP4/2P5/8/8 b - - 1 62,h5e5 d4e5 a4a3 e5e6 b5a4 e6e7 a3a2 e7e8q,1164,78,96,12499,advancedPawn crushing endgame promotion veryLong,https://lichess.org/15KwsEzf/black#124,
08xty,2rr2k1/1pb2pp1/1q3n1p/pB3P1P/Q2R1P2/P7/1KP3P1/1N1R4 b - - 4 28,c7f4 d4d8 c8d8 d1d8 b6d8 a4f4,871,95,96,775,advantage kingsideAttack long middlegame,https://lichess.org/GDzAV6su/black#56,
0PDsD,rn2k2r/ppp2ppp/4b3/2b5/2Pqn3/1PN5/P2PQPPP/R1B1KBNR w KQkq - 5 8,e2e4 d4f2 e1d1 f2f1,1252,78,73,343,advantage attackingF2F7 deflection opening short,https://lichess.org/YrBOM1aL#15,Scandinavian_Defense Scandinavian_Defense_Icelandic-Palme_Gambit
0HnUc,r3k2r/1b1qbp1p/pp1p3n/6p1/2NP1p2/1PPN4/1P4PP/R1BQ1RK1 w kq - 0 16,c4b6 d7c6 f1f2 c6b6,1371,75,97,15196,advantage middlegame short,https://lichess.org/OJxzcI3b#31,Kings_Gambit Kings_Gambit_Other_variations
09BEu,r1b2rk1/pp1n2pp/2pbNp2/6B1/3Pp2N/8/PqPQ1PPP/R4RK1 b - - 1 14,f6g5 d2g5 g8f7 g5g7,2262,77,90,816,advantage kingsideAttack middlegame short,https://lichess.org/bhxO8nM3/black#28,French_Defense French_Defense_Knight_Variation
0B6Hy,q1k3r1/pbbn4/1p2p2p/2p4Q/1PPp1p1N/P2n3B/5P2/1RB1RK2 w - - 0 34,h3e6 b7g2 f1g1 g2f3 e6g8 f3h5,1779,75,94,1796,advantage discoveredAttack long master middlegame,https://lichess.org/68xqPs9I#67,
0DqeN,2r3b1/1p1nk2p/6pP/N2Pp3/4P2P/8/PP3rB1/1K1R3R w - - 1 25,g2h3 c8c2 a2a3 c2b2,1261,75,91,1106,advantage master middlegame queensideAttack short,https://lichess.org/oE6voKlx#49,
093e9,r6k/7p/2p1q1pQ/1p2p3/1P1pP1P1/3P4/p1P5/K4R2 b - - 0 39,e6g4 f1f8 a8f8 h6f8,699,82,98,1751,endgame mate mateIn2 short,https://lichess.org/dztstF6h/black#78,
0FuUq,r3r1k1/pq3ppp/2p5/2pn4/3pN3/3P1Q2/PPP2PPP/R3R1K1 w - - 6 19,e4c5 e8e1 a1e1 b7b4 e1e2 b4c5,1993,75,95,9907,advantage fork long middlegame,https://lichess.org/UtgY1IDC#37,Sicilian_Defense Sicilian_Defense_Modern_Variations
052Ai,5r2/p5p1/2Rpk2p/3n4/1P1PN3/1b5P/3B1P1K/8 b - - 2 36,f8d8 e4c5 e6f5 c5b3,1247,75,93,3433,crushing endgame pin short,https://lichess.org/3PMB0BJQ/black#72,
0Eivw,r5k1/2p2Npp/pn6/Bp2p3/4q1PQ/P7/1PP4P/2K2B1R w - - 1 28,f1d3 e4h1 a5e1 g8f7,1965,74,92,3224,advantage hangingPiece middlegame short,https://lichess.org/gsjwtqQ1#55,
027TT,4r1k1/bb2rpp1/p2Pq2p/1p6/3P4/1P4P1/P1NQRP1P/4R1K1 b - - 0 24,e6e2 e1e2 e7e2 d6d7 e2d2 d7e8q,2006,77,92,5730,advancedPawn advantage long middlegame promotion,https://lichess.org/Ml95zlD3/black#48,
0HkmE,4r1k1/5pp1/p2rp2p/q4P2/3pRBPb/2pP1P2/2P1Q1KP/7R b - - 2 29,d6b6 f4c7 a5c5 c7b6,1674,76,94,15546,advantage master middlegame short,https://lichess.org/aTFWh07B/black#58,
0B74s,rn1qk2r/pp1nppbp/6p1/4P3/2BP2b1/2N2N2/PP4PP/R1BQK2R b KQkq - 2 10,d7b6 c4f7 e8f7 f3g5,1688,76,89,2884,attackingF2F7 attraction crushing opening sacrifice short,https://lichess.org/ZXBFXDCm/black#20,Sicilian_Defense Sicilian_Defense_Alapin_Variation
0M9nl,b3r3/R6p/5ppk/N7/1nN2P1P/1P1P2P1/P2R1K1r/8 w - - 1 35,f2g1 e8e1 g1h2 e1h1,2084,75,94,9584,mate mateIn2 middlegame sacrifice short,https://lichess.org/HrghLwm0#69,
0U1ae,1r3r1k/p7/4pNp1/4Pn2/1q1P4/1P4P1/PB2B1K1/R4R2 b - - 1 32,b4d2 f1h1 f5h6 h1h6 d2h6 a1h1 h6h1 g2h1,1428,75,96,9465,advantage clearance exposedKing middlegame pin sacrifice veryLong,https://lichess.org/Lh01SlEv/black#64,
07dIH,r6k/4n2p/2p2p2/pp1p1p2/2n5/1qNRP1P1/4NPBP/K1B4R b - - 1 24,b5b4 e2d4 b3c3 d3c3,1621,75,78,126,advantage middlegame short trappedPiece,https://lichess.org/3PCmHq0C/black#48,
0Z48E,5Q2/6pk/5p1p/3Rnn2/8/7P/2r2N2/7K w - - 1 39,f2g4 f5g3 h1g1 e5f3,1238,74,95,24706,endgame mate mateIn2 short,https://lichess.org/NiXWdgtc#77,
01A5W,4r1k1/pp3p2/3p1Ppq/5P2/4r3/6RP/PP3Q2/6RK b - - 2 39,e4e2 g3g6 f7g6 f6f7 g8f7 f5g6 f7e7 f2e2,2341,76,92,3526,advancedPawn attraction crushing doubleCheck endgame interference intermezzo sacrifice veryLong,https://lichess.org/oykaypz8/black#78,
0JCQA,r4r1k/1b1R3p/p3pp2/1p2b1p1/5N2/1P4QP/P4PP1/6K1 b - - 1 26,e5f4 g3d3 b7e4 d3e4,1697,73,95,12184,crushing endgame short,https://lichess.org/mfkKzpea/black#52,
0Ss2S,4r3/8/2p3kp/q1P1Bp2/rp1PpPpP/1Q4P1/PR6/6K1 b - - 1 35,a4a3 h4h5 g6h7 b3f7,1293,76,95,23321,endgame mate mateIn2 short,https://lichess.org/vGCPQ6WC/black#70,
0S49r,4r1k1/p1qb1pp1/1p5p/3pP3/3P2nB/2rB2R1/P5PP/3QR1K1 w - - 0 23,g3g4 d7g4 d1g4 c3d3 h4f6 g7g6,1594,74,92,2491,advantage defensiveMove long middlegame,https://lichess.org/AATCiSgA#45,
0LYrl,8/8/1R6/p2P2p1/3Bk3/2Pn4/r4PK1/8 w - - 1 52,b6g6 d3f4 g2h2 f4g6,1284,75,95,10008,crushing endgame fork short,https://lichess.org/SXrLrHXT#103,
0Lt2U,8/6bk/p2p4/1p1N2pp/1P2P3/3B3K/6Q1/4q3 w - - 0 39,g2g5 e1h1 h3g3 h1g1 g3f3 g1g5,1678,74,92,1788,crushing endgame exposedKing long skewer,https://lichess.org/Rkj5TKwM#77,
099OA,4r1k1/p4ppp/8/3P4/P4q2/2BQr2P/1PP3P1/3R2K1 w - - 1 23,d3d4 e3e1 c3e1 e8e1 d1e1 f4d4,1541,74,94,2353,advantage deflection endgame long sacrifice,https://lichess.org/GvIuDDnl#45,
0RpF5,3k1bnr/pp2pppp/8/8/1qN5/3rBQ2/PP3PPP/2R3K1 b - - 3 15,g8f6 e3b6 a7b6 f3d3,1738,75,93,1964,crushing discoveredAttack middlegame short,https://lichess.org/17KbPqSv/black#30,Scandinavian_Defense Scandinavian_Defense_Mieses-Kotroc_Variation
00JYV,r2q1rk1/p1p1bppp/2pp1nb1/4p3/4P1PN/2NP3P/PPP2PK1/R1BQ1R2 b - - 4 11,f6e4 h4g6 e4c3 g6e7 d8e7 b2c3,1644,73,95,14692,advantage kingsideAttack long opening,https://lichess.org/rJrzfvfs/black#22,Ruy_Lopez Ruy_Lopez_Steinitz_Defense
0XpCB,4r1k1/BR3pp1/2p2n1p/8/8/P1P2P2/2PQ1K1P/7r w - - 3 24,b7b8 h1h2 f2g3 h2d2 b8e8 f6e8,1268,75,92,7424,crushing endgame long skewer,https://lichess.org/4ltoTniq#47,
0Tdn6,r3kb1r/pp1npppp/2p2n2/q4b2/3P4/2N2N2/PPPBQPPP/R3KB1R w KQkq - 2 8,c3b5 a5b5 e2b5 c6b5,1228,75,93,775,advantage opening short,https://lichess.org/WhKRF7lQ#15,Scandinavian_Defense Scandinavian_Defense_Main_Line
09vTU,3q1r1k/5r1p/pp2pnp1/2p1p3/3PP3/2P1Q1N1/PP3PP1/R4RK1 w - - 1 21,d4c5 f6g4 e3e2 d8h4 e2g4 h4g4,1474,75,93,3044,clearance crushing long middlegame,https://lichess.org/fq882XNe#41,
0B2dw,8/R6R/1p6/4k3/1q6/6PK/3p3P/8 w - - 0 36,h7e7 b4e7 a7e7 e5d6 e7f7 d2d1q,1779,75,91,1603,advancedPawn crushing endgame long promotion queenRookEndgame sacrifice,https://lichess.org/AWP98lmb#71,
07xxw,8/3k1p1p/r2P2p1/pp6/2p5/2P1KP2/P1P3PP/3R4 w - - 3 26,e3d4 a6d6 d4c5 d6d1,636,98,70,492,crushing endgame rookEndgame short skewer,https://lichess.org/9wh2cPeu#51,
0ZXXd,r1bR2k1/ppp1rpq1/2n5/4p1Q1/8/2P3PP/PP3P2/4R1K1 b - - 5 21,g8h7 g5h5 g7h6 d8h8 h7h8 h5h6,1304,75,95,10912,advantage attraction deflection exposedKing long middlegame,https://lichess.org/wuGFJEjH/black#42,
0Spo2,1r3rk1/1Q1b1ppp/3p3n/p1pN4/4P3/2P1q3/PP2B1PP/R3KR2 b Q - 2 18,e3e4 d5f6 g7f6 b7e4,1688,76,94,4682,advantage discoveredAttack middlegame short,https://lichess.org/oSmUDO2K/black#36,Scotch_Game Scotch_Game_Classical_Variation
0IHWQ,2kr3r/ppq2pp1/2pbpnp1/2nP2B1/2P5/P4NN1/1P3PPP/R2QR1K1 w - - 1 18,d5c6 d6g3 h2g3 d8d1,1461,75,91,2254,advantage discoveredAttack middlegame short,https://lichess.org/rHUGAHhl#35,Caro-Kann_Defense Caro-Kann_Defense_Classical_Variation
0Z4H6,2r2k2/1R2pp1p/p2p2p1/Bb1P4/3bP3/6P1/P4PBP/6K1 w - - 1 26,g2f1 c8c1 b7b8 f8g7 b8b5 a6b5,1571,74,94,8708,crushing defensiveMove endgame long pin,https://lichess.org/fPQmLdzx#51,
0Tdtw,1k1rr3/pp3pp1/2pb4/7p/2P1qP2/4B2P/P3QKP1/R2R4 b - - 2 23,d6f4 d1d8 e8d8 e3a7 b8a7 e2e4,1835,74,95,4844,advantage discoveredAttack long middlegame queensideAttack,https://lichess.org/SPfURIbY/black#46,
025Kj,rn1q1rk1/4bp2/b2p1n1B/p7/Ppp1P3/1B3Q2/1PP2PPP/1NKR3R b - - 0 16,c4b3 f3g3 f6g4 g3g4,937,86,91,1260,advantage middlegame short,https://lichess.org/xVHZOizx/black#32,Philidor_Defense Philidor_Defense_Other_variations
0JXDZ,5rk1/6pn/ppp3R1/3p4/5P2/6Q1/PP4PK/5q2 b - - 1 31,f1f4 g6g7 g8h8 g7g8 f8g8 g3f4,1478,75,91,16985,advantage deflection endgame long,https://lichess.org/Ff3SKOo0/black#62,
0KUTr,1R6/5ppk/2PQ1n2/3b3p/3P3K/7P/4r3/8 w - - 2 40,c6c7 g7g5 h4g5 f6e4 g5h5 e4d6,1961,74,94,7585,advantage attraction endgame fork long,https://lichess.org/uOEr4F9c#79,
092BS,r5k1/ppp2p1p/2nb1qpB/4r3/4Q3/2PB3P/PP3PP1/4RRK1 w - - 0 16,e4f4 f6f4 h6f4 e5e1 f1e1 d6f4,1534,76,91,1633,advantage discoveredAttack long middlegame,https://lichess.org/rs4UP5wW#31,Queens_Pawn_Game Queens_Pawn_Game_Chigorin_Variation
0BGOA,8/1b5p/p3pkp1/6N1/1q1pP3/2b2N1P/Q4PP1/6K1 b - - 5 31,b4d6 e4e5 f6e7 e5d6,1257,78,93,12597,crushing endgame fork short,https://lichess.org/3faspGbW/black#62,
0EsaE,4r1k1/1pp2ppp/8/4P3/5q2/5B2/PP3Q2/3R2K1 w - - 0 31,f3b7 f4g4 g1f1 g4d1,1197,78,94,6551,crushing endgame fork short,https://lichess.org/VW0tvoqL#61,
0VHtR,r2qkb1r/1p1b1p1p/p2p1p2/4n3/4PN2/1B4P1/PPPB3P/R2QK2R w KQkq - 0 16,d1h5 d7g4 b3f7 e8e7 h5g4 e5g4,1844,74,87,501,advantage defensiveMove long middlegame,https://lichess.org/kX4FUjxI#31,Sicilian_Defense Sicilian_Defense_Other_variations
01mqD,4B1k1/2p2p1p/1p1p1P1K/p2P2P1/2P5/1P6/8/2n5 b - - 4 39,c1b3 e8f7 g8f7 h6h7 b3d2 g5g6 f7f6 g6g7,1466,74,100,600,advancedPawn advantage deflection endgame sacrifice veryLong,https://lichess.org/lMtjXYiD/black#78,
0IrKG,r2q1rk1/1pbn1pp1/2p1pn1p/4N3/2NP1P2/3QP3/PB4PP/R4RK1 b - - 2 17,d7c5 d4c5 d8d3 e5d3,1410,75,95,10867,advantage hangingPiece middlegame short,https://lichess.org/hXyyXrkW/black#34,Queens_Pawn_Game Queens_Pawn_Game_Other_variations
04NEC,1k5r/1pp4p/p7/3r4/3n2Q1/1P6/P4PP1/2R2RK1 w - - 0 26,g4g7 d4e2 g1h1 d5h5,1481,72,95,26337,endgame fork mate mateIn2 short,https://lichess.org/glBJxTEP#51,
0RRr7,4rrk1/bb1q1p2/p4pNp/7Q/2Bn4/3P4/PPP2PPP/R4RK1 w - - 0 19,h5h6 d4e2 g1h1 b7g2 h1g2 d7g4 g2h1 g4f3,1862,77,95,15024,attraction kingsideAttack mate mateIn4 middlegame sacrifice veryLong,https://lichess.org/CaKqBJS3#37,Scandinavian_Defense Scandinavian_Defense_Kloosterboer_Gambit
0LyCR,r1b2rk1/pp2bppp/4p3/3pn3/1P1q4/P5P1/3N1PBP/1RBQ1RK1 b - - 0 14,c8d7 c1b2 d4d3 b2e5,1307,75,91,2079,advantage middlegame short skewer,https://lichess.org/By9F1AJY/black#28,French_Defense French_Defense_Advance_Variation
07coZ,2kr3r/2p2pp1/R2bpn2/1p3q1p/2Pn4/5B2/3N1PPP/2BQ1RK1 b - - 0 16,b5c4 d1a4 f5b5 a4b5 d4b5 f3c6,2251,76,93,6113,advantage long middlegame,https://lichess.org/gNXF4YQl/black#32,Nimzowitsch_Defense Nimzowitsch_Defense_Scandinavian_Variation
09InS,rnbqkb1r/1p1p1pp1/7p/1B1pP3/p2P4/5N2/PP3PPP/R1BQK2R w KQkq - 0 10,b5a4 d8a5 c1d2 a5a4,1087,86,92,922,advantage opening short,https://lichess.org/qpVgzOdr#19,Sicilian_Defense Sicilian_Defense_Bucker_Variation
0TtAR,r2q1rk1/pp1nbppp/2p1p3/3nP2b/3P4/2NB1N1P/PP1B1PP1/R2QR1K1 w - - 3 14,d3h7 g8h7 f3g5 e7g5 d1h5 g5h6,1598,75,84,196,advantage hangingPiece long opening,https://lichess.org/paIOfwAM#27,Slav_Defense Slav_Defense_Modern_Line
07a30,5rk1/p5b1/bq4pB/8/4Q2R/2P5/PP3PPP/5RK1 w - - 15 27,f1d1 b6f2 g1h1 f2f1 d1f1 f8f1,920,81,96,3410,backRankMate long mate mateIn3 middlegame sacrifice,https://lichess.org/ZKgTogdF#53,
0KpxW,r5k1/2p2p2/2P4p/p2bb1p1/4p3/P3B3/1P2BPP1/2R3K1 b - - 1 24,f7f5 c1c5 a8d8 c5d5 d8d5 e2c4,1929,74,95,7992,advantage endgame long pin sacrifice,https://lichess.org/6HCqnfJb/black#48,
0G7i0,r3N1k1/1p1q1ppp/8/2pPQ3/1nP5/p5P1/PKP4P/4R3 w - - 0 29,b2b3 d7a4 b3c3 a4c2,1230,75,93,12740,endgame mate mateIn2 short,https://lichess.org/pj6wySlJ#57,
0IhIG,2kr2nr/pp2bQpp/2pp4/8/4PB2/5N2/PPP4P/3K4 b - - 0 18,g8f6 f7e7 d8d7 e7e6,1598,79,87,245,advantage hangingPiece middlegame short,https://lichess.org/VSexHPth/black#36,Kings_Gambit_Accepted Kings_Gambit_Accepted_Polerio_Gambit
0HHqY,r2q1rk1/ppp1bppp/5n2/3pP1B1/3P2b1/2NQ4/PPP3PP/R3KB1R b KQ - 2 11,f6e4 g5e7 d8e7 c3d5 e7h4 g2g3,1905,74,88,1135,advantage long opening,https://lichess.org/7N1AFbxA/black#22,French_Defense French_Defense_Exchange_Variation
0AJeU,r2B2r1/ppp2pk1/3p1N1p/2b1p3/2B1P3/3P1n1P/PPP2P1K/R2b1R2 w - - 2 19,h2h1 g8d8 f6h5 g7g6,2406,90,91,1064,advantage hangingPiece middlegame short,https://lichess.org/bWlYrbY9#37,Italian_Game Italian_Game_Giuoco_Pianissimo
041Ts,8/p7/2p2ppk/1q6/2nP2P1/2pR4/PP2Q3/1K6 w - - 1 34,d3h3 h6g5 b1c2 c4a3 b2a3 b5e2,2507,76,92,5933,crushing defensiveMove discoveredAttack endgame long pin,https://lichess.org/oqCrd5vb#67,
05KB9,r3k2r/p2qbp2/1ppp3p/5Rp1/2P1Nn2/6PP/PP1Q2PN/5RK1 w kq - 3 22,g3f4 d7f5 e4d6 e7d6,819,81,86,175,advantage hangingPiece middlegame short,https://lichess.org/AUpraw22#43,
0E0rc,5rk1/p5bp/2p1p1n1/p2pPpPQ/1q1P1B2/1N6/2P2P2/3K3R b - - 3 27,g6f4 h5h7 g8f7 g5g6 f7e8 h7g7,1158,78,92,175,advantage deflection kingsideAttack long middlegame,https://lichess.org/Qj0M8Ixo/black#54,
0ZFrU,3r2k1/4b1p1/p2pn2p/2p2q2/PpP5/1P1P1N1P/R3Q1PB/7K b - - 6 29,e7f6 g2g4 f5g6 e2e6,1561,74,95,6813,advantage kingsideAttack middlegame short,https://lichess.org/V6V8HZMX/black#58,
0N6FJ,1k4n1/p3q1r1/3r3p/pR2P1p1/4Qp2/P6P/1PP3P1/2K5 b - - 1 30,b8c8 e4a8 c8d7 b5b7 d7e6 b7e7,1527,76,95,24376,advantage endgame exposedKing long queensideAttack skewer,https://lichess.org/LrefYmLk/black#60,
0EXga,3r1r2/pbp2pkp/2p2p2/8/1b2P1N1/2N5/PPP2PPP/R3R1K1 w - - 2 15,e1e3 h7h5 e3g3 h5g4,1879,74,91,601,advantage middlegame short trappedPiece,https://lichess.org/MCEPzj8h#29,Ruy_Lopez Ruy_Lopez_Steinitz_Defense
05qKE,r3k2r/ppqn1ppp/2pbpnb1/3p4/3P1B2/2NBPPQ1/PPP1N1PP/R4RK1 b kq - 9 10,f6h5 f4d6 h5g3 d6c7,1189,77,93,802,advantage master middlegame short,https://lichess.org/Ox96OqxY/black#20,Queens_Pawn_Game Queens_Pawn_Game_Accelerated_London_System
0UBEE,r3r1k1/pp3p1p/5Qp1/8/1q1n4/1P6/P1PNBPPP/3RK2R w K - 1 19,a2a3 e8e2 e1f1 e2d2 d1d2 b4d2,1918,75,92,1081,crushing deflection long middlegame,https://lichess.org/sLNOKvyv#37,
05ROq,2rr2k1/5p2/pp2q1pp/2p5/P1pP4/2PQP1P1/R4PKP/1R6 w - - 0 26,d3e2 e6e4 f2f3 e4b1,1101,77,95,7917,crushing endgame fork master short,https://lichess.org/DtFP3Vi1#51,
0Bnpn,6k1/1b3ppp/1q3n2/1p2p3/2p1P3/2Pr2P1/2QN1PBP/1R4K1 b - - 1 25,b7c6 d2c4 b6c5 c2d3,1207,76,74,334,advantage capturingDefender middlegame short,https://lichess.org/CpRNZTbi/black#50,
024CA,r5k1/p3prb1/4Bnp1/3p3P/q1nP1B2/1p2PPN1/PRp4R/K3Q3 w - - 1 26,h5g6 c4b2 g6f7 g8f8 a1b2 a4a2,1356,74,98,3646,advantage long middlegame sacrifice,https://lichess.org/UryGwXqy#51,
019PB,5rk1/5p1p/1qp2p2/p2pb2Q/Pr6/1P5P/4R1P1/4RN1K b - - 2 32,b4b3 e2e5 f6e5 h5g5 g8h8 g5f6,2240,78,91,4429,advantage long middlegame sacrifice,https://lichess.org/HlEcGBSh/black#64,
0RoBp,B5k1/p4ppp/4p3/1pq5/6Q1/1P4P1/2Pr1P1P/b3R1K1 w - - 0 22,e1a1 c5f2 g1h1 f2h2,1424,75,97,10468,endgame mate mateIn2 short,https://lichess.org/9fKowVFN#43,
0VgYu,rn1q1r2/ppp1bppk/3p4/3n2Nb/3P4/7P/PPP2PP1/RNBQ1RK1 b - - 1 10,h7g6 d1d3 f7f5 g5e6,1423,77,95,29933,advantage opening short,https://lichess.org/RiG5qpAv/black#20,Alekhine_Defense Alekhine_Defense_Modern_Variation
0Ug7d,r5rb/3n1p1k/3p3p/p1pPp2p/PpP1PP1q/1P1QBN1P/6P1/4RRK1 b - - 2 24,h4h3 f3g5 h6g5 g2h3,1722,77,96,18534,advantage middlegame short,https://lichess.org/mhYAVpZu/black#48,
07djI,r2q1rk1/pp4p1/1bp4p/3pPPn1/3P4/3Q1NBP/PP3P2/R3R1K1 w - - 5 25,g3h4 g5f3 d3f3 d8h4,1100,77,97,2927,crushing discoveredAttack kingsideAttack middlegame short,https://lichess.org/lDkra2Re#49,
0CFOP,4r1k1/pp3ppp/5n2/3pP3/4r3/P1PQP1Pq/4NR1P/5RK1 b - - 0 20,f6g4 d3d5 g4f2 f1f2 h3e6 d5e4,2162,75,90,643,advantage capturingDefender long middlegame,https://lichess.org/mfiveDF9/black#40,
0YBFh,r4rk1/2pbqppp/p1np1n2/1p6/3NP3/1B6/PPP2PPP/R1BQ1RK1 w - - 0 12,f2f3 c6d4 d1d4 c7c5 d4f2 c5c4 b3c4 b5c4,1357,77,93,4372,advantage middlegame trappedPiece veryLong,https://lichess.org/PMHXQSph#23,Ruy_Lopez Ruy_Lopez_Berlin_Defense
04Qe0,8/pp3k2/1npQ4/3pP3/8/2P1b3/PP2b2q/1K1R1B2 b - - 0 26,e2d1 e5e6 f7f6 d6h2,1823,73,93,14307,crushing discoveredAttack endgame short,https://lichess.org/X3wrCQ3c/black#52,
0BL0C,2r4r/pp3kp1/4p2p/q2pPn2/3N4/2PQ4/PP3P1P/R3K1R1 b Q - 0 20,f5d4 d3g6 f7e7 g6g7 e7d8 g7h8,1128,79,95,9340,crushing deflection interference long middlegame,https://lichess.org/NfyG0kpj/black#40,
0Flnz,5r1k/p4qpp/7r/4R3/4Q3/P5P1/1P3P1P/4R1K1 w - - 3 36,e5e7 f7f2 g1h1 f2h2,1185,75,95,9780,endgame mate mateIn2 short,https://lichess.org/APzEhifv#71,
02qUN,7r/ppp1k1p1/7p/4N3/8/2P5/P1P2PbP/2KR4 b - - 0 18,g2h3 e5g6 e7f6 g6h8,1165,75,98,2876,crushing endgame fork short,https://lichess.org/Qz9tJff1/black#36,Scotch_Game Scotch_Game_Other_variations
0CAZh,3r3k/4b1p1/5p1p/3Bp3/1p6/2p3P1/1B3P1P/3RK3 w - - 0 31,b2a1 c3c2 d1c1 d8d5,1131,75,97,14479,advancedPawn crushing endgame short,https://lichess.org/3xKkt5Nw#61,
07yTN,rn1q1rk1/pp6/3pPbn1/2p2ppR/2P5/2NB1P2/PP4P1/R1BQK3 w Q - 2 16,d3f5 f6c3 b2c3 f8f5,1290,75,88,4553,advantage discoveredAttack master middlegame short,https://lichess.org/lOiCawjA#31,English_Opening English_Opening_Great_Snake_Variation
0CQ91,8/4Rp1p/p4p2/5P1P/2P3P1/1P2p3/P1k1K3/6r1 w - - 4 42,e2e3 g1e1 e3d4 e1e7,990,76,98,397,advantage endgame rookEndgame short skewer,https://lichess.org/rvOxhu7D#83,
0KkNI,2r1r1k1/pp1b3p/4p2p/5p2/8/1BP3qP/PKQ3P1/R2R4 b - - 11 23,e8e7 d1d7 e7d7 b3e6,1387,75,88,1497,advantage capturingDefender deflection kingsideAttack middlegame short,https://lichess.org/GBMEPxdx/black#46,
0DmIm,R7/2k4P/8/2p5/2K5/3p3r/8/8 b - - 1 63,h3h7 a8a7 c7d6 a7h7,907,92,95,506,crushing endgame rookEndgame short skewer,https://lichess.org/VFf6RY6f/black#126,
07rvf,3q1k2/2n2pbp/2Pp2p1/3P4/2Q1P3/2N1BP2/1r4PP/R5K1 w - - 0 28,e3d4 g7d4 c4d4 d8g5 d4f2 b2f2,2261,88,88,394,advantage kingsideAttack long middlegame,https://lichess.org/hNtPERqw#55,
0Flma,r4r1k/6p1/3p3p/p2Q1n2/1p1B4/5N2/PP2qPPP/4R1K1 b - - 5 26,e2d3 d4g7 f5g7 d5d3,1154,75,100,151,crushing discoveredAttack master middlegame short,https://lichess.org/ORCLXcfE/black#52,
09xDe,rnbqk2r/ppp2ppp/3b1n2/3pp2N/8/3PP3/PPP2PPP/RNBQKB1R b KQkq - 0 5,c8g4 h5f6 d8f6 d1g4,1204,75,76,223,advantage opening short,https://lichess.org/jOq7DHQW/black#10,Vant_Kruijs_Opening Vant_Kruijs_Opening_Other_variations
0BMlM,r2q1rk1/4bppp/p2p1n2/1pp1p1B1/4P2P/P2P1P2/NPPQ1P2/2K3RR b - - 0 15,f6h5 g5e7 d8e7 d2h6 f7f5 h6h5,2006,76,94,6471,advantage clearance long middlegame pin,https://lichess.org/QmwXK6ze/black#30,Philidor_Defense Philidor_Defense_Other_variations
02KdL,r5k1/p1p1rp1p/1p3np1/8/1QBq4/P1N3PP/1P3P2/5K1R b - - 2 23,a8e8 c4f7 e7f7 b4d4,1005,76,100,231,advantage discoveredAttack kingsideAttack middlegame short,https://lichess.org/TqQWZ3ix/black#46,
0CHhJ,5rk1/p4qp1/1pp3rp/3p3R/2nPpP2/PN2P1P1/1P3PK1/3Q3R w - - 2 30,d1c2 g6g3 g2g3 f7g6 h5g5 h6g5,1580,74,89,302,attraction crushing long middlegame sacrifice,https://lichess.org/R5igBijo#59,
01K12,5r2/1bN1N1k1/5rp1/4p2p/2PbP3/pP5P/P3R1P1/3R3K w - - 0 34,e7d5 f6f1 d1f1 f8f1 h1h2 d4g1,1366,75,93,1256,advantage kingsideAttack long middlegame,https://lichess.org/nnSgOzEw#67,
0D6hc,r3kb1r/pp1bqppp/2n2n2/8/2BN4/1QP5/PP3PPP/RNB1K2R w KQkq - 5 10,c1e3 c6a5 c4f7 e7f7 b3f7 e8f7,1824,75,89,491,advantage long master masterVsMaster opening,https://lichess.org/YwsACCn7#19,Sicilian_Defense Sicilian_Defense_Alapin_Variation
0LsB9,r1bq1rk1/pp3ppp/2p2n2/4b3/2B5/1PN1P3/PB3PPP/R2Q1RK1 b - - 1 12,e5h2 g1h2 f6g4 h2g1,1510,77,94,13867,advantage defensiveMove hangingPiece opening short,https://lichess.org/SgrMuOqL/black#24,Semi-Slav_Defense Semi-Slav_Defense_Main_Line
0Qvv9,r6r/1p5p/pk1p1q2/3P1b2/1R4Q1/3P3P/PP4P1/2R3K1 b - - 1 22,b6a7 b4b7 a7b7 g4b4 b7a7 c1c7,1722,77,96,19819,attraction long mate mateIn3 middlegame sacrifice,https://lichess.org/S01wYv5d/black#44,
0JydZ,r3kb1r/pb1n1ppp/1qB1pn2/4N3/3P4/4P3/1P3PPP/RNBQK2R w KQkq - 2 11,d1a4 b7c6 a4c6 b6c6 e5c6 a8c8 b1c3 c8c6,2170,77,88,124,advantage middlegame veryLong,https://lichess.org/tCn3weSz#21,Queens_Gambit_Accepted Queens_Gambit_Accepted_Old_Variation
096ps,3Rr1k1/1p3p1p/pQ4p1/8/P1P2N1P/5bP1/5P2/q5K1 w - - 5 33,g1h2 a1h1,795,76,99,1276,endgame master mate mateIn1 oneMove,https://lichess.org/fHBbsJh9#65,
0IYFN,rn5r/pp1k4/2ppRn1q/5P2/3P4/6QB/PPPK3N/7R w - - 9 23,d2d3 h6h3 g3h3 h8h3,1170,75,92,1448,advantage middlegame short,https://lichess.org/yFhBxdqq#45,
0H1rW,5r1k/p5pp/1pp1Q3/8/2P5/2q2PK1/P6P/R3R3 w - - 3 29,e6e5 c3f3 g3h4 f8f4 e5f4 f3f4,1300,74,93,10040,crushing endgame long,https://lichess.org/bI4fhhAy#57,
0HAU5,rn1qkb1r/pp3ppp/2p5/1B1PP3/4b3/8/PPP2PPP/R1BQK1NR w KQkq - 0 8,d5c6 d8a5 c2c3 a5b5,1886,79,96,17880,advantage fork opening short,https://lichess.org/3TcCgzk7#15,Scandinavian_Defense Scandinavian_Defense_Other_variations
05bAc,1r4k1/p2n1pp1/1q1bpnP1/3pN3/3P1BP1/2r2P2/QP1N4/K2R3R b - - 1 25,c3a3 g6f7 g8f8 e5d7 f6d7 f4d6,2422,91,89,622,advancedPawn crushing discoveredAttack kingsideAttack long middlegame,https://lichess.org/E6ZLHAKb/black#50,
01mMm,4rbk1/3n3p/3p2p1/3Pp3/2p1P1P1/PqN1BP2/7Q/4K2R b K - 2 26,b3c3 e3d2 c3a1 e1e2 a1h1 h2h1,1067,76,79,117,advantage defensiveMove long middlegame,https://lichess.org/rt78hbig/black#52,
0Xxnx,r5k1/1b2b1r1/pp2pn2/1P4N1/2p5/P6Q/5PPP/4R1K1 b - - 0 27,g7g5 h3e6 g8h8 e6e7 g5g2 g1f1,1249,78,95,20195,advantage fork long middlegame,https://lichess.org/5prISQSM/black#54,
0OU68,5rk1/1p1r2p1/p2p3p/2p2pB1/2PbP3/3P1P2/PPK3PP/1R2R3 w - - 0 18,g5h4 g7g5 h4g3 f5f4 e1h1 f4g3,1368,74,94,12511,advantage endgame long trappedPiece,https://lichess.org/08OOuEEi#35,Sicilian_Defense Sicilian_Defense_Staunton-Cochrane_Variation
0ZWCv,2rr4/3nkp2/1p2p1p1/pP4Np/1b1P1B2/1P5P/4KP2/2R3R1 b - - 2 26,b4d6 f4d6 e7d6 g5f7 d6e7 f7d8,1354,76,97,15941,attraction crushing fork long middlegame,https://lichess.org/coc0dypn/black#52,
0ackv,8/5r1k/1bp1pq2/2Np2p1/1P1P4/4P1QP/R6K/8 w - - 0 37,a2g2 b6c7 g3c7 f7c7,1532,75,98,8081,crushing endgame master pin short,https://lichess.org/vEr8yhRm#73,
0Q40R,rnb1kb1r/ppp2pp1/3p1q2/4p3/2B1P1p1/2NP1N2/PPP2PP1/R1BQ1RK1 w kq - 0 9,c1g5 f6g6 f3h4 g6g5,1836,74,88,1551,advantage opening short,https://lichess.org/sHKarNBD#17,Philidor_Defense Philidor_Defense_Other_variations
03R9f,3N4/1P2R3/2pp4/pr6/8/2n5/2P2k2/2K5 w - - 7 47,d8c6 c3a2 c1d2 b5d5 c6d4 d5d4,2061,75,94,11638,endgame long mate mateIn3,https://lichess.org/Mz1aPfO8#93,
0Vjfw,r4rk1/p2nbppp/2p1p3/2Pp4/P2Pb3/1q2PNP1/3Q1PBP/R1B1K2R b KQ - 4 22,e4d3 a1a3 b3c2 a3d3,1493,74,95,29078,advantage middlegame short,https://lichess.org/01xgtOBc/black#44,
0UAhI,3r4/1pp1k1p1/p4bB1/R7/5p2/8/PP4RP/7K w - - 0 37,a5c5 d8d1 g2g1 d1g1 h1g1 f6d4 g1f1 d4c5,1362,77,94,16604,advantage attraction endgame fork veryLong,https://lichess.org/RSHn6d03#73,
02Lda,2k1r3/pp3p1p/2p5/q1b1B3/3nP3/2N3QP/PP3PP1/5K1R w - - 4 20,f1g1 e8e5 g3e5 d4f3 g2f3 c5f2 g1f2 a5e5,2415,77,93,3678,advantage discoveredAttack kingsideAttack middlegame sacrifice veryLong,https://lichess.org/n1mQcQwR#39,
0DvcD,r4rk1/pp3ppp/2b1p3/2Q5/4pP2/2P3Pq/PP5P/RNB1K2R w KQ - 1 17,c1e3 h3g2 h1g1 g2b2 c5a3 b2a1,1712,73,96,17254,advantage long middlegame pin trappedPiece,https://lichess.org/7yEnaP3P#33,French_Defense French_Defense_La_Bourdonnais_Variation
02Rt2,r1b2r2/pp2p1qp/1k2p3/2n5/1P1N4/5B2/P1P3P1/1K1R2Q1 b - - 0 28,b6c7 d4b5 c7b8 g1c5,2120,76,91,1901,advantage discoveredAttack master middlegame short,https://lichess.org/ROr3oq86/black#56,
05soY,r3kb1r/pppbppp1/nq3n1p/1N2Q3/1PP5/8/P2P1PPP/R1B1KBNR b KQkq - 0 9,a6b4 b5c7 e8d8 c7a8 b6f2 e1f2,988,75,100,185,advantage fork long opening,https://lichess.org/srksbWy2/black#18,Scandinavian_Defense Scandinavian_Defense_Main_Line
0FhIh,8/p2r4/4p1kp/2p1Np2/6Pb/2Pr4/PP3RK1/5R2 b - - 1 30,g6g5 f2f5 e6f5 f1f5,1900,78,94,12612,endgame mate mateIn2 sacrifice short vukovicMate,https://lichess.org/DVUPuN2b/black#60,
0Vo9Q,r2q1rk1/ppp3pp/6n1/4Pp2/2P1Q2P/P1PB4/5PP1/2R1K2R w K f6 0 16,e5f6 f8e8 f6f7 g8f7 e1g1 e8e4,1240,75,93,4649,advantage long middlegame pin,https://lichess.org/s5aY0rE5#31,Queens_Gambit_Declined Queens_Gambit_Declined_Albin_Countergambit
0HbWk,r1bq1k1r/pppp1Bpp/2n5/2bQ4/3pn3/2P2N2/PP3PPP/RNB1K2R b KQ - 2 8,d4c3 d5e4 c3b2 c1b2,1728,76,87,114,advantage hangingPiece opening short,https://lichess.org/e1wO8sLM/black#16,Scotch_Game Scotch_Game_Scotch_Gambit
0D0b2,2r4r/p2qp1k1/1pn2pp1/1P6/4B3/3P2PP/1Q2P2K/1RR5 w - - 1 28,b5c6 d7h3 h2g1 h3g3,1767,74,95,16205,advantage deflection middlegame short,https://lichess.org/smcb4mKP#55,
0MZdu,3r1rk1/p4pb1/2p1p2p/1p2P3/3q1PQ1/1P1B2B1/P1P2P1K/6R1 b - - 6 26,g8h8 g4g7 h8g7 g3h4 g7h8 h4f6,2030,76,94,8333,discoveredAttack exposedKing kingsideAttack long mate mateIn3 middlegame sacrifice,https://lichess.org/zpkzHBco/black#52,
07rc6,3rr1k1/ppp2p2/2n3p1/5b1P/8/2Q1PP2/qPPN4/2KR2NR w - - 0 18,h5g6 a2a1 d2b1 d8d1 c1d1 a1b1,1310,76,81,416,advantage attraction long middlegame queensideAttack,https://lichess.org/h669f3vf#35,Indian_Defense Indian_Defense_Other_variations
00hAC,r1b2r2/p1p1qppk/1p1pp3/3Q4/8/2P2N2/P1P2PPP/R3R1K1 b - - 0 14,c7c6 d5h5 h7g8 f3g5 e7g5 h5g5,1376,76,96,2996,advantage long middlegame,https://lichess.org/RQz03F7U/black#28,Pirc_Defense Pirc_Defense_Roscher_Gambit
0TRds,r1bqk3/1pp2p2/p2pnbrp/4p1pQ/P1B1P1N1/2PP3P/1P3PP1/R1B2RK1 b q - 3 14,e6g7 c4f7 e8f7 g4h6 f7e7 h5g6,1860,75,95,12804,attackingF2F7 attraction crushing deflection long middlegame,https://lichess.org/1ccE53R0/black#28,Four_Knights_Game Four_Knights_Game_Italian_Variation
01B5q,r4rk1/1pp1np1p/p4Qp1/3P3P/P2Nq3/8/1B4R1/5B1K b - - 0 36,e7d5 f6g7 g8g7 d4f5 g7g8 f5h6,2153,74,94,8366,attraction doubleCheck long mate mateIn3 middlegame pin sacrifice,https://lichess.org/seEUcuvw/black#72,
09ew2,3r2k1/1Bp2ppp/4p3/4P3/1P1n1P2/P7/5PPP/2R3K1 w - - 1 20,g2g3 d4e2 g1g2 e2c1,852,77,100,137,advantage endgame fork short,https://lichess.org/QmCu8yKT#39,
09U6D,6rk/1p3p2/2b1p2p/3p1p1N/3P1Pq1/2P1PQ2/R5PP/7K w - - 6 37,h5f6 g4h4 h2h3 h4f6,2248,74,94,9273,advantage endgame short,https://lichess.org/8R8BLGqx#73,
0OBVl,8/2B2k2/2P1p1p1/p1r2p2/1b3P2/4P2P/4KP2/6R1 w - - 1 34,c7d6 c5c2 e2d3 c2d2,1365,75,94,20036,advantage endgame short,https://lichess.org/72QjGKoS#67,
0J2js,4rr2/pp3pk1/1q1p2p1/2p2P1p/6n1/1P1P2N1/P1P3PP/1RQ2R1K w - - 1 22,g3h5 g6h5 c1g5 g7h7 g5h5 g4h6,1784,77,95,16822,advantage hangingPiece long middlegame,https://lichess.org/RZHbYONM#43,
00E29,r1bq1rk1/4bppp/p1n5/3P4/Pp6/3B1N2/1B3PPP/R2Q1RK1 b - - 0 17,d8d5 d3h7 g8h7 d1d5,956,75,86,324,crushing discoveredAttack kingsideAttack middlegame short,https://lichess.org/tWRCApub/black#34,Sicilian_Defense Sicilian_Defense_Old_Sicilian
0HkFS,r4rk1/ppp1b1pp/2np4/8/3P1pq1/2P2NNb/PPB2P1P/R1BQR1K1 w - - 0 16,d4d5 f4g3 h2g3 f8f3,1780,75,89,597,advantage discoveredAttack middlegame short,https://lichess.org/mZp3xKVP#31,Italian_Game Italian_Game_Hungarian_Defense
0LQzS,r5k1/1p1b2b1/p2Pp2p/6p1/4N1p1/3Bq3/PPP3PQ/1K1R4 b - - 3 24,a8c8 e4f6 g7f6 h2h6,1035,78,95,842,advantage deflection kingsideAttack middlegame sacrifice short,https://lichess.org/Aqw9n7rj/black#48,
0IP67,8/8/2p5/K1k5/1R6/7P/8/5r2 w - - 1 43,b4a4 f1f8 a5a6 f8a8 a6b7 a8a4,1785,75,89,155,crushing endgame long quietMove rookEndgame skewer,https://lichess.org/sklnLA9D#85,
0RfEF,r4rk1/5p2/pp3Bp1/2pq3p/P2p4/3P2NP/1PPn1P2/1R1Q1R1K w - - 2 25,g3e4 d2e4 d3e4 d5e4,1282,75,93,289,advantage kingsideAttack middlegame short,https://lichess.org/oEhwzPf9#49,
02z11,r1b1k2r/ppp1qppp/3p1n2/4n3/2Bb4/5N2/PP3PPP/RNBQR1K1 w kq - 0 10,d1d4 e5f3 g2f3 e7e1,869,95,90,1545,crushing discoveredAttack kingsideAttack opening short,https://lichess.org/vccAanBW#19,Italian_Game Italian_Game_Classical_Variation
0NtlP,R7/4Qp1k/2pP2pp/2Pr1q2/8/7P/P4PP1/6K1 w - - 2 38,e7f8 d5d1 g1h2 f5f4 g2g3 f4f2,1207,77,97,18098,endgame long mate mateIn3,https://lichess.org/DkR8dMBt#75,
0M70W,2kr1bnr/pp3Qpp/q3p3/5b2/8/P1N3P1/1P1P1PBP/2N3KR b - - 0 14,d8d2 f7f8 d2d8 f8g7,2120,76,92,670,advantage hangingPiece middlegame short,https://lichess.org/OnsV7Zy0/black#28,Scandinavian_Defense Scandinavian_Defense_Blackburne_Gambit
0LawA,3r2k1/6p1/1q2pb1p/2p4n/2Q5/2Br2P1/PP1N1P1P/1R1R2K1 w - - 3 30,c3f6 h5f6 c4c2 b6d6,2025,73,93,6912,advantage middlegame short,https://lichess.org/IjBnbafU#59,
0D4lq,2R5/5pkp/Q1b2qp1/3p4/8/1p3N1P/1r3PP1/6K1 b - - 3 28,c6d7 c8g8 g7g8 a6f6,1367,77,94,23614,advantage deflection endgame short,https://lichess.org/bCHh0Xg7/black#56,
0P2c7,3rrq2/1p4pk/p1p1n1Rp/3pPp1Q/1P1P3P/P3P3/5BP1/5RK1 b - - 2 37,f8f7 g6h6 g7h6 h5f7,1276,75,100,519,crushing discoveredAttack middlegame short,https://lichess.org/dipE2YvI/black#74,
0ToA7,r1q2r2/4ppkp/p2p1np1/2nP4/1pp1PP2/5P1P/PPPQB3/R2NK2R w KQ - 2 17,e2c4 c5e4 f3e4 c8c4,1561,74,87,776,advantage discoveredAttack middlegame short,https://lichess.org/R3jvkvaD#33,Pirc_Defense Pirc_Defense_Classical_Variation
00rzv,2k3rr/1pp1n3/p2qp1Bp/3p3Q/8/2N1P2P/PPPP2Rb/R1B2K2 w - - 0 24,g6f7 g8g2 f1g2 d6g3,1042,76,87,630,advantage attraction middlegame short,https://lichess.org/3uLKPpMH#47,
0L3jF,8/8/p3k3/1p2n2p/1P1KR1p1/P2p4/8/8 b - - 1 45,e6f5 e4e5 f5f4 e5h5 d3d2 h5h1,2032,75,91,1502,crushing defensiveMove endgame long skewer,https://lichess.org/1bsInoOZ/black#90,
0741q,1r3rk1/2p1n1p1/3p3p/p3p3/P5P1/2PP2qP/1PQ2RB1/5R1K w - - 0 26,c2b3 b8b3 f2f8 g8h7 g2e4 e7g6 f8f3 g3h4,1651,74,90,2611,advantage middlegame veryLong,https://lichess.org/iBCd0Lg3#51,
0NviY,2r3k1/1b1p1p1p/1p2p1pB/pP2P3/2q2P2/2N3P1/P2Q3P/4R1K1 w - - 3 27,c3e2 c4e4 e2d4 e4h1 g1f2 h1h2,2184,75,93,730,advantage deflection kingsideAttack long middlegame,https://lichess.org/ic9UUp5d#53,
09cHt,8/2p2k2/1p1p4/1P1P4/3BB3/p2P1K2/r7/8 b - - 1 54,a2b2 d4b2 a3b2 d3d4,955,76,97,2825,crushing defensiveMove endgame master short,https://lichess.org/H16xWt8g/black#108,
0Lc8R,1r5k/7p/6p1/1B3b2/P3r3/2R4P/4p1P1/4R1K1 w - - 0 36,e1e2 b8b5 e2e4 b5b1 g1f2 f5e4,1801,74,95,3853,crushing endgame intermezzo long sacrifice,https://lichess.org/MoMotnwa#71,
0Ql9f,1r6/5kbQ/pq2p1p1/1pp5/3n4/2N1R3/PPP2PPP/R5K1 w - - 3 22,e3f3 d4f3 g2f3 b8h8 h7h8 g7h8,1323,77,82,195,advantage long middlegame trappedPiece,https://lichess.org/0epAlG8b#43,
09SFr,r1bqr1k1/1p3ppp/1np5/p2p4/1b1Pn3/2NBPN1P/PP1BQPP1/R1R3K1 w - - 2 13,c3e4 d5e4 d3e4 e8e4,1360,75,96,9784,advantage fork middlegame short,https://lichess.org/FPJu1u0S#25,Semi-Slav_Defense Semi-Slav_Defense_Normal_Variation
07eR9,3r2k1/5pp1/pp2p2p/1qr5/4N1R1/1P2PQ2/P3nPPP/R6K b - - 7 26,c5d5 e4f6 g8f8 f6d5,1115,82,93,2406,crushing middlegame pin short,https://lichess.org/HbRY1PGr/black#52,
0KO0n,b5k1/p2qp1bp/1p1p2p1/5r2/3P4/4B3/PPP2PPP/R2Q1RK1 w - - 0 17,d1g4 f5f2 f1f2 d7g4,2133,77,92,528,advantage discoveredAttack middlegame short,https://lichess.org/QalIPyp7#33,Pirc_Defense Pirc_Defense_Other_variations
0KwQH,R1b5/5kp1/2pn1q1p/1pb1pP2/3pP2P/3P4/1PP3P1/1N1QR1K1 w - - 0 20,c2c3 d4c3 d3d4 c5d4 d1d4 e5d4,1216,74,100,402,advantage discoveredAttack long middlegame,https://lichess.org/8bCyMsCs#39,
0MaZV,r5k1/1p2rppp/2p5/p7/2Pq4/1P3Q2/1P4PP/4RR1K b - - 1 21,a8e8 f3f7 e7f7 e1e8 f7f8 f1f8,1456,72,96,28800,deflection endgame long mate mateIn3 sacrifice,https://lichess.org/5qZdDtuU/black#42,
0GmWn,8/4bBp1/4Pk2/p5p1/1p3rPP/6K1/P3R3/8 b - - 0 39,f4c4 h4g5 f6g5 e2e5 g5h6 e5h5,1838,76,95,15983,attraction endgame long mate mateIn3,https://lichess.org/OKxiAGbB/black#78,
07WiO,r1b2rk1/ppp3pp/2np1bq1/3Np3/2P1P3/4PN1P/PPK1B1P1/3R1Q1R b - - 6 15,g6e4 e2d3 c6b4 d5b4,1423,75,96,1533,advantage defensiveMove middlegame short,https://lichess.org/cwlf50BA/black#30,English_Opening English_Opening_Kings_English_Variation
0NHHC,r1b3k1/ppp2pp1/1bnq1n1p/3N4/1P1P4/P2B1N1P/1B2QPP1/R5K1 b - - 6 20,f6d5 e2e8 d6f8 d3h7 g8h7 e8f8,1022,75,97,7719,crushing deflection kingsideAttack long middlegame,https://lichess.org/x5AejurQ/black#40,
01G6K,r2r2k1/pp2bppp/2n1p3/8/2BP4/4BN1q/PP3P2/2RQ1R1K w - - 6 20,f3h2 e7d6 f2f4 h3e3,1450,73,95,32008,advantage middlegame short,https://lichess.org/tcrbi3Dc#39,
06Myj,1r1k4/7R/2nNp3/1b1pP2P/2pP4/2p5/2P1BP2/3K4 b - - 2 33,c6d4 h7h8 d8d7 h8b8,1190,75,89,1039,crushing endgame master short skewer,https://lichess.org/oCq7XAxV/black#66,
02E3j,1k5r/1p1Q4/pP1p4/P1pP3p/3qP3/2N3p1/2P5/R2KR3 w - - 3 35,d1c1 d4c3 d7d6 b8a8 e1d1 c3a1,1405,74,97,8898,advantage endgame fork long,https://lichess.org/K60uB9jN#69,
0O17v,3q2rk/p3bQ1n/2pp3B/1p2pR2/4P3/P1NP3P/1Pn3P1/7K b - - 5 25,d8e8 h6g7 g8g7 f7e8,1277,75,94,256,crushing deflection kingsideAttack middlegame short,https://lichess.org/ZGU2x3E4/black#50,
0SHms,r5k1/2pN1rpp/1pP1p3/pP1p1p2/Pn1Pq3/1Q2P3/5PP1/R3R1K1 b - - 3 24,b4d3 f2f3 e4h4 b3d3,1554,75,95,23871,advantage middlegame short,https://lichess.org/fKHnLwuY/black#48,
06ySd,2rqr1k1/p5pp/bp2pn2/3p1p2/1BPP4/P2B1P1P/1P4P1/2RQ1RK1 w - - 2 20,c4d5 c8c1 d1c1 a6d3,1620,76,96,24802,advantage middlegame short,https://lichess.org/3DtSINT1#39,
0BH32,bq2r3/2b2p1k/pp1ppn2/6r1/P1P1P1np/1PN5/3RN1PP/3RQBBK w - - 0 34,e1h4 g5h5 h4h5 f6h5,1199,76,96,951,advantage defensiveMove master middlegame short,https://lichess.org/VH5cDAvO#67,
0HvPh,r2q1rk1/pb4bp/1p3p2/2p3p1/3pNQ2/3P1N1P/PPP1RPP1/4R1K1 w - - 0 19,f4f5 b7c8 e4f6 g7f6,1952,76,94,11174,advantage master middlegame short,https://lichess.org/Ehzbo1pE#37,Sicilian_Defense Sicilian_Defense_Nyezhmetdinov-Rossolimo_Attack
01j3h,4b3/2k5/2p1K3/2PpN3/3P4/8/8/8 w - - 15 56,e5g4 e8d7 e6e5 d7g4,851,79,100,144,crushing endgame short skewer,https://lichess.org/GsdfbRGD#111,
0Z7yZ,5bk1/5pp1/p5p1/1ppr4/6q1/PPQ1Pp2/1BP2P1R/5R1K w - - 2 28,f1g1 g4g1 h1g1 d5d1 c3e1 d1e1,1509,75,95,16726,attraction exposedKing kingsideAttack long mate mateIn3 middlegame sacrifice,https://lichess.org/wl36NOs4#55,
0TsF3,8/1pp5/1p4k1/3Pp1p1/1PP1Pn2/P3K1R1/5R2/r7 w - - 0 47,c4c5 a1a3 e3d2 a3g3,1433,75,97,12024,crushing endgame master short skewer,https://lichess.org/TtKjzb90#93,
0LbVn,1k5Q/1p2q3/p1p3p1/7p/P1n1PN1P/8/K1P3P1/8 b - - 1 33,b8a7 h8d4 a7b8 d4c4,1072,74,96,5075,crushing endgame fork short,https://lichess.org/Y6IS4CVu/black#66,
0Pvv2,rnbqk2r/1pp1ppbp/1n4p1/p7/P2PP3/2N2P2/1PQ3PP/R1B1KBNR b KQkq - 1 8,d8d4 c3b5 d4b4 c1d2,1711,75,83,234,advantage defensiveMove opening short,https://lichess.org/RsWQRBc7/black#16,Kings_Indian_Defense Kings_Indian_Defense_Other_variations
0QyB9,rnbqkbnr/ppp3pp/8/3pp3/3PN3/5N2/PPP2PPP/R1BQKB1R w KQkq - 0 6,d4e5 d5e4 d1d8 e8d8,1336,79,92,210,advantage hangingPiece opening short,https://lichess.org/1qFG83QP#11,Philidor_Defense Philidor_Defense_Philidor_Countergambit
0542a,r1bq2nr/pppp1kpp/8/2b1N3/3nPp2/8/PPP3PP/RNBQK2R b KQ - 1 7,f7e6 d1g4 e6e5 c1f4,2065,76,93,9332,crushing opening sacrifice short,https://lichess.org/a3p2nQj1/black#14,Kings_Gambit_Accepted Kings_Gambit_Accepted_Bishops_Gambit
0FHPh,4r3/3k2Q1/1Pp5/3q2pP/P4rP1/5P2/4R1K1/8 b - - 8 41,d7d8 g7c7,1373,75,94,12208,endgame mate mateIn1 oneMove,https://lichess.org/dMleU0or/black#82,
0DLEw,8/8/7N/8/4k3/5p2/4p2P/5K2 w - - 0 63,f1f2 e4d3 h6g4 d3d2 f2f3 e2e1q,1115,83,93,8926,advancedPawn crushing endgame knightEndgame long promotion,https://lichess.org/NML47Dbd#125,
0Qg9t,6r1/p3kp2/1p2pn1p/2r3q1/3R4/5P2/P1P1B2P/3R1Q1K b - - 11 33,f6d5 d4g4 d5e3 g4g5,1853,77,93,7102,advantage master middlegame short,https://lichess.org/rtjjGTWP/black#66,
0EYkO,5b2/8/4P3/p2N4/3p4/3P4/1k4PP/6K1 w - - 0 52,e6e7 f8e7 d5e7 a5a4,1340,75,78,290,advantage defensiveMove endgame sacrifice short,https://lichess.org/c95oVMEn#103,
09EGC,5k2/5pp1/1p2p2p/p2qP3/1r3B2/Q7/5PPP/4R1K1 w - - 0 32,e1b1 d5e4 b1c1 e4f4,2211,76,94,2621,crushing endgame fork master short,https://lichess.org/Ppuv7xqE#63,
0SiFG,r2k4/ppqn4/2p1p3/5npr/3P4/4PQP1/PP4K1/RNB2R2 w - - 0 20,f3h5 c7g3 g2h1 f5h4,1720,75,88,618,advantage defensiveMove middlegame short,https://lichess.org/dlgXKTIt#39,
067XK,2b5/p1p2kqp/1p1p2p1/3P4/1PP5/4QPn1/P2K2P1/R2R4 w - - 11 37,d1e1 g7b2 d2d1 b2a1,1150,75,98,2092,advantage endgame interference short,https://lichess.org/QUCwuzSD#73,
0IeMU,r2q1rk1/2p2ppn/p2p3p/5Qb1/1p1PPNP1/3BB2P/PPP5/2K4R b - - 4 20,a6a5 e4e5 g7g6 f4g6 g5e3 c1b1,1503,81,100,159,advantage long middlegame sacrifice,https://lichess.org/plIGK4RW/black#40,
061fg,rn1qk2r/1bp1ppbp/pp4p1/3nP3/3P4/2NB1N2/PPP3PP/R1BQ1RK1 w kq - 1 10,d3e4 d5c3 e4b7 c3d1,1337,75,94,2630,advantage opening short,https://lichess.org/1IEhvTly#19,Pirc_Defense Pirc_Defense_Other_variations
0VggT,r2qk2r/ppp2ppp/2np1b2/3N4/3PP1b1/5N2/PP3PPP/R2QKB1R b KQkq - 3 9,c6d4 d5f6 d8f6 d1d4,1722,75,92,473,advantage intermezzo opening short,https://lichess.org/mGo7jPE3/black#18,Ponziani_Opening Ponziani_Opening_Jaenisch_Counterattack
0TbNZ,5rk1/p3q1pp/1pppb3/2b5/2P3N1/3QP2P/PP1BK3/7R b - - 2 29,e7f7 g4h6 g7h6 h1g1 f7g7 g1g7,1480,75,87,600,advantage kingsideAttack long middlegame sacrifice,https://lichess.org/STgeT78G/black#58,
0Sod8,r7/pb3p2/1p2k2p/2p1Pp2/2Pr1PpB/1P4P1/P3R2P/R3K3 w - - 5 30,a1d1 d4d1 e1d1 b7f3 d1d2 f3e2,1571,75,95,15490,crushing endgame long pin,https://lichess.org/e86ovbQm#59,
07Q5H,r1b1k2r/ppp2pp1/2pq4/2b1n2p/4P3/3P1N1P/PPP1BPP1/R1BQ1RK1 w kq - 7 11,c1f4 e5f3 e2f3 d6f4,1030,83,94,1506,advantage discoveredAttack kingsideAttack opening short,https://lichess.org/FY8BquJ5#21,Russian_Game Russian_Game_Stafford_Gambit
06lCK,6K1/1R6/3pk1P1/4pnnP/8/8/8/8 b - - 8 58,f5e7 b7e7 e6e7 h5h6 e7f6 h6h7 f6g6 h7h8q,1966,77,91,5841,advancedPawn crushing endgame promotion sacrifice veryLong,https://lichess.org/ZfwNW2nT/black#116,
0HFl0,2r3k1/5p2/pp4qp/4R3/1P3P2/P4Pn1/6Q1/3R2K1 w - - 1 30,g1f2 c8c2 f2g1 c2g2,1570,75,93,1082,advantage endgame short skewer,https://lichess.org/jZgf3MUQ#59,
061oj,6k1/pp1n1p1p/5B2/3p1N2/3P1bPQ/1P3P1P/P1q1rRK1/8 w - - 1 29,f6g5 e2f2 h4f2 c2f2 g2f2 f4g5,1167,79,95,17988,advantage long middlegame,https://lichess.org/jMZqmVzJ#57,
0SErg,r1r5/p4p1k/1pq1pPpp/8/5PP1/4R2Q/PPP4P/R5K1 b - - 2 25,c6c2 h3h6 h7h6 e3h3,1800,73,94,17263,attraction endgame mate mateIn2 sacrifice short,https://lichess.org/d2JMXHo1/black#50,
091fv,5rk1/pp1b2pp/4qn2/3p3r/3P4/BP2P2P/2B3P1/R2Q1R1K w - - 3 22,f1f6 h5h3 g2h3 e6h3,1432,76,69,674,crushing kingsideAttack middlegame sacrifice short,https://lichess.org/8rKduxSH#43,
0DlgQ,6k1/B5p1/1pp4p/p2n4/2N1p1P1/2Pb3P/1P3KP1/8 w - - 2 32,c4b6 e4e3 f2g3 e3e2,1225,75,95,15839,advancedPawn crushing endgame short,https://lichess.org/Sr42FLZh#63,
0IZXZ,r1bq1rk1/p3nppp/1bpp4/8/2P1N3/3B2Q1/PP3PPP/R1B1K2R b KQ - 1 13,d6d5 e4f6 g8h8 g3h4 h7h6 c1h6,2194,77,92,7206,crushing kingsideAttack long opening pin,https://lichess.org/YAwyida7/black#26,Scotch_Game Scotch_Game_Schmidt_Variation
0CZSt,1k6/7R/1ppn4/8/3K4/3B4/PPP3PP/3r4 w - - 1 26,h7h6 d6f5 d4e5 f5h6,1156,79,84,1158,advantage endgame pin short,https://lichess.org/ciZo04hi#51,
0BJHH,r3k2r/pp1qbpp1/2p1pn1p/5b2/2B2B2/2NP1Q2/PPP2PPP/R3R1K1 b kq - 1 12,e7d6 f4d6 d7d6 f3f5,1562,73,95,25021,advantage discoveredAttack middlegame pin short,https://lichess.org/8DEwRgof/black#24,Scandinavian_Defense Scandinavian_Defense_Mieses-Kotroc_Variation
0BFNX,5k2/4bp2/8/5P2/4Q1K1/1r6/8/8 w - - 9 54,g4h5 b3h3 h5g4 h3h4 g4f3 h4e4,837,99,91,1045,crushing endgame long master skewer,https://lichess.org/cV6g9Grf#107,
0H9XN,3rr1k1/ppp2pp1/2n4p/8/4N3/7P/PPP5/2K1RR2 b - - 0 22,d8d4 e4f6 g7f6 e1e8,1120,75,96,4587,advantage discoveredAttack endgame short,https://lichess.org/gjKtPEqA/black#44,
0Q6bq,rnb3k1/ppp3pp/5r2/3q4/4p3/2P5/P1PNQPPP/R3KB1R w KQ - 0 12,e2e4 f6e6 e1c1 e6e4,1383,76,92,13819,crushing middlegame pin short,https://lichess.org/gkZOFCc0#23,Elephant_Gambit Elephant_Gambit_Paulsen_Countergambit
09H5N,8/8/p2b3B/5K2/kp3P2/7P/8/8 w - - 0 45,f5e6 b4b3 e6d6 b3b2 f4f5 b2b1q,1061,76,100,506,advancedPawn bishopEndgame crushing endgame long master promotion sacrifice,https://lichess.org/GfNkfCuO#89,
05tI6,2rb2k1/p5pp/K4p2/2N5/1P6/Pbr5/3R1PPP/R7 b - - 2 29,b3c4 a6b7 c8c7 b7b8 c7e7 d2d8,1718,75,85,1471,advantage defensiveMove long middlegame,https://lichess.org/2W3SH83z/black#58,
0BAk9,2r5/5pk1/4pqp1/p2p3R/3P1PQ1/1PP4R/1r4P1/6K1 b - - 0 33,b2b3 h5h7 g7f8 h7h8 f8e7 h8c8,876,82,100,755,advantage endgame long master skewer,https://lichess.org/9uXlNx2v/black#66,
06Oak,r3kbnr/2Q2ppp/p3p1b1/3qP3/2N2B2/7P/PP3PP1/R4RK1 b kq - 2 17,d5d7 c7d7 e8d7 c4b6 d7c6 b6a8,1619,74,96,12754,attraction crushing fork long middlegame,https://lichess.org/DvEJDxgv/black#34,Caro-Kann_Defense Caro-Kann_Defense_Exchange_Variation
05U9v,rn6/1k1R2p1/1pp5/8/5Q2/p7/q4PPP/3R2K1 b - - 0 24,b8d7 d1d7 b7a6 f4a4,876,78,97,1689,endgame mate mateIn2 short,https://lichess.org/NR2ZnNiP/black#48,
0XouO,3br1k1/pp4p1/5n1p/2Q5/8/2N5/PP3PPP/6K1 w - - 6 25,f2f3 d8b6 c5b6 a7b6,1482,73,95,22367,crushing endgame pin short,https://lichess.org/B95IABW3#49,
00MTG,4r1k1/2p1qpp1/3p4/1p1P2PQ/1P5b/3R3P/2PBr3/5RK1 b - - 6 26,h4f2 f1f2 e2f2 g1f2,793,102,93,264,advantage middlegame short,https://lichess.org/iabpAKVz/black#52,
06tGZ,4r3/4Pk2/p1r2bpp/1p1N1p2/8/5KPP/PP2R3/3R4 b - - 2 33,c6e6 e2e6 f7e6 d5c7,1473,75,94,28715,attraction crushing endgame short,https://lichess.org/zYbTUVsl/black#66,
0BNFa,2r1r1k1/p3pqb1/3p1pN1/1ppP1PPQ/4P3/3P3P/PP2n3/1K1R3R b - - 0 24,e2f4 g6f4 f7h5 f4h5,1462,75,94,8608,advantage hangingPiece middlegame short,https://lichess.org/lob0KR8p/black#48,
0MMDn,1n1r4/1R6/2p1kp2/1n2p3/5PNN/6P1/3r4/4RK2 b - - 0 37,d2d1 f4f5 e6d6 e1d1,1424,75,94,8887,crushing interference master middlegame short,https://lichess.org/C1ObcM0E/black#74,
0RuFE,r2qk2r/p4ppp/2pb4/n3N3/8/3B2Pb/PPPP1PnP/RNBQ1K1R w kq - 3 13,d1h5 g2f4 h5h3 f4h3,1288,75,99,1169,advantage discoveredAttack middlegame short,https://lichess.org/4LqTobY9#25,Italian_Game Italian_Game_Two_Knights_Defense
0GZnH,r2q1rk1/1b3pbp/1p1p3B/p1nPp2p/4P3/2N2N2/PPBQ1PP1/R3K3 b Q - 1 16,d8f6 h6g5 f6g6 f3h4 f7f6 h4g6,1669,75,87,269,advantage long middlegame trappedPiece,https://lichess.org/9FudFdgH/black#32,Sicilian_Defense Sicilian_Defense_Alapin_Variation
04HVI,5R2/4k3/p3p2r/1pp3P1/5R2/8/PP1r4/6K1 b - - 1 39,h6g6 f4f7 e7d6 f8d8 d6c6 d8d2,1220,76,91,1535,advantage endgame long rookEndgame skewer,https://lichess.org/Vyc76Cnd/black#78,
04woM,4r1k1/pp2rp1p/6p1/q3B3/2Bn4/P3Q2P/1P4P1/1R1R2K1 b - - 0 24,e7e5 e3d4 e5e4 d4d5 e4e1 d1e1 e8e1 b1e1,2204,77,85,875,advantage hangingPiece middlegame veryLong,https://lichess.org/IgedQIA1/black#48,
0Ebru,r2q1rk1/pbp2pp1/1pn1p3/8/1b1P4/2NBB2Q/PP4PP/R5K1 b - - 0 16,f7f6 h3h7 g8f7 d3g6 f7e7 h7g7,1389,75,94,7278,crushing deflection kingsideAttack long middlegame,https://lichess.org/JKINmzzG/black#32,French_Defense French_Defense_La_Bourdonnais_Variation
0Duxf,6k1/5pr1/2p5/3p4/3P1P1Q/2P1q1PK/P4R1P/8 w - - 1 38,f2b2 g7h7 b2b8 g8g7 h4h7 g7h7,1561,75,96,11178,advantage endgame long pin,https://lichess.org/MFpiUu9T#75,
00OPi,5k2/5p1p/1p1P2p1/1B6/5P2/1P3KP1/n6P/8 w - - 0 38,f3e4 a2c3 e4d4 c3b5,662,83,100,364,advantage endgame fork master short,https://lichess.org/4K29qsm1#75,
0VVu7,8/5p2/2p5/p3P2p/1pP1K3/1P2NN2/q1B1k3/8 b - - 3 52,a2b2 c2d3 e2f2 e3d1 f2g3 d1b2,1834,75,95,14373,crushing endgame fork long,https://lichess.org/8ELBnyNF/black#104,
05zBr,2r5/3k1p2/b3p1p1/3p2Pp/1b1P3P/1P3P2/Q7/3K4 b - - 3 43,a6b7 a2a4 b7c6 a4b4,981,79,95,201,advantage endgame fork master short,https://lichess.org/96DzEVRO/black#86,
02a3l,1R2b3/4P3/R7/3p1p1k/p2P1P2/r1K5/8/8 w - - 4 56,c3b4 a3b3 b4c5 b3b8,954,78,100,190,advantage endgame short skewer,https://lichess.org/5L1HZBd7#111,
0RTl3,8/2p3pk/7p/8/3P1P2/P1Prq1P1/1R5P/1Q4K1 w - - 7 46,g1h1 e3f3 h1g1 g7g6 b2f2 d3d1 b1d1 f3d1,1995,75,94,10110,advantage endgame fork quietMove veryLong,https://lichess.org/7OGVtdtZ#91,
0RHn8,r3kb1r/pp1n1p2/1qp2pb1/3p3p/3P1N1P/2N1PQ2/PP3PP1/R3KB1R w KQkq - 4 12,f4g6 b6b2 a1b1 b2c3,1395,77,95,20185,advantage fork middlegame short,https://lichess.org/X5hWUThO#23,Queens_Gambit_Declined Queens_Gambit_Declined_Exchange_Variation
0UQCT,r6r/pppk1pQp/2bn4/5P2/7q/1N6/PPP3PP/R1BK2R1 b - - 2 14,h4h2 b3c5 d7c8 g7h8,1211,75,98,4866,crushing interference middlegame short,https://lichess.org/Wd8ICjHH/black#28,Kings_Pawn_Game Kings_Pawn_Game_Leonardis_Variation
0HgKt,rn1q4/pp3ppk/2p4P/3pr3/2P3P1/2P1PQ2/P4P2/R3K2R b KQ - 0 17,d8f6 h6g7 h7g7 h1h7 g7h7 f3f6,1577,75,94,5369,advancedPawn attraction crushing deflection discoveredAttack long middlegame,https://lichess.org/LLZnUyau/black#34,Queens_Pawn_Game Queens_Pawn_Game_Accelerated_London_System
0AR06,r3k2r/pp3ppp/1B2p3/1b1pP3/1b6/1P3N2/P3nPPP/R2Q1K1R w kq - 1 15,f3d4 e2d4 f1g1 d4e2 d1e2 b5e2,2019,77,94,6152,crushing discoveredAttack long middlegame,https://lichess.org/viRM2f3h#29,French_Defense French_Defense_Advance_Variation
00UHZ,3n2k1/6p1/pp3p1p/8/2r1NR1P/6P1/1PP5/1K6 b - - 1 32,d8e6 e4f6 g7f6 f4c4,1071,79,89,3456,advantage discoveredAttack endgame short,https://lichess.org/bQ4MdAO1/black#64,
04g9x,3r3k/ppr3pp/8/1Q1pN3/P2P1PPq/7P/4R1K1/8 b - - 4 45,c7c3 e5f3 h4f6 e2e8 f6f8 e8f8,2369,77,92,1882,advantage clearance endgame long,https://lichess.org/IXNrX54j/black#90,
0LxxH,4k2r/pp4pp/2rBPp2/2bp1Q2/3q4/8/PP3PPP/2R2RK1 w k - 8 20,f1d1 c5d6 f5h5 g7g6,2001,77,92,5400,advantage hangingPiece middlegame short,https://lichess.org/Hxr9TJQM#39,
0IUUO,8/R2b4/3qkp2/3p2pp/8/2BB2PP/2PK2P1/8 b - - 11 46,d6c6 a7a6 c6a6 d3a6,1102,78,94,642,advantage endgame master masterVsMaster pin short,https://lichess.org/O1mGQhpF/black#92,
045Yc,6k1/6b1/p2p2p1/2pPPppn/8/2N1Q3/1q4PP/5RK1 w - - 0 30,e5d6 g7d4 e3d4 c5d4,1434,77,97,10189,advantage endgame master pin short,https://lichess.org/Dur41eqc#59,
0P7Wi,r7/1p5p/p1kb4/8/2p5/2B5/PP4PP/3R2K1 b - - 3 25,a8f8 d1d6 c6d6 c3b4 d6d5 b4f8,1204,76,91,624,attraction crushing endgame exposedKing long sacrifice skewer,https://lichess.org/ZzIoFDec/black#50,
05BVq,r1b1kbr1/pppp3p/5qp1/7Q/2P1Pp2/8/PPP2PPP/RNB1K2R w KQq - 0 10,h5h7 g8h8 h7h8 f6h8,1497,76,88,170,advantage middlegame short trappedPiece,https://lichess.org/FBd5FC4X#19,Italian_Game Italian_Game_Rousseau_Gambit
0I0ds,r2qkbnr/pp3ppp/2b1p3/3pN3/3P4/2N5/PPP2PPP/R1BQK2R b KQkq - 1 8,f7f6 d1h5 g7g6 e5g6 h7g6 h5h8,1198,78,93,11555,advantage long opening trappedPiece,https://lichess.org/yQlhkwnn/black#16,Caro-Kann_Defense Caro-Kann_Defense_Exchange_Variation
01wdX,5qk1/p2nN1pp/5r2/1p1p2N1/2pP4/2P5/PPQ3PP/5RK1 b - - 0 24,f8e7 c2h7 g8f8 h7h8,827,95,95,3540,endgame kingsideAttack mate mateIn2 short,https://lichess.org/8iV5yCBV/black#48,
0SSAZ,r5k1/3p1p1p/2b1pP1q/p3P1pP/2P4R/3B2Q1/P1P2RPK/1r6 w - - 0 29,h4g4 h6h5 g3h3 b1h1 h2g3 h1h3,1470,74,97,2454,advantage long middlegame skewer,https://lichess.org/0Fyb0oqC#57,
0FiBJ,r1b1r1k1/pp1qbppp/2p5/3p2B1/3Pn3/2NB1Q2/PPP2PPP/2KR3R w - - 4 12,c3e4 d5e4 d3e4 e7g5,1475,85,100,104,advantage capturingDefender middlegame short,https://lichess.org/g66fpD65#23,French_Defense French_Defense_Exchange_Variation
0CKgM,r2qr1k1/pb1pbppp/2p5/1p6/3QP1n1/1BPP4/PP3PPP/RNB2RK1 w - - 1 13,f2f3 c6c5 f3g4 c5d4,1707,75,88,875,advantage opening short trappedPiece,https://lichess.org/cRTmLlXh#25,Ruy_Lopez Ruy_Lopez_Bird_Variation
0Ttnf,4r1k1/1pp1rpp1/p2pb3/8/4PNn1/3B4/PPP4P/1K3RR1 b - - 2 20,d6d5 f4e6 e7e6 g1g4,1522,106,100,105,advantage capturingDefender middlegame short,https://lichess.org/Vl2PRTmX/black#40,
0MuzL,3r2k1/ppp1qppp/1n2b3/6P1/4P3/2Q1BP2/PPP4P/2K2BR1 w - - 0 18,b2b3 e7a3 c3b2 d8d1 c1d1 a3b2,1239,78,84,148,advantage deflection long middlegame queensideAttack,https://lichess.org/p8LHwP94#35,Philidor_Defense Philidor_Defense_Lion_Variation
0IkWR,6k1/1b2n1p1/1q5p/3p3Q/2nP4/1pPB4/6PP/1NB4K b - - 3 27,b6f6 h5e8 f6f8 d3h7 g8h7 e8f8,1167,76,90,337,crushing deflection long middlegame,https://lichess.org/lLs3TGYB/black#54,
096xP,rn1q1rk1/ppp2ppp/5b2/8/2BP2b1/5N2/PP3PPP/RN1Q1RK1 b - - 2 10,f6d4 d1d4 g4f3 d4d8 f8d8 g2f3,1444,74,84,120,advantage long opening,https://lichess.org/O9k0fLhM/black#20,French_Defense French_Defense_Exchange_Variation
093xe,r1bqk1nr/3nppbp/p2p2p1/1p1N4/B2NP3/4B3/PPP2PPP/R2QK2R b KQkq - 1 9,b5a4 d4c6 c8b7 c6d8,1390,77,100,248,advantage opening short trappedPiece,https://lichess.org/gyVuKN5E/black#18,Sicilian_Defense Sicilian_Defense_Hyperaccelerated_Fianchetto
0Ga0u,r5k1/p4pp1/1qp1r2p/2b5/3p2R1/7P/PPP4P/R1B3QK b - - 4 21,g7g5 c1g5 h6g5 g4g5,1599,75,84,204,advantage kingsideAttack middlegame short,https://lichess.org/YqX73qu3/black#42,
0DzrA,r5k1/p3Rr1p/npnQ2pB/5p2/2q5/8/P1P2PPP/5RK1 b - - 3 22,a8d8 d6d8 c6d8 e7e8 f7f8 e8f8,1675,75,97,14177,fork long mate mateIn3 middlegame sacrifice,https://lichess.org/9iVcElCV/black#44,
0Bm7B,r1b2rk1/pppp1ppp/8/4PR2/1PN5/2P2Q2/P4P1q/4RK2 b - - 0 21,d7d6 f5h5 h2h5 f3h5,1682,74,94,11877,advantage middlegame short trappedPiece,https://lichess.org/4H9YHls7/black#42,
0BPvk,1r4k1/1r2bppp/4p3/1b1pP3/1B1P4/1R5P/4BPPK/1R6 w - - 0 34,e2b5 b7b5 b4e7 b5b3 b1b3 b8b3,968,90,95,1038,advantage long middlegame,https://lichess.org/Hli0DJ25#67,
0GcyI,r7/1p2q1k1/p2p2pp/P1pP2N1/2Pn2P1/7P/1P1Q4/5RK1 w - - 0 27,f1f7 e7f7 g5f7 d4f3 g1f2 f3d2,1501,74,95,22192,crushing endgame exposedKing fork long sacrifice,https://lichess.org/AdQNKq3k#53,
09WWh,2r2r2/p3q2k/bp2Rbp1/n2p2B1/3P4/P5PB/1P1Q1P1P/2R3K1 b - - 0 24,e7g7 c1c8 a6c8 g5f6 f8f6 e6f6 g7f6 h3c8,2190,77,91,1524,advantage middlegame veryLong,https://lichess.org/zGe3ssGL/black#48,
09vaO,3r2k1/7B/3q3Q/8/4p3/P1p3PP/5P1K/4r3 b - - 2 44,g8h8 h7g6 h8g8 h6h7 g8f8 h7f7,1418,74,98,17816,discoveredAttack endgame exposedKing long mate mateIn3,https://lichess.org/wXzPNfwB/black#88,
02weX,r1b2rk1/pp1pqpbp/6p1/3nP3/2p2P2/P5Q1/1PP1B1PP/RNB2RK1 w - - 0 13,e2c4 e7c5 g3f2 c5c4,1132,80,94,4722,advantage fork opening short,https://lichess.org/XL9mj2V9#25,Scotch_Game Scotch_Game_Other_variations
097wk,2r3k1/p3Qp1p/1p2p1p1/4P3/q4P2/6P1/PP5P/1K1R4 w - - 8 30,e7d7 a4c2 b1a1 c2c1 d1c1 c8c1,1634,77,95,23799,backRankMate endgame long mate mateIn3 sacrifice,https://lichess.org/jWBqWVx1#59,
0DqSn,4Rr1k/b5pp/p1q2p2/1p6/1P3P2/PB6/1B2QnPP/4R2K w - - 1 30,h1g1 f2e4 g1f1 f8e8,1981,74,85,1329,advantage discoveredAttack interference middlegame short,https://lichess.org/1DmBSIpr#59,
06HBS,3r3k/4b1p1/2Rp3p/1Q1Rp3/1B6/P4qPP/1P6/7K w - - 2 38,h1g1 f3g3 g1f1 d8f8 f1e2 f8f2,1904,76,93,3673,advantage exposedKing long middlegame,https://lichess.org/p3LPRUuU#75,
0RkQb,rn1q1rk1/pp3pb1/2p1p1pp/4PbN1/2BP2P1/2P4P/P1P5/R1BQ1RK1 w - - 0 14,g5e6 f5e6 c4e6 f7e6,1566,76,93,10581,advantage middlegame short,https://lichess.org/w4fyk8K5#27,Pirc_Defense Pirc_Defense_Austrian_Attack
09ezP,8/2bkr3/1rn2q1p/1p2p1p1/pB1p4/P5P1/1PQ1RPNP/2R3K1 b - - 3 33,c6b4 c2c7 d7e8 c7c8 e8f7 a3b4,1821,75,91,3253,advantage exposedKing long middlegame,https://lichess.org/HwvURyPZ/black#66,
036O1,r4rk1/p1p1b1p1/2pq1n2/3p3p/3P4/2P5/PPN1QPPP/R1B2RK1 w - - 0 16,c1g5 f6g4 g2g3 e7g5,1503,76,94,11155,advantage discoveredAttack middlegame short,https://lichess.org/48IGTHgW#31,Nimzowitsch_Defense Nimzowitsch_Defense_Scandinavian_Variation
0E7GS,r3r1k1/pp3pp1/1qp4p/2bpP2b/6P1/1NPB3P/PPQ2P2/R3R1K1 b - - 2 19,c5f2 c2f2 b6f2 g1f2,1047,77,98,896,advantage middlegame short,https://lichess.org/KWlotTzY/black#38,
08PBw,5kr1/p6p/4r3/2Pp1p2/3q4/2P1R1P1/P4K1P/RNB5 b - - 0 29,d4c5 c1a3 c5a3 b1a3,811,93,94,2016,advantage master middlegame pin short,https://lichess.org/TJqvTyzs/black#58,
0SDIp,1r4k1/5p1p/2pq2r1/2Np4/1P1Q4/4P1P1/5P1P/5RK1 b - - 2 29,d6f6 d4f6 g6f6 c5d7 b8b4 d7f6,1341,76,95,16416,advantage attraction endgame fork long,https://lichess.org/3TBEHHSt/black#58,
00ZK8,r1bq1b1r/pp3kpp/3p1n2/3Q4/2n1P3/5N2/PP3PPP/RNB1K2R b KQ - 1 10,c8e6 f3g5 f7g6 d5e6,2364,78,83,336,advantage deflection opening short,https://lichess.org/NOQlRyAF/black#20,Sicilian_Defense Sicilian_Defense_Old_Sicilian
0Sfnx,5rk1/6p1/p3p1q1/1p2P1Qp/1Pp2p1P/P1B3K1/8/3R4 w - - 0 33,g3f3 g6c2 d1d7 c2c3,1688,74,96,15247,crushing endgame fork short,https://lichess.org/38WWG8VM#65,
097oj,rnb2qk1/pp4r1/2p4Q/2Pp4/3P4/2P5/P1B2PPP/R4RK1 w - - 1 22,a1e1 g7g2 g1g2 f8h6,1089,77,85,872,advantage discoveredAttack middlegame short,https://lichess.org/ZXl7S1l0#43,
0HUvZ,r1bq1rk1/pppp1ppp/8/8/2B1n3/2B5/PPP2PPP/R2Q1RK1 w - - 0 11,c3g7 g8g7 d1g4 e4g5,1600,76,96,13174,advantage defensiveMove hangingPiece middlegame short,https://lichess.org/1aOQhkgs#21,Three_Knights_Opening Three_Knights_Opening_Other_variations
088XX,1k4r1/pp1n1N2/4pn2/8/4PP1R/qPBB1P2/P1PQ4/2K5 w - - 1 29,c3b2 g8g1 d2d1 g1d1 c1d1 a3b2,1178,75,95,9912,advantage long middlegame queensideAttack,https://lichess.org/p8kXCQmJ#57,
00Ar2,r2q1r2/1n4pk/p6p/1pp2pb1/3n1B2/P1NPN2P/1PPQ1PP1/R3R1K1 w - - 0 21,c3d5 g5f4 d5f4 d8g5 d2d1 g5f4,1862,74,93,543,advantage clearance long middlegame,https://lichess.org/fRlxRFsV#41,
02Ojk,r1bq2k1/pp1nbrpp/2p1pn1B/2Pp1pN1/3P4/2N4P/PPQ1PP2/R3KBR1 b Q - 4 12,g7h6 g5e6 g8h8 e6d8,1389,75,95,30985,advantage discoveredAttack kingsideAttack opening short,https://lichess.org/TfYqGtEp/black#24,Semi-Slav_Defense Semi-Slav_Defense_Other_variations
0R15z,8/6pk/r3K1R1/3pB2P/2bP4/2P5/8/8 w - - 23 60,e6f5 c4d3 f5g5 d3g6 h5g6 a6g6,1389,75,98,5283,advantage endgame long skewer,https://lichess.org/at3CtOly#119,
0E5dY,2r2k2/3q1ppp/8/5N2/1pb5/4Q3/1P3PPP/4R1K1 b - - 8 26,d7f5 e3e7 f8g8 e7e8 c8e8 e1e8,1117,74,96,8074,backRankMate endgame long mate mateIn3 sacrifice,https://lichess.org/UtgowzNY/black#52,
0VpH5,r1bq1rk1/pp1p1pbp/2n1p1p1/4Pn2/2B2B2/2N2N2/PP2QPPP/R2R2K1 b - - 9 13,f7f6 c4e6 d7e6 d1d8,1558,76,96,25066,advantage kingsideAttack middlegame short,https://lichess.org/F6wZWMTR/black#26,Sicilian_Defense Sicilian_Defense_Smith-Morra_Gambit
04F28,7R/5p2/4b2p/4P3/4K1Pk/7P/7b/8 b - - 6 48,h4h3 h8h6 h3g4 h6h2,1073,75,100,296,crushing deflection endgame master short skewer,https://lichess.org/FeQggUNK/black#96,
0OyOZ,r5k1/1pp3p1/1pnpb2p/4prq1/3P4/2P1Q2P/PPB2PP1/R3RNK1 b - - 0 18,g5e3 f1e3 f5f8 d4d5 e6f7 d5c6,1811,74,95,14821,advantage fork long middlegame,https://lichess.org/ohyM8uOo/black#36,Italian_Game Italian_Game_Classical_Variation
0E4xJ,rnbqkb1r/pp3p1p/4pp2/8/2pp3B/2N5/PP3PPP/R2QKBNR b KQkq - 1 8,d4c3 d1d8 e8d8 h4f6,1654,76,92,1818,advantage attraction opening short,https://lichess.org/D5nSCDsN/black#16,Queens_Gambit_Declined Queens_Gambit_Declined_Modern_Variation
0WOfO,r4rk1/p1p2pp1/3q3N/3P4/4PQ2/7P/5P1K/6R1 b - - 0 32,g8h7 g1g7 h7g7 h6f5,1670,75,96,3769,advantage attraction endgame sacrifice short,https://lichess.org/jlVEkxHQ/black#64,
0F6cN,r3k2r/pp1n1pp1/1bp4p/3qP1N1/5B2/3B4/PPP1Q2K/R4R2 w kq - 0 19,d3c4 h6g5 h2g3 g5f4,1267,77,88,201,advantage discoveredAttack middlegame short,https://lichess.org/2D80oWl3#37,
0Uj7S,r1b2rk1/p6p/1n2p1B1/3p4/5b2/2P4q/PPQ1N3/R2K2R1 b - - 0 22,f4h6 g6f5 g8h8 f5h3,1922,77,95,12866,advantage discoveredAttack middlegame short,https://lichess.org/chQ4bgHm/black#44,
0DDPu,1r4k1/p4pbp/2Q3p1/q2P4/4p2P/1B2PP2/4KP2/1R6 w - - 4 26,d5d6 b8b3 b1b3 a5a2 e2f1 a2b3,1385,76,97,18767,attraction crushing endgame fork long master sacrifice,https://lichess.org/xExxJgu7#51,
0VULI,1r3k2/5p1p/p1q2np1/2pp4/P4P2/2NP2PP/3BN2K/5Q2 w - - 0 25,f1f2 d5d4 e2d4 c5d4,1286,75,91,4098,advantage middlegame short,https://lichess.org/PJZxUHh9#49,
03rid,1r2r1k1/pp2qp2/2p1n2Q/2P3p1/6Pp/5B1P/P3PPK1/1R5R w - - 0 28,f3e4 e6f4 g2h2 e7e4,831,95,94,387,crushing discoveredAttack middlegame short,https://lichess.org/TR7gulEL#55,
0UlsI,6k1/1b3pPp/p7/3P2P1/1P3R2/4rB2/7r/1R3K2 w - - 1 40,b1c1 e3f3 f4f3 h2h1 f1e2 h1c1,1667,74,87,767,crushing endgame exposedKing long sacrifice skewer,https://lichess.org/s4tuRfch#79,
0CVgq,2r3k1/pp2n1p1/5p1p/4p2Q/2q5/P1N1P1P1/1P3PKP/3R4 w - - 2 26,d1d7 c4c6 h5f3 c6d7,1290,72,96,16102,crushing endgame fork short,https://lichess.org/NO7I8sni#51,
01xzs,r5k1/2R3pp/p7/4Pp2/1P3P2/4P3/1P3P1r/R4K2 w - - 1 28,c7c6 h2h1 f1g2 h1a1,695,85,97,539,advantage endgame rookEndgame short skewer,https://lichess.org/WlCe8061#55,
0DvPk,8/RP6/5pk1/1r5p/7P/8/7K/8 b - - 0 41,g6f5 a7a5 b5a5 b7b8q,1165,76,88,393,advancedPawn advantage deflection endgame pin promotion rookEndgame short,https://lichess.org/mLSxSMyC/black#82,
0Bh2G,1r5k/4b2p/p4pb1/P1N5/2pP3Q/2P5/4r3/5R1K w - - 5 43,f1e1 e2e1 h4e1 b8b1 e1b1 g6b1,1924,75,94,7411,crushing long master middlegame pin,https://lichess.org/NcIkkNKn#85,
05hFg,r2k3r/pppb2p1/3p1n1B/7q/2B5/2N2Q2/PPP2PPP/4R1K1 w - - 2 16,h6g7 h5h2 g1f1 h2h1 f1e2 h8e8 c3e4 e8e4,1592,75,100,149,advantage kingsideAttack middlegame veryLong,https://lichess.org/YJx6cyb7#31,Italian_Game Italian_Game_Rousseau_Gambit
02vTI,2k3r1/2p2pq1/p3p3/3p4/1PnP1P2/P1N1P3/4QKP1/R4R2 w - - 7 32,f1g1 g7g3 f2f1 c4e3 e2e3 g3e3,1138,76,100,201,advantage deflection long middlegame,https://lichess.org/lMIfcFKK#63,
0Dep4,3r2k1/5p2/p4Pp1/4N1P1/7R/1pP3n1/1P4P1/2K5 w - - 0 33,h4d4 g3e2 c1d2 e2d4,917,75,100,143,advantage endgame fork short,https://lichess.org/rVGbnZln#65,
0OLuo,r2q1rk1/1b1n2bp/1p1p1p2/pPpPp1pn/P1P1P2B/2NB1N2/5PPP/R2QR1K1 w - - 0 15,f3g5 f6g5 d1h5 g5h4,1200,76,95,7010,advantage middlegame short,https://lichess.org/tSKc2mvr#29,English_Defense English_Defense_Other_variations
0BiXY,1r4k1/2pq1pp1/3p3p/8/4Q1P1/1pP2P1P/1P6/2K1R3 b - - 0 26,g8f8 e4h7 f7f6 h7h8 f8f7 h8b8,1188,78,94,9993,crushing endgame long skewer,https://lichess.org/HKDPDt4T/black#52,
0AXOd,r7/3N1p1p/2p5/4pp2/Pbk5/5P2/2P1R1PP/6K1 b - - 1 30,a8a4 d7b6 c4b5 b6a4,1266,78,95,23481,crushing endgame fork short,https://lichess.org/Y0EaMBdY/black#60,
0V9aC,r1bq1b1r/pppp2pp/2nk1n2/3N1PBQ/3Pp3/8/PPP2PPP/R3KBNR w KQ - 8 8,c2c4 f6h5 g5d8 c6d8,1556,74,92,892,advantage opening short,https://lichess.org/wnzL5Hvq#15,Center_Game Center_Game_Other_variations
02Ht4,r1b2rk1/1pR3b1/3q2p1/1Q1Pp2p/4P2P/5p2/B4PP1/R4NK1 w - - 0 25,g2g3 d6c7 d5d6 a8a2 d6c7 a2a1,2512,101,91,2483,advantage hangingPiece long middlegame,https://lichess.org/B8bFeLSf#49,
0BNWh,1rb1Q3/pp1p1Npk/4p3/2P2p2/1P6/P6P/4qPPK/8 b - - 3 28,e2f2 e8h8 h7g6 f7e5 g6f6 e5g4 f5g4 h8f8 f6e5 f8f2,2063,75,93,533,advantage endgame sacrifice skewer veryLong,https://lichess.org/UdUm8XXt/black#56,
02CNX,8/5k2/1p4p1/1R4P1/r1K4P/8/8/8 w - - 11 58,c4d5 a4a5 b5a5 b6a5,1111,79,94,960,crushing endgame master pin rookEndgame short,https://lichess.org/hZdZypIJ#115,
06loL,r1b2rk1/4bppp/p2ppq2/1p6/4PP2/P2BB2P/1PPQN1P1/R6K b - - 5 19,f6b2 e3d4 b2a1 d4a1,1230,75,94,8883,advantage middlegame short trappedPiece,https://lichess.org/isEP5oHu/black#38,Sicilian_Defense Sicilian_Defense_Scheveningen_Variation
0FLSz,1n4r1/pQp3kp/4p3/1N1nN3/2PP4/8/PP4qP/1K5R w - - 0 23,h1c1 d5c3 b5c3 g2b7 c1g1 g7f8 g1g8 f8g8,1760,75,92,1737,crushing discoveredAttack middlegame veryLong,https://lichess.org/BlbhFhMb#45,
0H5IP,6r1/p1pk3p/2nppn2/4p3/1P2PP2/2PPQN1q/P5rP/R4R1K b - - 0 22,f6g4 f3e5 d6e5 e3h3,1163,80,92,8245,advantage discoveredAttack middlegame short,https://lichess.org/G89wRSRB/black#44,
03R4G,8/5p2/8/4kP2/6P1/p1RK4/P7/6r1 w - - 5 45,c3a3 g1g3 d3e2 g3a3,1058,82,90,1384,crushing endgame rookEndgame short skewer,https://lichess.org/XoDD5qqN#89,
0Ogp5,r4r1k/6pp/p2Q4/1p2R3/3P1pb1/2P3Pq/PP1N1P1P/R1B3K1 w - - 2 22,d6d5 f4f3 d2f3 g4f3 d5f3 f8f3,1280,75,92,4516,advantage long middlegame,https://lichess.org/auyZQMMo#43,
0SxCY,2rr2k1/4npp1/pq1p2p1/1p2p1Q1/8/P1NR3P/1PP2PP1/3R2K1 b - - 7 23,g8f8 g5e7 f8e7 c3d5 e7e6 d5b6,1695,75,95,12576,advantage attraction fork long middlegame sacrifice,https://lichess.org/m1ieev0Z/black#46,
0DSlw,6k1/1p3r2/8/1p1Q4/1P1PpP2/2P2q1P/P3RK2/2R5 w - - 1 46,f2e1 f3h1 e1d2 e4e3 e2e3 h1d5,1546,76,95,15574,advantage discoveredAttack endgame exposedKing long,https://lichess.org/QjcoR8cM#91,
00fZM,5rk1/1q3r1p/3p2RQ/3p4/3B4/2P2P2/P5PP/6K1 b - - 0 30,h7g6 h6h8,966,78,96,2516,endgame mate mateIn1 oneMove,https://lichess.org/F6b275RM/black#60,
0WLsN,2kr3r/ppp1nppp/4p3/3pPq2/5P2/2P1P3/PP4PP/R2QKB1R b KQ - 0 13,g7g5 f1d3 g5f4 d3f5,1373,81,92,102,advantage middlegame short trappedPiece,https://lichess.org/vnrSYfnT/black#26,Queens_Pawn_Game Queens_Pawn_Game_Accelerated_London_System
